loan_number,dpd,bucket,total_dues,total_loan_outstanding_amount,product_name,customer_type,never_worked,total_receipts,rejected_receipts,rejection_rate,partial_payment_rate,total_collected,last_payment_date,bounce_type,matured_overdue,risk_score,risk_tier
PR00376804,15.0,1,27538,300609,ME,Ever Bounce,True,0,0,0.0,0.0,0.0,,Ever Bounced,False,0.7,High
PR00405329,15.0,1,14312,432778,ME,Ever Bounce,True,0,0,0.0,0.0,0.0,,Ever Bounced,False,0.7,High
PR00413026,15.0,1,48784,1475709,ME,Ever Bounce,True,0,0,0.0,0.0,0.0,,Ever Bounced,False,0.7,High
PR00403487,15.0,1,29838,1000875,ME,Ever Bounce,True,0,0,0.0,0.0,0.0,,Ever Bounced,False,0.7,High
PR00420335,15.0,1,39189,751072,ME,Ever Bounce,True,0,0,0.0,0.0,0.0,,Ever Bounced,False,0.7,High
PR00423787,15.0,1,47835,827674,ME,Ever Bounce,True,0,0,0.0,0.0,0.0,,Ever Bounced,False,0.7,High
PR00427168,15.0,1,49501,862220,ME,Ever Bounce,True,0,0,0.0,0.0,0.0,,Ever Bounced,False,0.7,High
PR00428117,15.0,1,20772,11997,ME,Ever Bounce,True,0,0,0.0,0.0,0.0,,Ever Bounced,False,0.7,High
PR00432049,15.0,1,40338,1107125,ME,Ever Bounce,True,0,0,0.0,0.0,0.0,,Ever Bounced,False,0.7,High
PR00461572,15.0,1,20766,151937,ME,Ever Bounce,True,0,0,0.0,0.0,0.0,,Ever Bounced,False,0.7,High
PR00602165,15.0,1,26838,842472,ME,Ever Bounce,False,1,0,0.0,1.0,13419.0,2026-09-08 18:32:38,Ever Bounced,False,0.7,High
PR00913371,15.0,1,9206,366893,ME,Ever Bounce,False,1,0,0.0,1.0,4603.0,2026-09-08 18:35:59,Ever Bounced,False,0.7,High
PR00606023,15.0,1,24580,807209,ME,Ever Bounce,True,0,0,0.0,0.0,0.0,,Ever Bounced,False,0.7,High
PR00610785,15.0,1,27264,915009,ME,Ever Bounce,True,0,0,0.0,0.0,0.0,,Ever Bounced,False,0.7,High
PR00620920,15.0,1,52244,1944027,ME,Ever Bounce,True,0,0,0.0,0.0,0.0,,Ever Bounced,False,0.7,High
PR00621117,15.0,1,48506,1707219,ME,Ever Bounce,True,0,0,0.0,0.0,0.0,,Ever Bounced,False,0.7,High
PR00975618,15.0,1,1030,61183,ME,Ever Bounce,True,0,0,0.0,0.0,0.0,,Ever Bounced,False,0.7,High
PR00621266,15.0,1,103866,3412170,ME,Ever Bounce,True,0,0,0.0,0.0,0.0,,Ever Bounced,False,0.7,High
PR00924367,15.0,1,24508,716079,ME,Ever Bounce,True,0,0,0.0,0.0,0.0,,Ever Bounced,False,0.7,High
PR00864450,15.0,1,55256,1852253,ME,Ever Bounce,True,0,0,0.0,0.0,0.0,,Ever Bounced,False,0.7,High
PR00661126,15.0,1,53270,1800688,ME,Ever Bounce,False,1,0,0.0,1.0,26635.0,2026-09-05 14:16:45,Ever Bounced,False,0.7,High
PR00664110,15.0,1,39724,320809,ME,Ever Bounce,True,0,0,0.0,0.0,0.0,,Ever Bounced,False,0.7,High
PR00669885,15.0,1,23834,140652,ME,Ever Bounce,True,0,0,0.0,0.0,0.0,,Ever Bounced,False,0.7,High
PR00862460,15.0,1,122964,4544196,Co-Lending,Ever Bounce,True,0,0,0.0,0.0,0.0,,Ever Bounced,False,0.7,High
PR00888218,15.0,1,85098,3043063,ME,Ever Bounce,True,0,0,0.0,0.0,0.0,,Ever Bounced,False,0.7,High
PR00974605,15.0,1,18194,621420,ME,Ever Bounce,False,1,0,0.0,1.0,9097.0,2026-09-08 16:28:49,Ever Bounced,False,0.7,High
PR00860330,15.0,1,15896,256717,ME,Ever Bounce,True,0,0,0.0,0.0,0.0,,Ever Bounced,False,0.7,High
PR00990395,15.0,1,73772,2535429,ME,Ever Bounce,True,0,0,0.0,0.0,0.0,,Ever Bounced,False,0.7,High
PR00711478,15.0,1,15326,320324,ME,Ever Bounce,True,0,0,0.0,0.0,0.0,,Ever Bounced,False,0.7,High
PR00712134,15.0,1,26742,855891,ME,Ever Bounce,True,0,0,0.0,0.0,0.0,,Ever Bounced,False,0.7,High
PR00722441,15.0,1,22800,737069,ME,Ever Bounce,True,0,0,0.0,0.0,0.0,,Ever Bounced,False,0.7,High
PR01526310,15.0,1,13984,83132,ME,Ever Bounce,True,0,0,0.0,0.0,0.0,,Ever Bounced,False,0.7,High
PR01981145,15.0,1,20800,251668,ME,Ever Bounce,True,0,0,0.0,0.0,0.0,,Ever Bounced,False,0.7,High
PR00718866,15.0,1,50254,772831,Co-Lending,Ever Bounce,True,0,0,0.0,0.0,0.0,,Ever Bounced,False,0.7,High
PR00719150,15.0,1,28894,1114730,ME,Ever Bounce,True,0,0,0.0,0.0,0.0,,Ever Bounced,False,0.7,High
PR00719750,15.0,1,49046,185818,ME,Ever Bounce,True,0,0,0.0,0.0,0.0,,Ever Bounced,False,0.7,High
PR00721457,15.0,1,29298,858786,Co-Lending,Ever Bounce,True,0,0,0.0,0.0,0.0,,Ever Bounced,False,0.7,High
PR01274579,15.0,1,45682,1232909,Co-Lending,Ever Bounce,True,0,0,0.0,0.0,0.0,,Ever Bounced,False,0.7,High
PR00727411,15.0,1,20436,234433,SBL,Ever Bounce,True,0,0,0.0,0.0,0.0,,Ever Bounced,False,0.7,High
PR00728832,15.0,1,21546,92038,SBL,Ever Bounce,True,0,0,0.0,0.0,0.0,,Ever Bounced,False,0.7,High
PR00728855,15.0,1,31198,473007,ME,Ever Bounce,True,0,0,0.0,0.0,0.0,,Ever Bounced,False,0.7,High
PR00853873,15.0,1,1862,28261,ME,Ever Bounce,True,0,0,0.0,0.0,0.0,,Ever Bounced,False,0.7,High
PR00735722,15.0,1,36784,171244,SBL,Ever Bounce,True,0,0,0.0,0.0,0.0,,Ever Bounced,False,0.7,High
PR00736207,15.0,1,29032,978933,ME,Ever Bounce,False,1,0,0.0,1.0,14516.0,2026-09-15 18:41:27,Ever Bounced,False,0.7,High
PR00743908,15.0,1,29946,1005344,ME,Ever Bounce,True,0,0,0.0,0.0,0.0,,Ever Bounced,False,0.7,High
PR00745583,15.0,1,30198,158025,ME,Ever Bounce,True,0,0,0.0,0.0,0.0,,Ever Bounced,False,0.7,High
PR00745855,15.0,1,195766,6379211,ME,Ever Bounce,True,0,0,0.0,0.0,0.0,,Ever Bounced,False,0.7,High
PR00757381,15.0,1,23120,165583,ME,Ever Bounce,True,0,0,0.0,0.0,0.0,,Ever Bounced,False,0.7,High
PR00757390,15.0,1,17845,533792,Co-Lending,Ever Bounce,False,1,0,0.0,1.0,8923.0,2026-09-11 18:58:16,Ever Bounced,False,0.7,High
PR00758763,15.0,1,44958,255905,SBL,Ever Bounce,True,0,0,0.0,0.0,0.0,,Ever Bounced,False,0.7,High
PR01159401,15.0,1,35426,1283789,Co-Lending,Ever Bounce,True,0,0,0.0,0.0,0.0,,Ever Bounced,False,0.7,High
PR00815261,15.0,1,33720,294367,ME,Ever Bounce,True,0,0,0.0,0.0,0.0,,Ever Bounced,False,0.7,High
PR00816327,15.0,1,50376,1066900,ME,Ever Bounce,True,0,0,0.0,0.0,0.0,,Ever Bounced,False,0.7,High
PR00816555,15.0,1,25340,221284,ME,Ever Bounce,True,0,0,0.0,0.0,0.0,,Ever Bounced,False,0.7,High
PR00825542,15.0,1,45682,420161,ME,Ever Bounce,True,0,0,0.0,0.0,0.0,,Ever Bounced,False,0.7,High
PR00924695,15.0,1,17086,215040,ME,Ever Bounce,True,0,0,0.0,0.0,0.0,,Ever Bounced,False,0.7,High
PR00827462,15.0,1,41228,383688,ME,Ever Bounce,True,0,0,0.0,0.0,0.0,,Ever Bounced,False,0.7,High
PR00828071,15.0,1,52338,1841817,Co-Lending,Ever Bounce,True,0,0,0.0,0.0,0.0,,Ever Bounced,False,0.7,High
PR00837755,15.0,1,20436,10053,ME,Ever Bounce,True,0,0,0.0,0.0,0.0,,Ever Bounced,False,0.7,High
PR00848870,15.0,1,30332,301672,SBL,Ever Bounce,True,0,0,0.0,0.0,0.0,,Ever Bounced,False,0.7,High
PR00851097,15.0,1,34718,342899,SBL,Ever Bounce,True,0,0,0.0,0.0,0.0,,Ever Bounced,False,0.7,High
PR01315216,15.0,1,56936,2066594,Co-Lending,Ever Bounce,True,0,0,0.0,0.0,0.0,,Ever Bounced,False,0.7,High
PR00863231,15.0,1,39724,413682,SBL,Ever Bounce,True,0,0,0.0,0.0,0.0,,Ever Bounced,False,0.7,High
PR00864382,15.0,1,55896,1268407,ME,Ever Bounce,True,0,0,0.0,0.0,0.0,,Ever Bounced,False,0.7,High
PR00864714,15.0,1,27030,279427,SBL,Ever Bounce,False,1,0,0.0,1.0,13515.0,2026-09-10 16:59:54,Ever Bounced,False,0.7,High
PR01241352,15.0,1,9514,94595,ME,Ever Bounce,True,0,0,0.0,0.0,0.0,,Ever Bounced,False,0.7,High
PR00877776,15.0,1,31054,713040,ME,Ever Bounce,True,0,0,0.0,0.0,0.0,,Ever Bounced,False,0.7,High
PR00883771,15.0,1,20436,227050,SBL,Ever Bounce,True,0,0,0.0,0.0,0.0,,Ever Bounced,False,0.7,High
PR01042595,15.0,1,22246,246540,ME,Ever Bounce,True,0,0,0.0,0.0,0.0,,Ever Bounced,False,0.7,High
PR00883854,15.0,1,40872,454109,SBL,Ever Bounce,True,0,0,0.0,0.0,0.0,,Ever Bounced,False,0.7,High
PR01110605,15.0,1,13784,148294,ME,Ever Bounce,True,0,0,0.0,0.0,0.0,,Ever Bounced,False,0.7,High
PR00888652,15.0,1,50336,1145281,ME,Ever Bounce,True,0,0,0.0,0.0,0.0,,Ever Bounced,False,0.7,High
PR01124713,15.0,1,27988,954281,ME,Ever Bounce,True,0,0,0.0,0.0,0.0,,Ever Bounced,False,0.7,High
PR00901476,15.0,1,33494,762562,SBL,Ever Bounce,True,0,0,0.0,0.0,0.0,,Ever Bounced,False,0.7,High
PR00903408,15.0,1,12165,273892,SBL,Ever Bounce,True,0,0,0.0,0.0,0.0,,Ever Bounced,False,0.7,High
PR00921759,15.0,1,17380,395064,ME,Ever Bounce,True,0,0,0.0,0.0,0.0,,Ever Bounced,False,0.7,High
PR01198645,15.0,1,22246,546644,ME,Ever Bounce,False,2,0,0.0,1.0,11123.0,2026-09-15 12:52:12,Ever Bounced,False,0.7,High
PR00910220,15.0,1,27874,640993,ME,Ever Bounce,True,0,0,0.0,0.0,0.0,,Ever Bounced,False,0.7,High
PR00910864,15.0,1,18740,219266,Micro Loan,Ever Bounce,True,0,0,0.0,0.0,0.0,,Ever Bounced,False,0.7,High
PR00911261,15.0,1,25222,305537,SBL,Ever Bounce,True,0,0,0.0,0.0,0.0,,Ever Bounced,False,0.7,High
PR00911595,15.0,1,28190,53016,Micro Loan,Ever Bounce,True,0,0,0.0,0.0,0.0,,Ever Bounced,False,0.7,High
PR01157409,15.0,1,45898,1163596,ME,Ever Bounce,True,0,0,0.0,0.0,0.0,,Ever Bounced,False,0.7,High
PR00921746,15.0,1,34840,809243,SBL,Ever Bounce,True,0,0,0.0,0.0,0.0,,Ever Bounced,False,0.7,High
PR01225044,15.0,1,40204,998735,ME,Ever Bounce,True,0,0,0.0,0.0,0.0,,Ever Bounced,False,0.7,High
PR00923142,15.0,1,37072,1356922,ME,Ever Bounce,True,0,0,0.0,0.0,0.0,,Ever Bounced,False,0.7,High
PR00948456,15.0,1,4682,172618,ME,Ever Bounce,True,0,0,0.0,0.0,0.0,,Ever Bounced,False,0.7,High
PR00923983,15.0,1,10088,244435,Home Loan,Ever Bounce,True,0,0,0.0,0.0,0.0,,Ever Bounced,False,0.7,High
PR00994713,15.0,1,3321,85257,Home Loan,Ever Bounce,True,0,0,0.0,0.0,0.0,,Ever Bounced,False,0.7,High
PR00924132,15.0,1,48702,1590887,ME,Ever Bounce,True,0,0,0.0,0.0,0.0,,Ever Bounced,False,0.7,High
PR00929932,15.0,1,37262,913591,ME,Ever Bounce,False,1,0,0.0,1.0,18602.0,2026-09-03 11:15:08,Ever Bounced,False,0.7,High
PR00932826,15.0,1,32348,793066,ME,Ever Bounce,True,0,0,0.0,0.0,0.0,,Ever Bounced,False,0.7,High
PR01110724,15.0,1,24770,630212,ME,Ever Bounce,True,0,0,0.0,0.0,0.0,,Ever Bounced,False,0.7,High
PR00933742,15.0,1,19154,449155,SBL,Ever Bounce,True,0,0,0.0,0.0,0.0,,Ever Bounced,False,0.7,High
PR01075515,15.0,1,67006,1696972,ME,Ever Bounce,True,0,0,0.0,0.0,0.0,,Ever Bounced,False,0.7,High
PR00936075,15.0,1,34700,1226170,ME,Ever Bounce,False,1,0,0.0,1.0,17350.0,2026-09-02 10:44:40,Ever Bounced,False,0.7,High
PR00936326,15.0,1,25768,318003,Micro Loan,Ever Bounce,True,0,0,0.0,0.0,0.0,,Ever Bounced,False,0.7,High
PR00936787,15.0,1,36037,809308,ME,Ever Bounce,True,0,0,0.0,0.0,0.0,,Ever Bounced,False,0.7,High
PR00947777,15.0,1,26634,944485,ME,Ever Bounce,True,0,0,0.0,0.0,0.0,,Ever Bounced,False,0.7,High
PR00948394,15.0,1,23452,555226,Micro Loan,Ever Bounce,False,1,0,0.0,1.0,11726.0,2026-09-05 18:19:36,Ever Bounced,False,0.7,High
PR00948550,15.0,1,34078,453030,SBL,Ever Bounce,True,0,0,0.0,0.0,0.0,,Ever Bounced,False,0.7,High
PR00948958,15.0,1,53270,702858,SBL,Ever Bounce,True,0,0,0.0,0.0,0.0,,Ever Bounced,False,0.7,High
PR00949491,15.0,1,17898,633600,Home Loan,Ever Bounce,True,0,0,0.0,0.0,0.0,,Ever Bounced,False,0.7,High
PR01188778,15.0,1,26633,917057,Co-Lending,Ever Bounce,True,0,0,0.0,0.0,0.0,,Ever Bounced,False,0.7,High
PR01159871,15.0,1,34115,1210010,Co-Lending,Ever Bounce,True,0,0,0.0,0.0,0.0,,Ever Bounced,False,0.7,High
PR00960035,15.0,1,39951,1421575,ME,Ever Bounce,True,0,0,0.0,0.0,0.0,,Ever Bounced,False,0.7,High
PR01140062,15.0,1,13604,466424,ME,Ever Bounce,True,0,0,0.0,0.0,0.0,,Ever Bounced,False,0.7,High
PR00960652,15.0,1,21737,543640,ME,Ever Bounce,True,0,0,0.0,0.0,0.0,,Ever Bounced,False,0.7,High
PR00960880,15.0,1,28610,244054,SBL,Ever Bounce,True,0,0,0.0,0.0,0.0,,Ever Bounced,False,0.7,High
PR00961096,15.0,1,30654,418131,SBL,Ever Bounce,True,0,0,0.0,0.0,0.0,,Ever Bounced,False,0.7,High
PR00961495,15.0,1,39952,1421575,ME,Ever Bounce,True,0,0,0.0,0.0,0.0,,Ever Bounced,False,0.7,High
PR00990424,15.0,1,46610,1669778,ME,Ever Bounce,True,0,0,0.0,0.0,0.0,,Ever Bounced,False,0.7,High
PR00971375,15.0,1,50384,697725,SBL,Ever Bounce,True,0,0,0.0,0.0,0.0,,Ever Bounced,False,0.7,High
PR01190667,15.0,1,34676,372021,ME,Ever Bounce,True,0,0,0.0,0.0,0.0,,Ever Bounced,False,0.7,High
PR00974169,15.0,1,18666,439984,Micro Loan,Ever Bounce,True,0,0,0.0,0.0,0.0,,Ever Bounced,False,0.7,High
PR01242163,15.0,1,41418,1006982,ME,Ever Bounce,True,0,0,0.0,0.0,0.0,,Ever Bounced,False,0.7,High
PR00974566,15.0,1,42848,619325,ME,Ever Bounce,True,0,0,0.0,0.0,0.0,,Ever Bounced,False,0.7,High
PR00974627,15.0,1,16396,386529,SBL,Ever Bounce,True,0,0,0.0,0.0,0.0,,Ever Bounced,False,0.7,High
PR01023582,15.0,1,9564,230835,SBL,Ever Bounce,True,0,0,0.0,0.0,0.0,,Ever Bounced,False,0.7,High
PR00974645,15.0,1,25930,354820,Micro Loan,Ever Bounce,False,1,0,0.0,1.0,12965.0,2026-09-15 10:52:13,Ever Bounced,False,0.7,High
PR00975925,15.0,1,21748,536589,SBL,Ever Bounce,True,0,0,0.0,0.0,0.0,,Ever Bounced,False,0.7,High
PR01226878,15.0,1,49450,1300562,ME,Ever Bounce,True,0,0,0.0,0.0,0.0,,Ever Bounced,False,0.7,High
PR00976139,15.0,1,40270,993488,ME,Ever Bounce,True,0,0,0.0,0.0,0.0,,Ever Bounced,False,0.7,High
PR00982951,15.0,1,28610,409706,SBL,Ever Bounce,True,0,0,0.0,0.0,0.0,,Ever Bounced,False,0.7,High
PR00988557,15.0,1,32796,444521,Micro Loan,Ever Bounce,True,0,0,0.0,0.0,0.0,,Ever Bounced,False,0.7,High
PR00989379,15.0,1,31976,442947,SBL,Ever Bounce,True,0,0,0.0,0.0,0.0,,Ever Bounced,False,0.7,High
PR00990068,15.0,1,38288,976117,ME,Ever Bounce,True,0,0,0.0,0.0,0.0,,Ever Bounced,False,0.7,High
PR01567138,15.0,1,8770,58896,ME,Ever Bounce,True,0,0,0.0,0.0,0.0,,Ever Bounced,False,0.7,High
PR00990178,15.0,1,39164,1402872,ME,Ever Bounce,True,0,0,0.0,0.0,0.0,,Ever Bounced,False,0.7,High
PR02015868,15.0,1,52194,2090583,Co-Lending,Ever Bounce,True,0,0,0.0,0.0,0.0,,Ever Bounced,False,0.7,High
PR00991375,15.0,1,20656,299182,Micro Loan,Ever Bounce,False,1,0,0.0,1.0,10328.0,2026-09-11 10:40:26,Ever Bounced,False,0.7,High
PR00991491,15.0,1,33502,815071,SBL,Ever Bounce,False,1,0,0.0,1.0,16751.0,2026-09-04 11:13:03,Ever Bounced,False,0.7,High
PR00991555,15.0,1,33558,835591,SBL,Ever Bounce,True,0,0,0.0,0.0,0.0,,Ever Bounced,False,0.7,High
PR00991679,15.0,1,32698,468200,SBL,Ever Bounce,True,0,0,0.0,0.0,0.0,,Ever Bounced,False,0.7,High
PR00992468,15.0,1,51528,1253545,ME,Ever Bounce,True,0,0,0.0,0.0,0.0,,Ever Bounced,False,0.7,High
PR00992776,15.0,1,29156,634329,Micro Loan,Ever Bounce,True,0,0,0.0,0.0,0.0,,Ever Bounced,False,0.7,High
PR00992874,15.0,1,33502,815071,Micro Loan,Ever Bounce,False,1,0,0.0,1.0,16751.0,2026-09-14 11:33:38,Ever Bounced,False,0.7,High
PR00993126,15.0,1,54336,1946311,ME,Ever Bounce,True,0,0,0.0,0.0,0.0,,Ever Bounced,False,0.7,High
PR00993131,15.0,1,30252,771208,ME,Ever Bounce,True,0,0,0.0,0.0,0.0,,Ever Bounced,False,0.7,High
PR01056391,15.0,1,12602,332637,ME,Ever Bounce,True,0,0,0.0,0.0,0.0,,Ever Bounced,False,0.7,High
PR00993132,15.0,1,28112,380962,SBL,Ever Bounce,False,1,0,0.0,1.0,14056.0,2026-09-16 19:29:12,Ever Bounced,False,0.7,High
PR01356262,15.0,1,45280,1595897,ME,Ever Bounce,True,0,0,0.0,0.0,0.0,,Ever Bounced,False,0.7,High
PR01005251,15.0,1,24122,591168,SBL,Ever Bounce,False,1,0,0.0,1.0,12061.0,2026-09-10 11:46:45,Ever Bounced,False,0.7,High
PR01334761,15.0,1,69694,1746569,ME,Ever Bounce,True,0,0,0.0,0.0,0.0,,Ever Bounced,False,0.7,High
PR01005886,15.0,1,25444,609224,ME,Ever Bounce,True,0,0,0.0,0.0,0.0,,Ever Bounced,False,0.7,High
PR01241635,15.0,1,54056,1278194,ME,Ever Bounce,True,0,0,0.0,0.0,0.0,,Ever Bounced,False,0.7,High
PR01006705,15.0,1,29040,728710,SBL,Ever Bounce,True,0,0,0.0,0.0,0.0,,Ever Bounced,False,0.7,High
PR01006804,15.0,1,30454,420697,Micro Loan,Ever Bounce,True,0,0,0.0,0.0,0.0,,Ever Bounced,False,0.7,High
PR01208880,15.0,1,51692,1305516,ME,Ever Bounce,True,0,0,0.0,0.0,0.0,,Ever Bounced,False,0.7,High
PR01007042,15.0,1,35894,879654,SBL,Ever Bounce,True,0,0,0.0,0.0,0.0,,Ever Bounced,False,0.7,High
PR01007173,15.0,1,26131,361094,Micro Loan,Ever Bounce,True,0,0,0.0,0.0,0.0,,Ever Bounced,False,0.7,High
PR01007445,15.0,1,27718,995092,ME,Ever Bounce,True,0,0,0.0,0.0,0.0,,Ever Bounced,False,0.7,High
PR01007809,15.0,1,34000,497219,SBL,Ever Bounce,True,0,0,0.0,0.0,0.0,,Ever Bounced,False,0.7,High
PR01020554,15.0,1,26802,662431,ME,Ever Bounce,True,0,0,0.0,0.0,0.0,,Ever Bounced,False,0.7,High
PR01296981,15.0,1,12612,303604,ME,Ever Bounce,True,0,0,0.0,0.0,0.0,,Ever Bounced,False,0.7,High
PR01244680,15.0,1,50618,1827644,ME,Ever Bounce,True,0,0,0.0,0.0,0.0,,Ever Bounced,False,0.7,High
PR01023388,15.0,1,30602,452103,ME,Ever Bounce,True,0,0,0.0,0.0,0.0,,Ever Bounced,False,0.7,High
PR01301277,15.0,1,11498,276763,ME,Ever Bounce,True,0,0,0.0,0.0,0.0,,Ever Bounced,False,0.7,High
PR01023587,15.0,1,33916,1045390,ME,Ever Bounce,True,0,0,0.0,0.0,0.0,,Ever Bounced,False,0.7,High
PR01051411,15.0,1,9198,286695,ME,Ever Bounce,True,0,0,0.0,0.0,0.0,,Ever Bounced,False,0.7,High
PR01223720,15.0,1,6134,163817,ME,Ever Bounce,True,0,0,0.0,0.0,0.0,,Ever Bounced,False,0.7,High
PR01024213,15.0,1,19812,478316,SBL,Ever Bounce,True,0,0,0.0,0.0,0.0,,Ever Bounced,False,0.7,High
PR01024512,15.0,1,31788,475314,SBL,Ever Bounce,True,0,0,0.0,0.0,0.0,,Ever Bounced,False,0.7,High
PR01024694,15.0,1,49594,1872940,Co-Lending,Ever Bounce,True,0,0,0.0,0.0,0.0,,Ever Bounced,False,0.7,High
PR01072331,15.0,1,11894,455620,Co-Lending,Ever Bounce,False,1,0,0.0,1.0,5947.0,2026-09-15 19:41:50,Ever Bounced,False,0.7,High
PR01025459,15.0,1,24368,343593,Micro Loan,Ever Bounce,True,0,0,0.0,0.0,0.0,,Ever Bounced,False,0.7,High
PR01034467,15.0,1,18754,651325,ME,Ever Bounce,True,0,0,0.0,0.0,0.0,,Ever Bounced,False,0.7,High
PR01873129,15.0,1,12848,237736,ME,Ever Bounce,True,0,0,0.0,0.0,0.0,,Ever Bounced,False,0.7,High
PR01353002,15.0,1,40016,1127694,Co-Lending,Ever Bounce,True,0,0,0.0,0.0,0.0,,Ever Bounced,False,0.7,High
PR01042090,15.0,1,21534,418899,SBL,Ever Bounce,False,1,0,0.0,1.0,10767.0,2026-09-15 11:05:39,Ever Bounced,False,0.7,High
PR01074545,15.0,1,7178,143788,ME,Ever Bounce,False,1,0,0.0,1.0,3589.0,2026-09-15 11:24:46,Ever Bounced,False,0.7,High
PR01042098,15.0,1,40370,1056236,ME,Ever Bounce,True,0,0,0.0,0.0,0.0,,Ever Bounced,False,0.7,High
PR01043191,15.0,1,20084,436995,SBL,Ever Bounce,True,0,0,0.0,0.0,0.0,,Ever Bounced,False,0.7,High
PR01141958,15.0,1,16542,395279,Micro Loan,Ever Bounce,True,0,0,0.0,0.0,0.0,,Ever Bounced,False,0.7,High
PR01043385,15.0,1,46644,1685403,ME,Ever Bounce,True,0,0,0.0,0.0,0.0,,Ever Bounced,False,0.7,High
PR01043776,15.0,1,21622,513973,Micro Loan,Ever Bounce,True,0,0,0.0,0.0,0.0,,Ever Bounced,False,0.7,High
PR01044030,15.0,1,29832,428953,Micro Loan,Ever Bounce,True,0,0,0.0,0.0,0.0,,Ever Bounced,False,0.7,High
PR01044038,15.0,1,21622,513937,ME,Ever Bounce,False,1,0,0.0,1.0,10811.0,2026-09-01 00:02:45,Ever Bounced,False,0.7,High
PR01189525,15.0,1,34526,878008,ME,Ever Bounce,True,0,0,0.0,0.0,0.0,,Ever Bounced,False,0.7,High
PR01593884,15.0,1,33880,963921,ME,Ever Bounce,True,0,0,0.0,0.0,0.0,,Ever Bounced,False,0.7,High
PR01044376,15.0,1,18740,445405,SBL,Ever Bounce,False,1,0,0.0,1.0,9370.0,2026-09-15 18:27:43,Ever Bounced,False,0.7,High
PR01206040,15.0,1,16216,387664,ME,Ever Bounce,True,0,0,0.0,0.0,0.0,,Ever Bounced,False,0.7,High
PR01044393,15.0,1,42835,1122262,ME,Ever Bounce,True,0,0,0.0,0.0,0.0,,Ever Bounced,False,0.7,High
PR01044471,15.0,1,15306,220096,Micro Loan,Ever Bounce,True,0,0,0.0,0.0,0.0,,Ever Bounced,False,0.7,High
PR01044473,15.0,1,27376,670086,SBL,Ever Bounce,True,0,0,0.0,0.0,0.0,,Ever Bounced,False,0.7,High
PR01044474,15.0,1,8174,124882,SBL,Ever Bounce,True,0,0,0.0,0.0,0.0,,Ever Bounced,False,0.7,High
PR01094298,15.0,1,20436,316822,ME,Ever Bounce,True,0,0,0.0,0.0,0.0,,Ever Bounced,False,0.7,High
PR01044556,15.0,1,25696,625327,SBL,Ever Bounce,True,0,0,0.0,0.0,0.0,,Ever Bounced,False,0.7,High
PR01045532,15.0,1,49196,364046,Micro Loan,Ever Bounce,True,0,0,0.0,0.0,0.0,,Ever Bounced,False,0.7,High
PR01057127,15.0,1,28830,690444,SBL,Ever Bounce,True,0,0,0.0,0.0,0.0,,Ever Bounced,False,0.7,High
PR01057577,15.0,1,28642,32501,SBL,Ever Bounce,True,0,0,0.0,0.0,0.0,,Ever Bounced,False,0.7,High
PR01058453,15.0,1,28914,709255,SBL,Ever Bounce,True,0,0,0.0,0.0,0.0,,Ever Bounced,False,0.7,High
PR01058511,15.0,1,29198,716166,SBL,Ever Bounce,True,0,0,0.0,0.0,0.0,,Ever Bounced,False,0.7,High
PR01058583,15.0,1,30454,446270,Micro Loan,Ever Bounce,False,1,0,0.0,1.0,15227.0,2026-09-09 17:31:54,Ever Bounced,False,0.7,High
PR01336245,15.0,1,27028,657883,ME,Ever Bounce,True,0,0,0.0,0.0,0.0,,Ever Bounced,False,0.7,High
PR01059044,15.0,1,33502,841792,SBL,Ever Bounce,True,0,0,0.0,0.0,0.0,,Ever Bounced,False,0.7,High
PR01059093,15.0,1,16752,420884,ME,Ever Bounce,True,0,0,0.0,0.0,0.0,,Ever Bounced,False,0.7,High
PR01110637,15.0,1,13402,332258,ME,Ever Bounce,True,0,0,0.0,0.0,0.0,,Ever Bounced,False,0.7,High
PR01059150,15.0,1,21926,321340,Micro Loan,Ever Bounce,True,0,0,0.0,0.0,0.0,,Ever Bounced,False,0.7,High
PR01059171,15.0,1,35802,878117,SBL,Ever Bounce,True,0,0,0.0,0.0,0.0,,Ever Bounced,False,0.7,High
PR01297609,15.0,1,18460,421426,ME,Ever Bounce,True,0,0,0.0,0.0,0.0,,Ever Bounced,False,0.7,High
PR01059199,15.0,1,20670,451575,Micro Loan,Ever Bounce,True,0,0,0.0,0.0,0.0,,Ever Bounced,False,0.7,High
PR01059231,15.0,1,24332,596759,SBL,Ever Bounce,False,1,0,0.0,1.0,12166.0,2026-09-15 18:49:54,Ever Bounced,False,0.7,High
PR01070303,15.0,1,27600,491443,Micro Loan,Ever Bounce,True,0,0,0.0,0.0,0.0,,Ever Bounced,False,0.7,High
PR01072865,15.0,1,26142,630692,SBL,Ever Bounce,True,0,0,0.0,0.0,0.0,,Ever Bounced,False,0.7,High
PR01073239,15.0,1,26054,628671,SBL,Ever Bounce,True,0,0,0.0,0.0,0.0,,Ever Bounced,False,0.7,High
PR01300848,15.0,1,59092,1448832,Co-Lending,Ever Bounce,True,0,0,0.0,0.0,0.0,,Ever Bounced,False,0.7,High
PR01073683,15.0,1,41712,1030904,SBL,Ever Bounce,False,2,0,0.0,1.0,20856.0,2026-09-11 12:24:29,Ever Bounced,False,0.7,High
PR01073729,15.0,1,40204,1018174,SBL,Ever Bounce,True,0,0,0.0,0.0,0.0,,Ever Bounced,False,0.7,High
PR01073929,15.0,1,36498,902043,ME,Ever Bounce,True,0,0,0.0,0.0,0.0,,Ever Bounced,False,0.7,High
PR01074689,15.0,1,35178,890918,SBL,Ever Bounce,True,0,0,0.0,0.0,0.0,,Ever Bounced,False,0.7,High
PR01075130,15.0,1,46168,59597,SBL,Ever Bounce,True,0,0,0.0,0.0,0.0,,Ever Bounced,False,0.7,High
PR01075529,15.0,1,8694,231501,ME,Ever Bounce,True,0,0,0.0,0.0,0.0,,Ever Bounced,False,0.7,High
PR01075605,15.0,1,48400,1256547,ME,Ever Bounce,False,1,0,0.0,1.0,24200.0,2026-09-09 10:59:57,Ever Bounced,False,0.7,High
PR01075607,15.0,1,21084,314624,Micro Loan,Ever Bounce,True,0,0,0.0,0.0,0.0,,Ever Bounced,False,0.7,High
PR01075636,15.0,1,26634,968518,ME,Ever Bounce,True,0,0,0.0,0.0,0.0,,Ever Bounced,False,0.7,High
PR01075637,15.0,1,53140,2013309,ME,Ever Bounce,True,0,0,0.0,0.0,0.0,,Ever Bounced,False,0.7,High
PR01523840,15.0,1,41988,1440631,ME,Ever Bounce,True,0,0,0.0,0.0,0.0,,Ever Bounced,False,0.7,High
PR01247304,15.0,1,38236,935488,SBL,Ever Bounce,True,0,0,0.0,0.0,0.0,,Ever Bounced,False,0.7,High
PR01075703,15.0,1,43164,1066803,SBL,Ever Bounce,True,0,0,0.0,0.0,0.0,,Ever Bounced,False,0.7,High
PR01075726,15.0,1,29434,727467,SBL,Ever Bounce,True,0,0,0.0,0.0,0.0,,Ever Bounced,False,0.7,High
PR02015695,15.0,1,23968,486194,SBL,Ever Bounce,True,0,0,0.0,0.0,0.0,,Ever Bounced,False,0.7,High
PR01075833,15.0,1,36098,892138,SBL,Ever Bounce,True,0,0,0.0,0.0,0.0,,Ever Bounced,False,0.7,High
PR01126772,15.0,1,15396,524845,ME,Ever Bounce,True,0,0,0.0,0.0,0.0,,Ever Bounced,False,0.7,High
PR01076221,15.0,1,38280,1005236,SBL,Ever Bounce,False,1,0,0.0,1.0,19360.0,2026-09-16 12:01:59,Ever Bounced,False,0.7,High
PR01076296,15.0,1,20238,465828,Micro Loan,Ever Bounce,True,0,0,0.0,0.0,0.0,,Ever Bounced,False,0.7,High
PR01076404,15.0,1,60732,2327283,Co-Lending,Ever Bounce,True,0,0,0.0,0.0,0.0,,Ever Bounced,False,0.7,High
PR01076422,15.0,1,29964,722964,ME,Ever Bounce,True,0,0,0.0,0.0,0.0,,Ever Bounced,False,0.7,High
PR01076796,15.0,1,27286,451616,ME,Ever Bounce,True,0,0,0.0,0.0,0.0,,Ever Bounced,False,0.7,High
PR01076815,15.0,1,28825,695584,SBL,Ever Bounce,False,1,0,0.0,1.0,14420.0,2026-09-15 13:25:25,Ever Bounced,False,0.7,High
PR01089652,15.0,1,20152,287791,ME,Ever Bounce,True,0,0,0.0,0.0,0.0,,Ever Bounced,False,0.7,High
PR01090537,15.0,1,29694,694963,SBL,Ever Bounce,True,0,0,0.0,0.0,0.0,,Ever Bounced,False,0.7,High
PR01090692,15.0,1,27618,186647,Micro Loan,Ever Bounce,True,0,0,0.0,0.0,0.0,,Ever Bounced,False,0.7,High
PR01090715,15.0,1,53546,1284670,ME,Ever Bounce,True,0,0,0.0,0.0,0.0,,Ever Bounced,False,0.7,High
PR01091909,15.0,1,29691,694926,SBL,Ever Bounce,False,1,0,0.0,1.0,14847.0,2026-09-15 19:35:44,Ever Bounced,False,0.7,High
PR01092084,15.0,1,32076,1221931,ME,Ever Bounce,True,0,0,0.0,0.0,0.0,,Ever Bounced,False,0.7,High
PR01118139,15.0,1,23532,572998,ME,Ever Bounce,True,0,0,0.0,0.0,0.0,,Ever Bounced,False,0.7,High
PR01092552,15.0,1,34760,833916,SBL,Ever Bounce,True,0,0,0.0,0.0,0.0,,Ever Bounced,False,0.7,High
PR01355479,15.0,1,38720,1036147,ME,Ever Bounce,True,0,0,0.0,0.0,0.0,,Ever Bounced,False,0.7,High
PR01092840,15.0,1,28738,615082,Micro Loan,Ever Bounce,True,0,0,0.0,0.0,0.0,,Ever Bounced,False,0.7,High
PR01092881,15.0,1,90882,3340705,Co-Lending,Ever Bounce,True,0,0,0.0,0.0,0.0,,Ever Bounced,False,0.7,High
PR01092955,15.0,1,28830,674662,SBL,Ever Bounce,True,0,0,0.0,0.0,0.0,,Ever Bounced,False,0.7,High
PR01093146,15.0,1,35502,858955,ME,Ever Bounce,True,0,0,0.0,0.0,0.0,,Ever Bounced,False,0.7,High
PR01093185,15.0,1,10764,251930,SBL,Ever Bounce,True,0,0,0.0,0.0,0.0,,Ever Bounced,False,0.7,High
PR01141688,15.0,1,17594,420559,ME,Ever Bounce,True,0,0,0.0,0.0,0.0,,Ever Bounced,False,0.7,High
PR01093212,15.0,1,32190,1091274,ME,Ever Bounce,True,0,0,0.0,0.0,0.0,,Ever Bounced,False,0.7,High
PR01110387,15.0,1,12596,428241,ME,Ever Bounce,True,0,0,0.0,0.0,0.0,,Ever Bounced,False,0.7,High
PR01260647,15.0,1,40204,1012039,ME,Ever Bounce,True,0,0,0.0,0.0,0.0,,Ever Bounced,False,0.7,High
PR01093790,15.0,1,41988,1423330,ME,Ever Bounce,True,0,0,0.0,0.0,0.0,,Ever Bounced,False,0.7,High
PR01386198,15.0,1,13992,474051,ME,Ever Bounce,True,0,0,0.0,0.0,0.0,,Ever Bounced,False,0.7,High
PR01093931,15.0,1,25226,590365,SBL,Ever Bounce,True,0,0,0.0,0.0,0.0,,Ever Bounced,False,0.7,High
PR01094031,15.0,1,32347,1131176,ME,Ever Bounce,True,0,0,0.0,0.0,0.0,,Ever Bounced,False,0.7,High
PR01094095,15.0,1,17348,588357,ME,Ever Bounce,True,0,0,0.0,0.0,0.0,,Ever Bounced,False,0.7,High
PR01110622,15.0,1,10632,361643,ME,Ever Bounce,True,0,0,0.0,0.0,0.0,,Ever Bounced,False,0.7,High
PR01407277,15.0,1,25262,628036,ME,Ever Bounce,True,0,0,0.0,0.0,0.0,,Ever Bounced,False,0.7,High
PR01316781,15.0,1,39640,959569,ME,Ever Bounce,False,1,0,0.0,1.0,19820.0,2026-09-11 20:03:06,Ever Bounced,False,0.7,High
PR01108132,15.0,1,28850,419292,Micro Loan,Ever Bounce,True,0,0,0.0,0.0,0.0,,Ever Bounced,False,0.7,High
PR01108138,15.0,1,54108,1307891,ME,Ever Bounce,True,0,0,0.0,0.0,0.0,,Ever Bounced,False,0.7,High
PR01109750,15.0,1,36007,849453,SBL,Ever Bounce,True,0,0,0.0,0.0,0.0,,Ever Bounced,False,0.7,High
PR01335721,15.0,1,28830,701738,ME,Ever Bounce,True,0,0,0.0,0.0,0.0,,Ever Bounced,False,0.7,High
PR01316363,15.0,1,53140,1928827,Co-Lending,Ever Bounce,True,0,0,0.0,0.0,0.0,,Ever Bounced,False,0.7,High
PR01110633,15.0,1,16834,244541,Micro Loan,Ever Bounce,False,1,0,0.0,1.0,8417.0,2026-09-08 16:48:41,Ever Bounced,False,0.7,High
PR01110694,15.0,1,42076,218484,SBL,Ever Bounce,False,1,0,0.0,1.0,21038.0,2026-09-17 12:07:54,Ever Bounced,False,0.7,High
PR01110792,15.0,1,44680,1053116,ME,Ever Bounce,True,0,0,0.0,0.0,0.0,,Ever Bounced,False,0.7,High
PR01111022,15.0,1,40204,996867,SBL,Ever Bounce,False,1,0,0.0,1.0,20102.0,2026-09-10 14:54:56,Ever Bounced,False,0.7,High
PR01111115,15.0,1,27028,637101,SBL,Ever Bounce,True,0,0,0.0,0.0,0.0,,Ever Bounced,False,0.7,High
PR01111234,15.0,1,16494,352802,Micro Loan,Ever Bounce,True,0,0,0.0,0.0,0.0,,Ever Bounced,False,0.7,High
PR01111254,15.0,1,28931,618907,Micro Loan,Ever Bounce,True,0,0,0.0,0.0,0.0,,Ever Bounced,False,0.7,High
PR01111529,15.0,1,39764,961252,SBL,Ever Bounce,True,0,0,0.0,0.0,0.0,,Ever Bounced,False,0.7,High
PR01111570,15.0,1,39626,957855,SBL,Ever Bounce,False,1,0,0.0,1.0,19813.0,2026-09-07 12:36:10,Ever Bounced,False,0.7,High
PR01120373,15.0,1,37298,885280,SBL,Ever Bounce,True,0,0,0.0,0.0,0.0,,Ever Bounced,False,0.7,High
PR01120570,15.0,1,15390,227277,Micro Loan,Ever Bounce,True,0,0,0.0,0.0,0.0,,Ever Bounced,False,0.7,High
PR01157354,15.0,1,32434,780347,ME,Ever Bounce,True,0,0,0.0,0.0,0.0,,Ever Bounced,False,0.7,High
PR01124743,15.0,1,23426,350825,Micro Loan,Ever Bounce,False,1,0,0.0,1.0,11713.0,2026-09-08 08:03:22,Ever Bounced,False,0.7,High
PR01124917,15.0,1,29688,704897,ME,Ever Bounce,False,1,0,0.0,1.0,14847.0,2026-09-10 15:38:11,Ever Bounced,False,0.7,High
PR01125047,15.0,1,31088,94873,Micro Loan,Ever Bounce,False,1,0,0.0,1.0,15544.0,2026-09-11 15:19:23,Ever Bounced,False,0.7,High
PR01315985,15.0,1,48080,1745108,Co-Lending,Ever Bounce,True,0,0,0.0,0.0,0.0,,Ever Bounced,False,0.7,High
PR01125603,15.0,1,62106,1635415,ME,Ever Bounce,True,0,0,0.0,0.0,0.0,,Ever Bounced,False,0.7,High
PR01125891,15.0,1,17964,386481,Micro Loan,Ever Bounce,True,0,0,0.0,0.0,0.0,,Ever Bounced,False,0.7,High
PR01126259,15.0,1,42474,1021006,SBL,Ever Bounce,True,0,0,0.0,0.0,0.0,,Ever Bounced,False,0.7,High
PR01299756,15.0,1,55670,2016812,Co-Lending,Ever Bounce,True,0,0,0.0,0.0,0.0,,Ever Bounced,False,0.7,High
PR01126556,15.0,1,8574,4203,Micro Loan,Ever Bounce,True,0,0,0.0,0.0,0.0,,Ever Bounced,False,0.7,High
PR01126780,15.0,1,43006,1046961,SBL,Ever Bounce,True,0,0,0.0,0.0,0.0,,Ever Bounced,False,0.7,High
PR01299852,15.0,1,43388,1452499,ME,Ever Bounce,False,1,0,0.0,1.0,21694.0,2026-09-12 17:54:47,Ever Bounced,False,0.7,High
PR01126927,15.0,1,27028,641493,SBL,Ever Bounce,True,0,0,0.0,0.0,0.0,,Ever Bounced,False,0.7,High
PR01127016,15.0,1,56676,1294491,ME,Ever Bounce,True,0,0,0.0,0.0,0.0,,Ever Bounced,False,0.7,High
PR01127285,15.0,1,37118,880937,SBL,Ever Bounce,True,0,0,0.0,0.0,0.0,,Ever Bounced,False,0.7,High
PR01127304,15.0,1,27492,423563,Micro Loan,Ever Bounce,True,0,0,0.0,0.0,0.0,,Ever Bounced,False,0.7,High
PR01127338,15.0,1,24362,364896,Micro Loan,Ever Bounce,True,0,0,0.0,0.0,0.0,,Ever Bounced,False,0.7,High
PR01127466,15.0,1,34148,504187,SBL,Ever Bounce,True,0,0,0.0,0.0,0.0,,Ever Bounced,False,0.7,High
PR01127470,15.0,1,34396,1122965,ME,Ever Bounce,True,0,0,0.0,0.0,0.0,,Ever Bounced,False,0.7,High
PR01139314,15.0,1,20794,710864,ME,Ever Bounce,True,0,0,0.0,0.0,0.0,,Ever Bounced,False,0.7,High
PR01169594,15.0,1,15596,536037,ME,Ever Bounce,True,0,0,0.0,0.0,0.0,,Ever Bounced,False,0.7,High
PR01386718,15.0,1,12906,427640,ME,Ever Bounce,True,0,0,0.0,0.0,0.0,,Ever Bounced,False,0.7,High
PR01139627,15.0,1,54224,1329643,SBL,Ever Bounce,True,0,0,0.0,0.0,0.0,,Ever Bounced,False,0.7,High
PR01140831,15.0,1,33974,791656,SBL,Ever Bounce,False,1,0,0.0,1.0,16987.0,2026-09-04 19:10:41,Ever Bounced,False,0.7,High
PR01140866,15.0,1,28856,432999,Micro Loan,Ever Bounce,True,0,0,0.0,0.0,0.0,,Ever Bounced,False,0.7,High
PR01140992,15.0,1,31558,605864,SBL,Ever Bounce,False,1,0,0.0,1.0,15779.0,2026-09-12 14:35:15,Ever Bounced,False,0.7,High
PR01141965,15.0,1,29992,981783,ME,Ever Bounce,True,0,0,0.0,0.0,0.0,,Ever Bounced,False,0.7,High
PR01142457,15.0,1,25768,392249,Micro Loan,Ever Bounce,False,1,0,0.0,1.0,12884.0,2026-09-14 12:05:43,Ever Bounced,False,0.7,High
PR01142487,15.0,1,23088,361913,SBL,Ever Bounce,True,0,0,0.0,0.0,0.0,,Ever Bounced,False,0.7,High
PR01142507,15.0,1,28830,688986,SBL,Ever Bounce,True,0,0,0.0,0.0,0.0,,Ever Bounced,False,0.7,High
PR01142938,15.0,1,29424,474960,SBL,Ever Bounce,True,0,0,0.0,0.0,0.0,,Ever Bounced,False,0.7,High
PR01142989,15.0,1,28830,688986,SBL,Ever Bounce,True,0,0,0.0,0.0,0.0,,Ever Bounced,False,0.7,High
PR01143021,15.0,1,16230,342907,Micro Loan,Ever Bounce,False,1,0,0.0,1.0,8115.0,2026-09-05 20:38:57,Ever Bounced,False,0.7,High
PR01145175,15.0,1,54620,1906047,ME,Ever Bounce,True,0,0,0.0,0.0,0.0,,Ever Bounced,False,0.7,High
PR01143556,15.0,1,28856,432999,Micro Loan,Ever Bounce,True,0,0,0.0,0.0,0.0,,Ever Bounced,False,0.7,High
PR01143762,15.0,1,16752,421634,ME,Ever Bounce,True,0,0,0.0,0.0,0.0,,Ever Bounced,False,0.7,High
PR01172911,15.0,1,16752,417223,ME,Ever Bounce,True,0,0,0.0,0.0,0.0,,Ever Bounced,False,0.7,High
PR01144455,15.0,1,49054,1128092,ME,Ever Bounce,True,0,0,0.0,0.0,0.0,,Ever Bounced,False,0.7,High
PR01144654,15.0,1,25304,624879,SBL,Ever Bounce,True,0,0,0.0,0.0,0.0,,Ever Bounced,False,0.7,High
PR01153558,15.0,1,29982,721384,SBL,Ever Bounce,True,0,0,0.0,0.0,0.0,,Ever Bounced,False,0.7,High
PR01384722,15.0,1,24922,635095,ME,Ever Bounce,True,0,0,0.0,0.0,0.0,,Ever Bounced,False,0.7,High
PR01154278,15.0,1,31088,495207,Micro Loan,Ever Bounce,True,0,0,0.0,0.0,0.0,,Ever Bounced,False,0.7,High
PR01154475,15.0,1,26452,403048,Micro Loan,Ever Bounce,False,1,0,0.0,1.0,13226.0,2026-09-11 15:47:53,Ever Bounced,False,0.7,High
PR01389760,15.0,1,62106,1735413,ME,Ever Bounce,True,0,0,0.0,0.0,0.0,,Ever Bounced,False,0.7,High
PR01154479,15.0,1,35310,579626,SBL,Ever Bounce,True,0,0,0.0,0.0,0.0,,Ever Bounced,False,0.7,High
PR01155105,15.0,1,33628,552036,SBL,Ever Bounce,True,0,0,0.0,0.0,0.0,,Ever Bounced,False,0.7,High
PR01411508,15.0,1,55968,1881913,Co-Lending,Ever Bounce,False,1,0,0.0,1.0,18000.0,2026-09-12 18:04:08,Ever Bounced,False,0.7,High
PR01155149,15.0,1,43244,1040438,SBL,Ever Bounce,False,1,0,0.0,1.0,21622.0,2026-09-16 13:03:07,Ever Bounced,False,0.7,High
PR01155224,15.0,1,37832,621033,SBL,Ever Bounce,True,0,0,0.0,0.0,0.0,,Ever Bounced,False,0.7,High
PR01155595,15.0,1,31088,495207,Micro Loan,Ever Bounce,True,0,0,0.0,0.0,0.0,,Ever Bounced,False,0.7,High
PR01155607,15.0,1,40872,681246,SBL,Ever Bounce,False,1,0,0.0,1.0,20436.0,2026-09-14 14:19:36,Ever Bounced,False,0.7,High
PR01155667,15.0,1,49046,817508,SBL,Ever Bounce,True,0,0,0.0,0.0,0.0,,Ever Bounced,False,0.7,High
PR01155694,15.0,1,28000,656687,SBL,Ever Bounce,True,0,0,0.0,0.0,0.0,,Ever Bounced,False,0.7,High
PR01155738,15.0,1,31262,470476,Micro Loan,Ever Bounce,True,0,0,0.0,0.0,0.0,,Ever Bounced,False,0.7,High
PR01155739,15.0,1,24048,366353,SBL,Ever Bounce,True,0,0,0.0,0.0,0.0,,Ever Bounced,False,0.7,High
PR01156018,15.0,1,39654,1005162,SBL,Ever Bounce,True,0,0,0.0,0.0,0.0,,Ever Bounced,False,0.7,High
PR01156139,15.0,1,37118,893191,ME,Ever Bounce,True,0,0,0.0,0.0,0.0,,Ever Bounced,False,0.7,High
PR01634263,15.0,1,60878,2245549,ME,Ever Bounce,True,0,0,0.0,0.0,0.0,,Ever Bounced,False,0.7,High
PR01390179,15.0,1,50068,1855785,Co-Lending,Ever Bounce,True,0,0,0.0,0.0,0.0,,Ever Bounced,False,0.7,High
PR01690298,15.0,1,12024,225743,Micro Loan,Ever Bounce,True,0,0,0.0,0.0,0.0,,Ever Bounced,False,0.7,High
PR01157268,15.0,1,32362,266413,Micro Loan,Ever Bounce,True,0,0,0.0,0.0,0.0,,Ever Bounced,False,0.7,High
PR01157442,15.0,1,30920,684510,Co-Lending,Ever Bounce,True,0,0,0.0,0.0,0.0,,Ever Bounced,False,0.7,High
PR01157522,15.0,1,25304,624845,SBL,Ever Bounce,True,0,0,0.0,0.0,0.0,,Ever Bounced,False,0.7,High
PR01157527,15.0,1,27500,636532,ME,Ever Bounce,True,0,0,0.0,0.0,0.0,,Ever Bounced,False,0.7,High
PR01157559,15.0,1,19118,472050,SBL,Ever Bounce,False,1,0,0.0,1.0,9559.0,2026-09-16 18:58:36,Ever Bounced,False,0.7,High
PR01164598,15.0,1,29550,715674,SBL,Ever Bounce,True,0,0,0.0,0.0,0.0,,Ever Bounced,False,0.7,High
PR01168941,15.0,1,32870,829837,ME,Ever Bounce,True,0,0,0.0,0.0,0.0,,Ever Bounced,False,0.7,High
PR01169420,15.0,1,35530,574892,SBL,Ever Bounce,True,0,0,0.0,0.0,0.0,,Ever Bounced,False,0.7,High
PR01169470,15.0,1,41712,1036991,SBL,Ever Bounce,True,0,0,0.0,0.0,0.0,,Ever Bounced,False,0.7,High
PR01169661,15.0,1,35064,585150,SBL,Ever Bounce,True,0,0,0.0,0.0,0.0,,Ever Bounced,False,0.7,High
PR01171124,15.0,1,40204,1026400,SBL,Ever Bounce,True,0,0,0.0,0.0,0.0,,Ever Bounced,False,0.7,High
PR01171176,15.0,1,19238,297508,Micro Loan,Ever Bounce,True,0,0,0.0,0.0,0.0,,Ever Bounced,False,0.7,High
PR01171193,15.0,1,28190,242213,Micro Loan,Ever Bounce,True,0,0,0.0,0.0,0.0,,Ever Bounced,False,0.7,High
PR01171234,15.0,1,30454,478067,Micro Loan,Ever Bounce,False,1,0,0.0,1.0,15227.0,2026-09-15 18:15:29,Ever Bounced,False,0.7,High
PR01172150,15.0,1,31978,755061,SBL,Ever Bounce,False,1,0,0.0,1.0,15989.0,2026-09-12 11:36:02,Ever Bounced,False,0.7,High
PR01172189,15.0,1,24048,360419,Micro Loan,Ever Bounce,False,1,0,0.0,1.0,12024.0,2026-09-12 19:41:16,Ever Bounced,False,0.7,High
PR01172274,15.0,1,34038,803653,SBL,Ever Bounce,True,0,0,0.0,0.0,0.0,,Ever Bounced,False,0.7,High
PR01172339,15.0,1,34236,808294,SBL,Ever Bounce,True,0,0,0.0,0.0,0.0,,Ever Bounced,False,0.7,High
PR01172471,15.0,1,35802,868045,SBL,Ever Bounce,True,0,0,0.0,0.0,0.0,,Ever Bounced,False,0.7,High
PR01410923,15.0,1,26570,978341,Co-Lending,Ever Bounce,True,0,0,0.0,0.0,0.0,,Ever Bounced,False,0.7,High
PR01172534,15.0,1,22422,465834,Micro Loan,Ever Bounce,True,0,0,0.0,0.0,0.0,,Ever Bounced,False,0.7,High
PR01172696,15.0,1,31010,255120,Micro Loan,Ever Bounce,True,0,0,0.0,0.0,0.0,,Ever Bounced,False,0.7,High
PR01186339,15.0,1,36038,856397,SBL,Ever Bounce,True,0,0,0.0,0.0,0.0,,Ever Bounced,False,0.7,High
PR01186374,15.0,1,37838,899266,SBL,Ever Bounce,True,0,0,0.0,0.0,0.0,,Ever Bounced,False,0.7,High
PR01412995,15.0,1,26234,652245,ME,Ever Bounce,True,0,0,0.0,0.0,0.0,,Ever Bounced,False,0.7,High
PR01188377,15.0,1,32434,770762,SBL,Ever Bounce,True,0,0,0.0,0.0,0.0,,Ever Bounced,False,0.7,High
PR01188460,15.0,1,43244,1027721,SBL,Ever Bounce,False,1,0,0.0,1.0,21622.0,2026-09-08 11:00:27,Ever Bounced,False,0.7,High
PR01188609,15.0,1,37378,888336,SBL,Ever Bounce,True,0,0,0.0,0.0,0.0,,Ever Bounced,False,0.7,High
PR01189075,15.0,1,22480,375674,SBL,Ever Bounce,True,0,0,0.0,0.0,0.0,,Ever Bounced,False,0.7,High
PR01189085,15.0,1,80480,2418906,Co-Lending,Ever Bounce,False,1,0,0.0,1.0,40240.0,2026-09-08 10:12:54,Ever Bounced,False,0.7,High
PR01189403,15.0,1,50474,1301452,ME,Ever Bounce,True,0,0,0.0,0.0,0.0,,Ever Bounced,False,0.7,High
PR01190046,15.0,1,22206,354108,Micro Loan,Ever Bounce,False,1,0,0.0,1.0,11103.0,2026-09-16 19:39:58,Ever Bounced,False,0.7,High
PR01190073,15.0,1,50254,1260558,ME,Ever Bounce,True,0,0,0.0,0.0,0.0,,Ever Bounced,False,0.7,High
PR01190129,15.0,1,33654,664212,SBL,Ever Bounce,True,0,0,0.0,0.0,0.0,,Ever Bounced,False,0.7,High
PR01190186,15.0,1,38090,339500,SBL,Ever Bounce,True,0,0,0.0,0.0,0.0,,Ever Bounced,False,0.7,High
PR01752566,15.0,1,38236,1041384,ME,Ever Bounce,True,0,0,0.0,0.0,0.0,,Ever Bounced,False,0.7,High
PR01190711,15.0,1,38068,1023644,ME,Ever Bounce,True,0,0,0.0,0.0,0.0,,Ever Bounced,False,0.7,High
PR01190753,15.0,1,24332,593927,SBL,Ever Bounce,True,0,0,0.0,0.0,0.0,,Ever Bounced,False,0.7,High
PR01202222,15.0,1,30252,497341,Micro Loan,Ever Bounce,True,0,0,0.0,0.0,0.0,,Ever Bounced,False,0.7,High
PR01205354,15.0,1,29318,261071,Micro Loan,Ever Bounce,True,0,0,0.0,0.0,0.0,,Ever Bounced,False,0.7,High
PR01205961,15.0,1,42036,702593,SBL,Ever Bounce,True,0,0,0.0,0.0,0.0,,Ever Bounced,False,0.7,High
PR01299866,15.0,1,60732,2200138,Co-Lending,Ever Bounce,True,0,0,0.0,0.0,0.0,,Ever Bounced,False,0.7,High
PR01479838,15.0,1,15478,559164,Co-Lending,Ever Bounce,True,0,0,0.0,0.0,0.0,,Ever Bounced,False,0.7,High
PR01206425,15.0,1,14914,315856,Micro Loan,Ever Bounce,True,0,0,0.0,0.0,0.0,,Ever Bounced,False,0.7,High
PR01206775,15.0,1,25946,620199,SBL,Ever Bounce,True,0,0,0.0,0.0,0.0,,Ever Bounced,False,0.7,High
PR01206991,15.0,1,51267,1808065,Co-Lending,Ever Bounce,True,0,0,0.0,0.0,0.0,,Ever Bounced,False,0.7,High
PR01410765,45.0,2,68312,1683462,Co-Lending,Ever Bounce,True,0,0,0.0,0.0,0.0,,Ever Bounced,False,0.7,High
PR01741833,45.0,2,24489,576937,Co-Lending,Ever Bounce,True,0,0,0.0,0.0,0.0,,Ever Bounced,False,0.7,High
PR01207486,15.0,1,25226,603330,SBL,Ever Bounce,True,0,0,0.0,0.0,0.0,,Ever Bounced,False,0.7,High
PR01208055,15.0,1,36038,861879,SBL,Ever Bounce,True,0,0,0.0,0.0,0.0,,Ever Bounced,False,0.7,High
PR01208194,15.0,1,28830,688669,SBL,Ever Bounce,True,0,0,0.0,0.0,0.0,,Ever Bounced,False,0.7,High
PR01630009,15.0,1,16234,395272,ME,Ever Bounce,True,0,0,0.0,0.0,0.0,,Ever Bounced,False,0.7,High
PR01208353,15.0,1,27302,941457,Co-Lending,Ever Bounce,True,0,0,0.0,0.0,0.0,,Ever Bounced,False,0.7,High
PR01208590,15.0,1,19238,296486,Micro Loan,Ever Bounce,False,1,0,0.0,1.0,9619.0,2026-09-09 18:26:05,Ever Bounced,False,0.7,High
PR01208605,15.0,1,30308,506571,SBL,Ever Bounce,True,0,0,0.0,0.0,0.0,,Ever Bounced,False,0.7,High
PR02019471,15.0,1,16816,384999,ME,Ever Bounce,True,0,0,0.0,0.0,0.0,,Ever Bounced,False,0.7,High
PR01208766,15.0,1,39176,654806,SBL,Ever Bounce,True,0,0,0.0,0.0,0.0,,Ever Bounced,False,0.7,High
PR01211096,15.0,1,36664,644924,ME,Ever Bounce,True,0,0,0.0,0.0,0.0,,Ever Bounced,False,0.7,High
PR01552743,15.0,1,22488,575322,ME,Ever Bounce,True,0,0,0.0,0.0,0.0,,Ever Bounced,False,0.7,High
PR01223171,15.0,1,41976,1391704,ME,Ever Bounce,True,0,0,0.0,0.0,0.0,,Ever Bounced,False,0.7,High
PR01223636,15.0,1,34011,525465,Micro Loan,Ever Bounce,True,0,0,0.0,0.0,0.0,,Ever Bounced,False,0.7,High
PR01223762,15.0,1,32431,762196,SBL,Ever Bounce,True,0,0,0.0,0.0,0.0,,Ever Bounced,False,0.7,High
PR01479756,15.0,1,18914,368589,ME,Ever Bounce,False,1,0,0.0,1.0,9458.0,2026-09-10 19:18:50,Ever Bounced,False,0.7,High
PR01224939,15.0,1,34332,577310,SBL,Ever Bounce,True,0,0,0.0,0.0,0.0,,Ever Bounced,False,0.7,High
PR01225021,15.0,1,25088,381164,Micro Loan,Ever Bounce,True,0,0,0.0,0.0,0.0,,Ever Bounced,False,0.7,High
PR01373015,15.0,1,10726,197518,ME,Ever Bounce,True,0,0,0.0,0.0,0.0,,Ever Bounced,False,0.7,High
PR01226010,15.0,1,32434,762196,SBL,Ever Bounce,False,1,0,0.0,1.0,16217.0,2026-09-17 12:49:27,Ever Bounced,False,0.7,High
PR01226037,15.0,1,28610,481093,SBL,Ever Bounce,True,0,0,0.0,0.0,0.0,,Ever Bounced,False,0.7,High
PR01226140,15.0,1,28868,461163,Micro Loan,Ever Bounce,True,0,0,0.0,0.0,0.0,,Ever Bounced,False,0.7,High
PR01244477,15.0,1,23016,575631,ME,Ever Bounce,True,0,0,0.0,0.0,0.0,,Ever Bounced,False,0.7,High
PR01226247,15.0,1,32434,762196,SBL,Ever Bounce,False,1,0,0.0,1.0,16217.0,2026-09-03 18:26:43,Ever Bounced,False,0.7,High
PR01226251,15.0,1,26648,425679,SBL,Ever Bounce,True,0,0,0.0,0.0,0.0,,Ever Bounced,False,0.7,High
PR01226267,15.0,1,30252,491504,SBL,Ever Bounce,True,0,0,0.0,0.0,0.0,,Ever Bounced,False,0.7,High
PR01696004,15.0,1,13200,476970,Co-Lending,Ever Bounce,True,0,0,0.0,0.0,0.0,,Ever Bounced,False,0.7,High
PR01576605,15.0,1,24332,645432,ME,Ever Bounce,True,0,0,0.0,0.0,0.0,,Ever Bounced,False,0.7,High
PR01226425,15.0,1,45530,1447046,ME,Ever Bounce,True,0,0,0.0,0.0,0.0,,Ever Bounced,False,0.7,High
PR01227102,15.0,1,25584,601308,ME,Ever Bounce,True,0,0,0.0,0.0,0.0,,Ever Bounced,False,0.7,High
PR01227154,15.0,1,35730,590569,SBL,Ever Bounce,False,1,0,0.0,1.0,17865.0,2026-09-15 16:32:47,Ever Bounced,False,0.7,High
PR01227199,15.0,1,26648,425679,SBL,Ever Bounce,True,0,0,0.0,0.0,0.0,,Ever Bounced,False,0.7,High
PR01240465,15.0,1,31734,730084,SBL,Ever Bounce,True,0,0,0.0,0.0,0.0,,Ever Bounced,False,0.7,High
PR01240473,15.0,1,34572,570026,SBL,Ever Bounce,False,1,0,0.0,1.0,17286.0,2026-09-15 12:19:05,Ever Bounced,False,0.7,High
PR01240526,15.0,1,42036,705205,SBL,Ever Bounce,True,0,0,0.0,0.0,0.0,,Ever Bounced,False,0.7,High
PR01242040,15.0,1,39580,937371,SBL,Ever Bounce,True,0,0,0.0,0.0,0.0,,Ever Bounced,False,0.7,High
PR01242327,15.0,1,17226,407310,ME,Ever Bounce,True,0,0,0.0,0.0,0.0,,Ever Bounced,False,0.7,High
PR01274799,15.0,1,27316,653688,ME,Ever Bounce,True,0,0,0.0,0.0,0.0,,Ever Bounced,False,0.7,High
PR01242328,15.0,1,28552,939506,Co-Lending,Ever Bounce,True,0,0,0.0,0.0,0.0,,Ever Bounced,False,0.7,High
PR01337656,15.0,1,24632,820177,Co-Lending,Ever Bounce,True,0,0,0.0,0.0,0.0,,Ever Bounced,False,0.7,High
PR01242515,15.0,1,28112,440225,Micro Loan,Ever Bounce,False,1,0,0.0,1.0,14056.0,2026-09-09 17:34:06,Ever Bounced,False,0.7,High
PR01242741,15.0,1,37478,886236,SBL,Ever Bounce,True,0,0,0.0,0.0,0.0,,Ever Bounced,False,0.7,High
PR01242825,15.0,1,41802,988501,SBL,Ever Bounce,True,0,0,0.0,0.0,0.0,,Ever Bounced,False,0.7,High
PR01243127,15.0,1,36038,852113,SBL,Ever Bounce,True,0,0,0.0,0.0,0.0,,Ever Bounced,False,0.7,High
PR01243357,15.0,1,29868,687123,SBL,Ever Bounce,True,0,0,0.0,0.0,0.0,,Ever Bounced,False,0.7,High
PR01243400,15.0,1,25262,597347,SBL,Ever Bounce,True,0,0,0.0,0.0,0.0,,Ever Bounced,False,0.7,High
PR01243430,15.0,1,34760,845117,SBL,Ever Bounce,True,0,0,0.0,0.0,0.0,,Ever Bounced,False,0.7,High
PR01243899,15.0,1,34572,570026,SBL,Ever Bounce,True,0,0,0.0,0.0,0.0,,Ever Bounced,False,0.7,High
PR01244018,15.0,1,29749,703880,SBL,Ever Bounce,True,0,0,0.0,0.0,0.0,,Ever Bounced,False,0.7,High
PR01244313,15.0,1,24048,370280,Micro Loan,Ever Bounce,True,0,0,0.0,0.0,0.0,,Ever Bounced,False,0.7,High
PR01244649,15.0,1,29982,708998,SBL,Ever Bounce,False,1,0,0.0,1.0,14991.0,2026-09-17 11:08:38,Ever Bounced,False,0.7,High
PR01244773,15.0,1,31870,1059005,ME,Ever Bounce,True,0,0,0.0,0.0,0.0,,Ever Bounced,False,0.7,High
PR01244780,15.0,1,33628,564182,SBL,Ever Bounce,True,0,0,0.0,0.0,0.0,,Ever Bounced,False,0.7,High
PR01244904,15.0,1,57090,567525,ME,Ever Bounce,False,1,0,0.0,0.0,19604.0,2026-09-13 09:30:45,Ever Bounced,False,0.7,High
PR01245098,15.0,1,22096,205786,Micro Loan,Ever Bounce,True,0,0,0.0,0.0,0.0,,Ever Bounced,False,0.7,High
PR01245219,15.0,1,33628,564182,SBL,Ever Bounce,True,0,0,0.0,0.0,0.0,,Ever Bounced,False,0.7,High
PR01245235,15.0,1,32138,1154209,Co-Lending,Ever Bounce,True,0,0,0.0,0.0,0.0,,Ever Bounced,False,0.7,High
PR01279687,15.0,1,37452,1352312,Co-Lending,Ever Bounce,True,0,0,0.0,0.0,0.0,,Ever Bounced,False,0.7,High
PR01245275,15.0,1,19040,438059,SBL,Ever Bounce,True,0,0,0.0,0.0,0.0,,Ever Bounced,False,0.7,High
PR01276110,15.0,1,12694,295389,ME,Ever Bounce,True,0,0,0.0,0.0,0.0,,Ever Bounced,False,0.7,High
PR01245294,15.0,1,19564,450048,ME,Ever Bounce,True,0,0,0.0,0.0,0.0,,Ever Bounced,False,0.7,High
PR01356338,15.0,1,11200,267679,ME,Ever Bounce,True,0,0,0.0,0.0,0.0,,Ever Bounced,False,0.7,High
PR01501204,15.0,1,15136,383693,ME,Ever Bounce,True,0,0,0.0,0.0,0.0,,Ever Bounced,False,0.7,High
PR01245322,15.0,1,72074,1687107,Co-Lending,Ever Bounce,True,0,0,0.0,0.0,0.0,,Ever Bounced,False,0.7,High
PR01245717,15.0,1,14596,347185,SBL,Ever Bounce,True,0,0,0.0,0.0,0.0,,Ever Bounced,False,0.7,High
PR01245848,15.0,1,27618,266215,Micro Loan,Ever Bounce,True,0,0,0.0,0.0,0.0,,Ever Bounced,False,0.7,High
PR01277222,15.0,1,48400,1262541,ME,Ever Bounce,True,0,0,0.0,0.0,0.0,,Ever Bounced,False,0.7,High
PR01784644,15.0,1,24268,621378,ME,Ever Bounce,True,0,0,0.0,0.0,0.0,,Ever Bounced,False,0.7,High
PR01246630,15.0,1,25228,524531,Micro Loan,Ever Bounce,True,0,0,0.0,0.0,0.0,,Ever Bounced,False,0.7,High
PR01247214,15.0,1,11638,276842,SBL,Ever Bounce,True,0,0,0.0,0.0,0.0,,Ever Bounced,False,0.7,High
PR01277048,15.0,1,22156,530164,SBL,Ever Bounce,True,0,0,0.0,0.0,0.0,,Ever Bounced,False,0.7,High
PR01254340,15.0,1,42224,731627,SBL,Ever Bounce,True,0,0,0.0,0.0,0.0,,Ever Bounced,False,0.7,High
PR01259077,15.0,1,32108,141084,SBL,Ever Bounce,True,0,0,0.0,0.0,0.0,,Ever Bounced,False,0.7,High
PR01259135,15.0,1,36038,857273,SBL,Ever Bounce,True,0,0,0.0,0.0,0.0,,Ever Bounced,False,0.7,High
PR01259144,15.0,1,30838,713590,SBL,Ever Bounce,True,0,0,0.0,0.0,0.0,,Ever Bounced,False,0.7,High
PR01259748,15.0,1,41160,739437,ME,Ever Bounce,True,0,0,0.0,0.0,0.0,,Ever Bounced,False,0.7,High
PR01259782,15.0,1,38894,650415,SBL,Ever Bounce,True,0,0,0.0,0.0,0.0,,Ever Bounced,False,0.7,High
PR01259902,15.0,1,43244,1017489,Co-Lending,Ever Bounce,True,0,0,0.0,0.0,0.0,,Ever Bounced,False,0.7,High
PR01260064,15.0,1,39640,943045,SBL,Ever Bounce,True,0,0,0.0,0.0,0.0,,Ever Bounced,False,0.7,High
PR01260198,15.0,1,25768,408958,Micro Loan,Ever Bounce,True,0,0,0.0,0.0,0.0,,Ever Bounced,False,0.7,High
PR01260279,15.0,1,29096,461710,Micro Loan,Ever Bounce,True,0,0,0.0,0.0,0.0,,Ever Bounced,False,0.7,High
PR01260345,15.0,1,37190,884740,SBL,Ever Bounce,True,0,0,0.0,0.0,0.0,,Ever Bounced,False,0.7,High
PR01260363,15.0,1,34760,850449,SBL,Ever Bounce,True,0,0,0.0,0.0,0.0,,Ever Bounced,False,0.7,High
PR01260402,15.0,1,37874,368550,Micro Loan,Ever Bounce,True,0,0,0.0,0.0,0.0,,Ever Bounced,False,0.7,High
PR01260448,15.0,1,26134,604734,SBL,Ever Bounce,True,0,0,0.0,0.0,0.0,,Ever Bounced,False,0.7,High
PR01260516,15.0,1,34760,850449,ME,Ever Bounce,True,0,0,0.0,0.0,0.0,,Ever Bounced,False,0.7,High
PR01260738,15.0,1,36822,853548,SBL,Ever Bounce,False,1,0,0.0,1.0,18443.0,2026-09-09 10:02:40,Ever Bounced,False,0.7,High
PR01260762,15.0,1,34827,885549,SBL,Ever Bounce,True,0,0,0.0,0.0,0.0,,Ever Bounced,False,0.7,High
PR01260869,15.0,1,31462,526087,SBL,Ever Bounce,True,0,0,0.0,0.0,0.0,,Ever Bounced,False,0.7,High
PR01265355,15.0,1,23426,376571,Micro Loan,Ever Bounce,True,0,0,0.0,0.0,0.0,,Ever Bounced,False,0.7,High
PR01270301,15.0,1,17294,435848,SBL,Ever Bounce,True,0,0,0.0,0.0,0.0,,Ever Bounced,False,0.7,High
PR01276537,15.0,1,58782,1963146,Co-Lending,Ever Bounce,True,0,0,0.0,0.0,0.0,,Ever Bounced,False,0.7,High
PR01555867,15.0,1,34248,1146599,ME,Ever Bounce,True,0,0,0.0,0.0,0.0,,Ever Bounced,False,0.7,High
PR01276541,15.0,1,32434,776128,SBL,Ever Bounce,False,1,0,0.0,1.0,16217.0,2026-09-13 12:12:17,Ever Bounced,False,0.7,High
PR01276592,15.0,1,34236,819242,SBL,Ever Bounce,True,0,0,0.0,0.0,0.0,,Ever Bounced,False,0.7,High
PR01276677,15.0,1,50442,870782,SBL,Ever Bounce,True,0,0,0.0,0.0,0.0,,Ever Bounced,False,0.7,High
PR01276945,15.0,1,36038,862357,SBL,Ever Bounce,True,0,0,0.0,0.0,0.0,,Ever Bounced,False,0.7,High
PR01277413,15.0,1,37478,896887,SBL,Ever Bounce,True,0,0,0.0,0.0,0.0,,Ever Bounced,False,0.7,High
PR01277585,15.0,1,31532,754590,SBL,Ever Bounce,True,0,0,0.0,0.0,0.0,,Ever Bounced,False,0.7,High
PR01277656,15.0,1,24048,379857,Micro Loan,Ever Bounce,True,0,0,0.0,0.0,0.0,,Ever Bounced,False,0.7,High
PR01277693,15.0,1,15360,364916,SBL,Ever Bounce,True,0,0,0.0,0.0,0.0,,Ever Bounced,False,0.7,High
PR01277788,15.0,1,33142,329968,SBL,Ever Bounce,True,0,0,0.0,0.0,0.0,,Ever Bounced,False,0.7,High
PR01278124,15.0,1,67760,1749148,Co-Lending,Ever Bounce,True,0,0,0.0,0.0,0.0,,Ever Bounced,False,0.7,High
PR01278533,15.0,1,28856,455870,Micro Loan,Ever Bounce,True,0,0,0.0,0.0,0.0,,Ever Bounced,False,0.7,High
PR01278578,15.0,1,29868,695043,SBL,Ever Bounce,True,0,0,0.0,0.0,0.0,,Ever Bounced,False,0.7,High
PR01278586,15.0,1,29846,515190,SBL,Ever Bounce,True,0,0,0.0,0.0,0.0,,Ever Bounced,False,0.7,High
PR01278619,15.0,1,39640,948635,SBL,Ever Bounce,False,1,0,0.0,1.0,10000.0,2026-09-15 17:50:30,Ever Bounced,False,0.7,High
PR01278639,15.0,1,28482,453901,Micro Loan,Ever Bounce,True,0,0,0.0,0.0,0.0,,Ever Bounced,False,0.7,High
PR01278774,15.0,1,36038,862357,SBL,Ever Bounce,True,0,0,0.0,0.0,0.0,,Ever Bounced,False,0.7,High
PR01278998,15.0,1,24048,379857,Micro Loan,Ever Bounce,False,1,0,0.0,1.0,12024.0,2026-09-09 20:23:07,Ever Bounced,False,0.7,High
PR01279115,15.0,1,74528,1981568,Co-Lending,Ever Bounce,True,0,0,0.0,0.0,0.0,,Ever Bounced,False,0.7,High
PR01279397,15.0,1,25490,402668,Micro Loan,Ever Bounce,False,1,0,0.0,1.0,12745.0,2026-09-15 18:26:29,Ever Bounced,False,0.7,High
PR01279564,15.0,1,24048,379857,SBL,Ever Bounce,True,0,0,0.0,0.0,0.0,,Ever Bounced,False,0.7,High
PR01279692,15.0,1,30252,512856,SBL,Ever Bounce,True,0,0,0.0,0.0,0.0,,Ever Bounced,False,0.7,High
PR01279769,15.0,1,14054,336336,SBL,Ever Bounce,True,0,0,0.0,0.0,0.0,,Ever Bounced,False,0.7,High
PR01310730,15.0,1,14776,357631,SBL,Ever Bounce,True,0,0,0.0,0.0,0.0,,Ever Bounced,False,0.7,High
PR01279830,15.0,1,30010,474111,Micro Loan,Ever Bounce,True,0,0,0.0,0.0,0.0,,Ever Bounced,False,0.7,High
PR01279878,15.0,1,34974,603719,SBL,Ever Bounce,True,0,0,0.0,0.0,0.0,,Ever Bounced,False,0.7,High
PR01279996,15.0,1,37545,388988,SBL,Ever Bounce,True,0,0,0.0,0.0,0.0,,Ever Bounced,False,0.7,High
PR01280197,15.0,1,36428,896787,SBL,Ever Bounce,True,0,0,0.0,0.0,0.0,,Ever Bounced,False,0.7,High
PR01280225,15.0,1,27112,667469,SBL,Ever Bounce,True,0,0,0.0,0.0,0.0,,Ever Bounced,False,0.7,High
PR01280635,15.0,1,31088,517754,SBL,Ever Bounce,False,1,0,0.0,1.0,15544.0,2026-09-11 12:48:13,Ever Bounced,False,0.7,High
PR01293861,15.0,1,68350,2390682,ME,Ever Bounce,True,0,0,0.0,0.0,0.0,,Ever Bounced,False,0.7,High
PR01295551,15.0,1,30086,734556,SBL,Ever Bounce,False,1,0,0.0,1.0,15043.0,2026-09-15 18:13:04,Ever Bounced,False,0.7,High
PR01295938,15.0,1,30010,479918,Micro Loan,Ever Bounce,True,0,0,0.0,0.0,0.0,,Ever Bounced,False,0.7,High
PR01296124,15.0,1,18366,385459,Micro Loan,Ever Bounce,True,0,0,0.0,0.0,0.0,,Ever Bounced,False,0.7,High
PR01296700,15.0,1,32434,780635,SBL,Ever Bounce,False,1,0,0.0,1.0,16217.0,2026-09-15 12:03:52,Ever Bounced,False,0.7,High
PR01296989,15.0,1,22364,523297,SBL,Ever Bounce,True,0,0,0.0,0.0,0.0,,Ever Bounced,False,0.7,High
PR01317196,15.0,1,16838,396160,SBL,Ever Bounce,True,0,0,0.0,0.0,0.0,,Ever Bounced,False,0.7,High
PR01296993,15.0,1,31734,742607,SBL,Ever Bounce,True,0,0,0.0,0.0,0.0,,Ever Bounced,False,0.7,High
PR01297936,15.0,1,26452,422977,SBL,Ever Bounce,True,0,0,0.0,0.0,0.0,,Ever Bounced,False,0.7,High
PR01297941,15.0,1,44629,1075559,Co-Lending,Ever Bounce,True,0,0,0.0,0.0,0.0,,Ever Bounced,False,0.7,High
PR01298088,15.0,1,28190,286515,Micro Loan,Ever Bounce,False,1,0,0.0,1.0,14095.0,2026-09-08 18:36:09,Ever Bounced,False,0.7,High
PR01298220,15.0,1,41934,1238811,ME,Ever Bounce,True,0,0,0.0,0.0,0.0,,Ever Bounced,False,0.7,High
PR01298604,15.0,1,23688,399660,Micro Loan,Ever Bounce,False,1,0,0.0,1.0,11844.0,2026-09-11 13:33:55,Ever Bounced,False,0.7,High
PR01298647,15.0,1,41948,1101376,ME,Ever Bounce,True,0,0,0.0,0.0,0.0,,Ever Bounced,False,0.7,High
PR01298656,15.0,1,33828,343818,Micro Loan,Ever Bounce,False,1,0,0.0,1.0,16914.0,2026-09-14 09:55:00,Ever Bounced,False,0.7,High
PR01547942,15.0,1,37376,904713,ME,Ever Bounce,False,1,0,0.0,1.0,18688.0,2026-09-15 14:32:24,Ever Bounced,False,0.7,High
PR01299032,15.0,1,32434,780635,SBL,Ever Bounce,True,0,0,0.0,0.0,0.0,,Ever Bounced,False,0.7,High
PR01299478,15.0,1,26418,654267,SBL,Ever Bounce,True,0,0,0.0,0.0,0.0,,Ever Bounced,False,0.7,High
PR01299504,15.0,1,42036,735609,SBL,Ever Bounce,True,0,0,0.0,0.0,0.0,,Ever Bounced,False,0.7,High
PR01299957,15.0,1,43244,1040883,SBL,Ever Bounce,True,0,0,0.0,0.0,0.0,,Ever Bounced,False,0.7,High
PR01299965,15.0,1,30632,737267,ME,Ever Bounce,True,0,0,0.0,0.0,0.0,,Ever Bounced,False,0.7,High
PR01300019,15.0,1,29236,475854,SBL,Ever Bounce,True,0,0,0.0,0.0,0.0,,Ever Bounced,False,0.7,High
PR01300099,15.0,1,36038,867366,SBL,Ever Bounce,True,0,0,0.0,0.0,0.0,,Ever Bounced,False,0.7,High
PR01300567,15.0,1,69520,1721772,SBL,Ever Bounce,False,1,0,0.0,1.0,34760.0,2026-09-10 14:08:46,Ever Bounced,False,0.7,High
PR01300645,15.0,1,50254,1268453,Co-Lending,Ever Bounce,True,0,0,0.0,0.0,0.0,,Ever Bounced,False,0.7,High
PR01300676,15.0,1,27028,650537,SBL,Ever Bounce,True,0,0,0.0,0.0,0.0,,Ever Bounced,False,0.7,High
PR01300948,15.0,1,24522,437176,SBL,Ever Bounce,True,0,0,0.0,0.0,0.0,,Ever Bounced,False,0.7,High
PR01301029,15.0,1,33022,817843,SBL,Ever Bounce,True,0,0,0.0,0.0,0.0,,Ever Bounced,False,0.7,High
PR01301060,15.0,1,28000,655250,SBL,Ever Bounce,True,0,0,0.0,0.0,0.0,,Ever Bounced,False,0.7,High
PR01301067,15.0,1,31385,510961,SBL,Ever Bounce,True,0,0,0.0,0.0,0.0,,Ever Bounced,False,0.7,High
PR01301174,15.0,1,28190,286515,Micro Loan,Ever Bounce,True,0,0,0.0,0.0,0.0,,Ever Bounced,False,0.7,High
PR01301219,15.0,1,50056,1204789,SBL,Ever Bounce,True,0,0,0.0,0.0,0.0,,Ever Bounced,False,0.7,High
PR02018807,15.0,1,35396,980618,SBL,Ever Bounce,True,0,0,0.0,0.0,0.0,,Ever Bounced,False,0.7,High
PR01313366,15.0,1,30300,490249,SBL,Ever Bounce,False,1,0,0.0,1.0,15150.0,2026-09-13 08:23:52,Ever Bounced,False,0.7,High
PR01314392,15.0,1,34948,620210,SBL,Ever Bounce,True,0,0,0.0,0.0,0.0,,Ever Bounced,False,0.7,High
PR01314774,15.0,1,29694,718803,ME,Ever Bounce,True,0,0,0.0,0.0,0.0,,Ever Bounced,False,0.7,High
PR01315642,15.0,1,28830,697849,SBL,Ever Bounce,True,0,0,0.0,0.0,0.0,,Ever Bounced,False,0.7,High
PR01315646,15.0,1,29424,521843,SBL,Ever Bounce,True,0,0,0.0,0.0,0.0,,Ever Bounced,False,0.7,High
PR01316076,15.0,1,27808,692800,SBL,Ever Bounce,True,0,0,0.0,0.0,0.0,,Ever Bounced,False,0.7,High
PR01316092,15.0,1,28392,952763,ME,Ever Bounce,True,0,0,0.0,0.0,0.0,,Ever Bounced,False,0.7,High
PR01316195,15.0,1,33666,544731,Micro Loan,Ever Bounce,True,0,0,0.0,0.0,0.0,,Ever Bounced,False,0.7,High
PR01316343,15.0,1,39133,1423668,Co-Lending,Ever Bounce,True,0,0,0.0,0.0,0.0,,Ever Bounced,False,0.7,High
PR01317048,15.0,1,30790,1033316,ME,Ever Bounce,True,0,0,0.0,0.0,0.0,,Ever Bounced,False,0.7,High
PR01317071,15.0,1,36038,872300,SBL,Ever Bounce,False,1,0,0.0,1.0,18019.0,2026-09-10 21:07:16,Ever Bounced,False,0.7,High
PR01317150,15.0,1,28954,477031,SBL,Ever Bounce,True,0,0,0.0,0.0,0.0,,Ever Bounced,False,0.7,High
PR01317160,15.0,1,41712,1027852,Co-Lending,Ever Bounce,True,0,0,0.0,0.0,0.0,,Ever Bounced,False,0.7,High
PR01317343,15.0,1,44870,1505762,ME,Ever Bounce,False,1,0,0.0,1.0,22435.0,2026-09-07 11:56:49,Ever Bounced,False,0.7,High
PR01317357,15.0,1,27990,622948,SBL,Ever Bounce,True,0,0,0.0,0.0,0.0,,Ever Bounced,False,0.7,High
PR01317379,15.0,1,21084,347327,Micro Loan,Ever Bounce,True,0,0,0.0,0.0,0.0,,Ever Bounced,False,0.7,High
PR01317381,15.0,1,32434,785076,SBL,Ever Bounce,True,0,0,0.0,0.0,0.0,,Ever Bounced,False,0.7,High
PR01317401,15.0,1,46421,1592425,ME,Ever Bounce,True,0,0,0.0,0.0,0.0,,Ever Bounced,False,0.7,High
PR01318090,15.0,1,18740,308771,Micro Loan,Ever Bounce,True,0,0,0.0,0.0,0.0,,Ever Bounced,False,0.7,High
PR01318324,15.0,1,31352,758925,SBL,Ever Bounce,False,1,0,0.0,1.0,15676.0,2026-09-15 16:35:54,Ever Bounced,False,0.7,High
PR01318336,15.0,1,45026,1332984,Co-Lending,Ever Bounce,True,0,0,0.0,0.0,0.0,,Ever Bounced,False,0.7,High
PR01318521,15.0,1,40584,928475,SBL,Ever Bounce,True,0,0,0.0,0.0,0.0,,Ever Bounced,False,0.7,High
PR01318557,15.0,1,27056,618985,SBL,Ever Bounce,True,0,0,0.0,0.0,0.0,,Ever Bounced,False,0.7,High
PR01318603,15.0,1,36375,1221152,ME,Ever Bounce,True,0,0,0.0,0.0,0.0,,Ever Bounced,False,0.7,High
PR01672914,15.0,1,61308,1761603,ME,Ever Bounce,False,1,0,0.0,1.0,30654.0,2026-09-11 10:16:33,Ever Bounced,False,0.7,High
PR01319461,15.0,1,43114,1337838,ME,Ever Bounce,True,0,0,0.0,0.0,0.0,,Ever Bounced,False,0.7,High
PR01319814,15.0,1,44750,1083230,SBL,Ever Bounce,True,0,0,0.0,0.0,0.0,,Ever Bounced,False,0.7,High
PR01507834,15.0,1,89586,2637681,Co-Lending,Ever Bounce,False,2,0,0.0,1.0,89586.0,2026-09-07 15:00:39,Ever Bounced,False,0.7,High
PR01744347,15.0,1,49464,1464295,Co-Lending,Ever Bounce,False,2,0,0.0,1.0,49464.0,2026-09-07 15:03:27,Ever Bounced,False,0.7,High
PR01319865,15.0,1,97972,3287735,ME,Ever Bounce,False,2,0,0.0,1.0,48986.0,2026-09-15 16:50:49,Ever Bounced,False,0.7,High
PR01333714,15.0,1,39640,964915,SBL,Ever Bounce,True,0,0,0.0,0.0,0.0,,Ever Bounced,False,0.7,High
PR01334388,15.0,1,27028,657883,SBL,Ever Bounce,True,0,0,0.0,0.0,0.0,,Ever Bounced,False,0.7,High
PR01334540,15.0,1,53964,1352578,SBL,Ever Bounce,True,0,0,0.0,0.0,0.0,,Ever Bounced,False,0.7,High
PR01334550,15.0,1,33666,551003,Micro Loan,Ever Bounce,True,0,0,0.0,0.0,0.0,,Ever Bounced,False,0.7,High
PR01334692,15.0,1,34083,821260,SBL,Ever Bounce,True,0,0,0.0,0.0,0.0,,Ever Bounced,False,0.7,High
PR01334955,15.0,1,31734,750634,SBL,Ever Bounce,True,0,0,0.0,0.0,0.0,,Ever Bounced,False,0.7,High
PR01335098,15.0,1,33666,551003,Micro Loan,Ever Bounce,True,0,0,0.0,0.0,0.0,,Ever Bounced,False,0.7,High
PR01335391,15.0,1,26119,635977,SBL,Ever Bounce,True,0,0,0.0,0.0,0.0,,Ever Bounced,False,0.7,High
PR01604995,15.0,1,24218,816516,ME,Ever Bounce,True,0,0,0.0,0.0,0.0,,Ever Bounced,False,0.7,High
PR01335437,15.0,1,37958,1382161,Co-Lending,Ever Bounce,True,0,0,0.0,0.0,0.0,,Ever Bounced,False,0.7,High
PR01372776,15.0,1,7592,277802,Co-Lending,Ever Bounce,True,0,0,0.0,0.0,0.0,,Ever Bounced,False,0.7,High
PR01335708,15.0,1,34952,627867,SBL,Ever Bounce,True,0,0,0.0,0.0,0.0,,Ever Bounced,False,0.7,High
PR01371087,15.0,1,15815,534454,ME,Ever Bounce,True,0,0,0.0,0.0,0.0,,Ever Bounced,False,0.7,High
PR01335866,15.0,1,23852,760637,Co-Lending,Ever Bounce,False,1,0,0.0,1.0,11926.0,2026-09-14 13:30:06,Ever Bounced,False,0.7,High
PR01373369,15.0,1,20210,646945,Co-Lending,Ever Bounce,False,1,0,0.0,1.0,10105.0,2026-09-14 13:33:12,Ever Bounced,False,0.7,High
PR01336000,15.0,1,33874,824565,SBL,Ever Bounce,False,1,0,0.0,1.0,11000.0,2026-09-14 10:37:24,Ever Bounced,False,0.7,High
PR01336297,15.0,1,23546,392526,Micro Loan,Ever Bounce,True,0,0,0.0,0.0,0.0,,Ever Bounced,False,0.7,High
PR01336391,15.0,1,23426,390486,Micro Loan,Ever Bounce,True,0,0,0.0,0.0,0.0,,Ever Bounced,False,0.7,High
PR01336397,15.0,1,35730,641880,SBL,Ever Bounce,True,0,0,0.0,0.0,0.0,,Ever Bounced,False,0.7,High
PR01336472,15.0,1,22264,364370,Micro Loan,Ever Bounce,True,0,0,0.0,0.0,0.0,,Ever Bounced,False,0.7,High
PR01336475,15.0,1,27078,661803,ME,Ever Bounce,True,0,0,0.0,0.0,0.0,,Ever Bounced,False,0.7,High
PR01336540,15.0,1,48400,1287177,ME,Ever Bounce,False,1,0,0.0,1.0,24200.0,2026-09-16 19:23:42,Ever Bounced,False,0.7,High
PR01336727,15.0,1,41290,1005057,SBL,Ever Bounce,True,0,0,0.0,0.0,0.0,,Ever Bounced,False,0.7,High
PR01336779,15.0,1,32434,789451,SBL,Ever Bounce,True,0,0,0.0,0.0,0.0,,Ever Bounced,False,0.7,High
PR01337131,15.0,1,39422,959538,SBL,Ever Bounce,True,0,0,0.0,0.0,0.0,,Ever Bounced,False,0.7,High
PR01337414,15.0,1,63054,1132707,Co-Lending,Ever Bounce,True,0,0,0.0,0.0,0.0,,Ever Bounced,False,0.7,High
PR01337506,15.0,1,28830,701738,SBL,Ever Bounce,True,0,0,0.0,0.0,0.0,,Ever Bounced,False,0.7,High
PR01337680,15.0,1,36038,877162,SBL,Ever Bounce,True,0,0,0.0,0.0,0.0,,Ever Bounced,False,0.7,High
PR01337753,15.0,1,30252,533225,SBL,Ever Bounce,True,0,0,0.0,0.0,0.0,,Ever Bounced,False,0.7,High
PR01691371,15.0,1,16816,353761,ME,Ever Bounce,True,0,0,0.0,0.0,0.0,,Ever Bounced,False,0.7,High
PR01337971,15.0,1,10930,196325,ME,Ever Bounce,True,0,0,0.0,0.0,0.0,,Ever Bounced,False,0.7,High
PR01355779,15.0,1,14292,263196,ME,Ever Bounce,True,0,0,0.0,0.0,0.0,,Ever Bounced,False,0.7,High
PR01337984,15.0,1,24332,609728,SBL,Ever Bounce,True,0,0,0.0,0.0,0.0,,Ever Bounced,False,0.7,High
PR01338669,15.0,1,55212,1410787,Co-Lending,Ever Bounce,True,0,0,0.0,0.0,0.0,,Ever Bounced,False,0.7,High
PR01346389,15.0,1,15262,408416,ME,Ever Bounce,True,0,0,0.0,0.0,0.0,,Ever Bounced,False,0.7,High
PR01404346,15.0,1,17004,463289,ME,Ever Bounce,True,0,0,0.0,0.0,0.0,,Ever Bounced,False,0.7,High
PR01346820,15.0,1,22442,549233,SBL,Ever Bounce,True,0,0,0.0,0.0,0.0,,Ever Bounced,False,0.7,High
PR01348448,15.0,1,34760,876012,SBL,Ever Bounce,True,0,0,0.0,0.0,0.0,,Ever Bounced,False,0.7,High
PR01551120,15.0,1,14414,368812,SBL,Ever Bounce,True,0,0,0.0,0.0,0.0,,Ever Bounced,False,0.7,High
PR01349717,15.0,1,41712,1051212,SBL,Ever Bounce,True,0,0,0.0,0.0,0.0,,Ever Bounced,False,0.7,High
PR01349989,15.0,1,25374,639503,SBL,Ever Bounce,True,0,0,0.0,0.0,0.0,,Ever Bounced,False,0.7,High
PR01595884,15.0,1,12612,325579,ME,Ever Bounce,True,0,0,0.0,0.0,0.0,,Ever Bounced,False,0.7,High
PR01350258,15.0,1,33334,815829,SBL,Ever Bounce,True,0,0,0.0,0.0,0.0,,Ever Bounced,False,0.7,High
PR01350727,15.0,1,27618,308504,Micro Loan,Ever Bounce,False,1,0,0.0,1.0,13809.0,2026-09-10 20:24:19,Ever Bounced,False,0.7,High
PR01350887,15.0,1,30380,339345,Micro Loan,Ever Bounce,False,1,0,0.0,1.0,15190.0,2026-09-10 15:45:51,Ever Bounced,False,0.7,High
PR01351405,15.0,1,26820,639165,SBL,Ever Bounce,True,0,0,0.0,0.0,0.0,,Ever Bounced,False,0.7,High
PR01352669,15.0,1,23426,394958,Micro Loan,Ever Bounce,True,0,0,0.0,0.0,0.0,,Ever Bounced,False,0.7,High
PR01402467,15.0,1,19336,364555,SBL,Ever Bounce,True,0,0,0.0,0.0,0.0,,Ever Bounced,False,0.7,High
PR01353230,15.0,1,32434,793762,SBL,Ever Bounce,True,0,0,0.0,0.0,0.0,,Ever Bounced,False,0.7,High
PR01353812,15.0,1,28856,477580,Micro Loan,Ever Bounce,True,0,0,0.0,0.0,0.0,,Ever Bounced,False,0.7,High
PR01354575,15.0,1,19820,485093,SBL,Ever Bounce,False,1,0,0.0,1.0,9910.0,2026-09-10 18:50:59,Ever Bounced,False,0.7,High
PR01406913,15.0,1,16216,403175,SBL,Ever Bounce,True,0,0,0.0,0.0,0.0,,Ever Bounced,False,0.7,High
PR01354621,15.0,1,43244,1058381,SBL,Ever Bounce,True,0,0,0.0,0.0,0.0,,Ever Bounced,False,0.7,High
PR01354722,15.0,1,30632,749664,SBL,Ever Bounce,False,1,0,0.0,1.0,15316.0,2026-09-11 11:25:54,Ever Bounced,False,0.7,High
PR01354834,15.0,1,30984,1131838,Co-Lending,Ever Bounce,True,0,0,0.0,0.0,0.0,,Ever Bounced,False,0.7,High
PR01410917,15.0,1,19626,722614,Co-Lending,Ever Bounce,True,0,0,0.0,0.0,0.0,,Ever Bounced,False,0.7,High
PR01354995,15.0,1,32434,793762,SBL,Ever Bounce,True,0,0,0.0,0.0,0.0,,Ever Bounced,False,0.7,High
PR01355084,15.0,1,42036,764684,SBL,Ever Bounce,True,0,0,0.0,0.0,0.0,,Ever Bounced,False,0.7,High
PR01355233,15.0,1,34236,837856,SBL,Ever Bounce,True,0,0,0.0,0.0,0.0,,Ever Bounced,False,0.7,High
PR01355235,15.0,1,37077,908432,SBL,Ever Bounce,True,0,0,0.0,0.0,0.0,,Ever Bounced,False,0.7,High
PR01355281,15.0,1,34760,876012,SBL,Ever Bounce,True,0,0,0.0,0.0,0.0,,Ever Bounced,False,0.7,High
PR01355471,15.0,1,23426,394958,Micro Loan,Ever Bounce,True,0,0,0.0,0.0,0.0,,Ever Bounced,False,0.7,High
PR01355638,15.0,1,52140,1314014,SBL,Ever Bounce,True,0,0,0.0,0.0,0.0,,Ever Bounced,False,0.7,High
PR01355722,15.0,1,47152,356502,SBL,Ever Bounce,True,0,0,0.0,0.0,0.0,,Ever Bounced,False,0.7,High
PR01356129,15.0,1,36038,886671,SBL,Ever Bounce,True,0,0,0.0,0.0,0.0,,Ever Bounced,False,0.7,High
PR01356450,15.0,1,24048,402270,Micro Loan,Ever Bounce,False,1,0,0.0,1.0,12024.0,2026-09-16 19:28:55,Ever Bounced,False,0.7,High
PR01356678,15.0,1,49722,1338661,SBL,Ever Bounce,True,0,0,0.0,0.0,0.0,,Ever Bounced,False,0.7,High
PR01356768,15.0,1,42766,1560774,Co-Lending,Ever Bounce,False,1,0,0.0,1.0,21383.0,2026-09-11 16:44:02,Ever Bounced,False,0.7,High
PR01365525,15.0,1,31430,1017005,ME,Ever Bounce,True,0,0,0.0,0.0,0.0,,Ever Bounced,False,0.7,High
PR01366603,15.0,1,43244,1064042,SBL,Ever Bounce,False,1,0,0.0,1.0,21622.0,2026-09-09 15:01:56,Ever Bounced,False,0.7,High
PR01366829,15.0,1,41988,1418930,ME,Ever Bounce,True,0,0,0.0,0.0,0.0,,Ever Bounced,False,0.7,High
PR01368278,15.0,1,28782,482755,Micro Loan,Ever Bounce,True,0,0,0.0,0.0,0.0,,Ever Bounced,False,0.7,High
PR01369902,15.0,1,23426,399350,Micro Loan,Ever Bounce,True,0,0,0.0,0.0,0.0,,Ever Bounced,False,0.7,High
PR01369992,15.0,1,27808,704728,SBL,Ever Bounce,True,0,0,0.0,0.0,0.0,,Ever Bounced,False,0.7,High
PR01411550,15.0,1,17492,443345,ME,Ever Bounce,False,1,0,0.0,1.0,8746.0,2026-09-11 17:27:13,Ever Bounced,False,0.7,High
PR01370082,15.0,1,28000,669194,SBL,Ever Bounce,True,0,0,0.0,0.0,0.0,,Ever Bounced,False,0.7,High
PR01755895,15.0,1,14806,275737,SBL,Ever Bounce,True,0,0,0.0,0.0,0.0,,Ever Bounced,False,0.7,High
PR01371018,15.0,1,31910,1078400,ME,Ever Bounce,True,0,0,0.0,0.0,0.0,,Ever Bounced,False,0.7,High
PR01371135,15.0,1,95370,2648239,ME,Ever Bounce,True,0,0,0.0,0.0,0.0,,Ever Bounced,False,0.7,High
PR01371521,15.0,1,25930,468248,Micro Loan,Ever Bounce,False,1,0,0.0,1.0,12965.0,2026-09-17 12:27:26,Ever Bounced,False,0.7,High
PR01605006,15.0,1,48080,1804858,Co-Lending,Ever Bounce,True,0,0,0.0,0.0,0.0,,Ever Bounced,False,0.7,High
PR01371802,15.0,1,18740,319502,Micro Loan,Ever Bounce,True,0,0,0.0,0.0,0.0,,Ever Bounced,False,0.7,High
PR01372029,15.0,1,52140,1321365,SBL,Ever Bounce,True,0,0,0.0,0.0,0.0,,Ever Bounced,False,0.7,High
PR01372045,15.0,1,30074,739988,SBL,Ever Bounce,True,0,0,0.0,0.0,0.0,,Ever Bounced,False,0.7,High
PR01372128,15.0,1,34740,652525,SBL,Ever Bounce,True,0,0,0.0,0.0,0.0,,Ever Bounced,False,0.7,High
PR01372228,15.0,1,20456,570704,Co-Lending,Ever Bounce,False,2,0,0.0,1.0,20456.0,2026-09-16 16:13:22,Ever Bounced,False,0.7,High
PR01431547,15.0,1,25228,717247,Co-Lending,Ever Bounce,False,2,0,0.0,1.0,25228.0,2026-09-16 16:14:52,Ever Bounced,False,0.7,High
PR01372311,15.0,1,37212,915557,SBL,Ever Bounce,False,1,0,0.0,1.0,18606.0,2026-09-14 19:34:38,Ever Bounced,False,0.7,High
PR01372481,15.0,1,40588,1371635,ME,Ever Bounce,True,0,0,0.0,0.0,0.0,,Ever Bounced,False,0.7,High
PR01372502,15.0,1,25568,864045,ME,Ever Bounce,True,0,0,0.0,0.0,0.0,,Ever Bounced,False,0.7,High
PR01372637,15.0,1,23122,553181,SBL,Ever Bounce,False,1,0,0.0,1.0,11574.0,2026-09-11 20:44:06,Ever Bounced,False,0.7,High
PR01758139,15.0,1,29008,845465,ME,Ever Bounce,True,0,0,0.0,0.0,0.0,,Ever Bounced,False,0.7,High
PR01633729,15.0,1,16126,556652,Co-Lending,Ever Bounce,True,0,0,0.0,0.0,0.0,,Ever Bounced,False,0.7,High
PR01372870,15.0,1,43668,120198,SBL,Ever Bounce,True,0,0,0.0,0.0,0.0,,Ever Bounced,False,0.7,High
PR01372871,15.0,1,26602,654529,SBL,Ever Bounce,True,0,0,0.0,0.0,0.0,,Ever Bounced,False,0.7,High
PR01665372,15.0,1,10534,219660,ME,Ever Bounce,True,0,0,0.0,0.0,0.0,,Ever Bounced,False,0.7,High
PR01372904,15.0,1,50254,1298136,Co-Lending,Ever Bounce,True,0,0,0.0,0.0,0.0,,Ever Bounced,False,0.7,High
PR01372946,15.0,1,54584,1844613,SBL,Ever Bounce,True,0,0,0.0,0.0,0.0,,Ever Bounced,False,0.7,High
PR01373050,15.0,1,14560,347987,ME,Ever Bounce,True,0,0,0.0,0.0,0.0,,Ever Bounced,False,0.7,High
PR01373339,15.0,1,33730,829955,SBL,Ever Bounce,True,0,0,0.0,0.0,0.0,,Ever Bounced,False,0.7,High
PR01373416,15.0,1,34760,880912,SBL,Ever Bounce,True,0,0,0.0,0.0,0.0,,Ever Bounced,False,0.7,High
PR01373512,15.0,1,33142,379801,SBL,Ever Bounce,True,0,0,0.0,0.0,0.0,,Ever Bounced,False,0.7,High
PR01374143,15.0,1,52874,1710826,ME,Ever Bounce,True,0,0,0.0,0.0,0.0,,Ever Bounced,False,0.7,High
PR01374188,15.0,1,31076,550663,Micro Loan,Ever Bounce,True,0,0,0.0,0.0,0.0,,Ever Bounced,False,0.7,High
PR01374196,15.0,1,27056,628307,SBL,Ever Bounce,True,0,0,0.0,0.0,0.0,,Ever Bounced,False,0.7,High
PR01383456,15.0,1,41262,1020588,SBL,Ever Bounce,True,0,0,0.0,0.0,0.0,,Ever Bounced,False,0.7,High
PR01385506,15.0,1,30800,739812,SBL,Ever Bounce,True,0,0,0.0,0.0,0.0,,Ever Bounced,False,0.7,High
PR01386280,15.0,1,32480,780159,SBL,Ever Bounce,True,0,0,0.0,0.0,0.0,,Ever Bounced,False,0.7,High
PR01386756,15.0,1,14002,255809,SBL,Ever Bounce,True,0,0,0.0,0.0,0.0,,Ever Bounced,False,0.7,High
PR01409846,15.0,1,19448,359311,ME,Ever Bounce,True,0,0,0.0,0.0,0.0,,Ever Bounced,False,0.7,High
PR01387776,15.0,1,28856,487833,SBL,Ever Bounce,True,0,0,0.0,0.0,0.0,,Ever Bounced,False,0.7,High
PR01388193,15.0,1,32434,802193,SBL,Ever Bounce,False,1,0,0.0,1.0,16217.0,2026-09-16 21:09:25,Ever Bounced,False,0.7,High
PR01388606,15.0,1,41712,1062891,SBL,Ever Bounce,True,0,0,0.0,0.0,0.0,,Ever Bounced,False,0.7,High
PR01388618,15.0,1,31088,556925,Micro Loan,Ever Bounce,True,0,0,0.0,0.0,0.0,,Ever Bounced,False,0.7,High
PR01388714,15.0,1,61770,1529011,SBL,Ever Bounce,True,0,0,0.0,0.0,0.0,,Ever Bounced,False,0.7,High
PR01388745,15.0,1,37478,927001,SBL,Ever Bounce,True,0,0,0.0,0.0,0.0,,Ever Bounced,False,0.7,High
PR01388777,15.0,1,26592,900698,ME,Ever Bounce,True,0,0,0.0,0.0,0.0,,Ever Bounced,False,0.7,High
PR01388997,15.0,1,42036,783359,SBL,Ever Bounce,True,0,0,0.0,0.0,0.0,,Ever Bounced,False,0.7,High
PR01389866,15.0,1,41722,1095868,SBL,Ever Bounce,True,0,0,0.0,0.0,0.0,,Ever Bounced,False,0.7,High
PR01389932,15.0,1,23184,556876,SBL,Ever Bounce,True,0,0,0.0,0.0,0.0,,Ever Bounced,False,0.7,High
PR01389945,15.0,1,28112,484386,SBL,Ever Bounce,True,0,0,0.0,0.0,0.0,,Ever Bounced,False,0.7,High
PR01389984,15.0,1,40062,731885,SBL,Ever Bounce,True,0,0,0.0,0.0,0.0,,Ever Bounced,False,0.7,High
PR01389986,15.0,1,50610,1857829,Co-Lending,Ever Bounce,True,0,0,0.0,0.0,0.0,,Ever Bounced,False,0.7,High
PR01390063,15.0,1,46848,1158742,SBL,Ever Bounce,True,0,0,0.0,0.0,0.0,,Ever Bounced,False,0.7,High
PR01390083,15.0,1,33602,807028,SBL,Ever Bounce,True,0,0,0.0,0.0,0.0,,Ever Bounced,False,0.7,High
PR01390212,15.0,1,27522,633063,SBL,Ever Bounce,True,0,0,0.0,0.0,0.0,,Ever Bounced,False,0.7,High
PR01390219,15.0,1,18740,322951,Micro Loan,Ever Bounce,False,1,0,0.0,1.0,9370.0,2026-09-10 19:03:07,Ever Bounced,False,0.7,High
PR01390221,15.0,1,36976,461258,SBL,Ever Bounce,True,0,0,0.0,0.0,0.0,,Ever Bounced,False,0.7,High
PR01390324,15.0,1,32698,585792,Micro Loan,Ever Bounce,True,0,0,0.0,0.0,0.0,,Ever Bounced,False,0.7,High
PR01390378,15.0,1,27992,948096,ME,Ever Bounce,True,0,0,0.0,0.0,0.0,,Ever Bounced,False,0.7,High
PR01391031,15.0,1,32434,802193,SBL,Ever Bounce,True,0,0,0.0,0.0,0.0,,Ever Bounced,False,0.7,High
PR01391071,15.0,1,14424,390638,ME,Ever Bounce,True,0,0,0.0,0.0,0.0,,Ever Bounced,False,0.7,High
PR01398741,15.0,1,30978,584061,SBL,Ever Bounce,True,0,0,0.0,0.0,0.0,,Ever Bounced,False,0.7,High
PR01402388,15.0,1,23296,562308,SBL,Ever Bounce,True,0,0,0.0,0.0,0.0,,Ever Bounced,False,0.7,High
PR01403181,15.0,1,36038,895900,SBL,Ever Bounce,True,0,0,0.0,0.0,0.0,,Ever Bounced,False,0.7,High
PR01405405,15.0,1,33570,632895,SBL,Ever Bounce,True,0,0,0.0,0.0,0.0,,Ever Bounced,False,0.7,High
PR01405412,15.0,1,31062,749731,SBL,Ever Bounce,True,0,0,0.0,0.0,0.0,,Ever Bounced,False,0.7,High
PR01405426,15.0,1,23094,418286,SBL,Ever Bounce,True,0,0,0.0,0.0,0.0,,Ever Bounced,False,0.7,High
PR01405431,15.0,1,36038,895900,SBL,Ever Bounce,True,0,0,0.0,0.0,0.0,,Ever Bounced,False,0.7,High
PR01927842,15.0,1,26034,670463,ME,Ever Bounce,True,0,0,0.0,0.0,0.0,,Ever Bounced,False,0.7,High
PR01405475,15.0,1,28830,716727,SBL,Ever Bounce,True,0,0,0.0,0.0,0.0,,Ever Bounced,False,0.7,High
PR01405478,15.0,1,28856,492815,Micro Loan,Ever Bounce,True,0,0,0.0,0.0,0.0,,Ever Bounced,False,0.7,High
PR01405613,15.0,1,25058,427902,Micro Loan,Ever Bounce,True,0,0,0.0,0.0,0.0,,Ever Bounced,False,0.7,High
PR01406490,15.0,1,26880,475716,SBL,Ever Bounce,False,1,0,0.0,1.0,13440.0,2026-09-09 16:52:23,Ever Bounced,False,0.7,High
PR01407381,15.0,1,36182,955706,ME,Ever Bounce,True,0,0,0.0,0.0,0.0,,Ever Bounced,False,0.7,High
PR01411528,15.0,1,27472,725623,ME,Ever Bounce,True,0,0,0.0,0.0,0.0,,Ever Bounced,False,0.7,High
PR01408171,15.0,1,33602,810988,SBL,Ever Bounce,True,0,0,0.0,0.0,0.0,,Ever Bounced,False,0.7,High
PR01408237,15.0,1,40630,513283,Micro Loan,Ever Bounce,False,1,0,0.0,1.0,10000.0,2026-09-11 11:21:25,Ever Bounced,False,0.7,High
PR01408291,15.0,1,26507,900917,ME,Ever Bounce,True,0,0,0.0,0.0,0.0,,Ever Bounced,False,0.7,High
PR01408310,15.0,1,41878,83276,SBL,Ever Bounce,True,0,0,0.0,0.0,0.0,,Ever Bounced,False,0.7,High
PR01409057,15.0,1,50386,1710377,ME,Ever Bounce,True,0,0,0.0,0.0,0.0,,Ever Bounced,False,0.7,High
PR01409656,15.0,1,41712,1068608,SBL,Ever Bounce,True,0,0,0.0,0.0,0.0,,Ever Bounced,False,0.7,High
PR01410011,15.0,1,36758,904677,Co-Lending,Ever Bounce,True,0,0,0.0,0.0,0.0,,Ever Bounced,False,0.7,High
PR01410222,15.0,1,16944,375339,SBL,Ever Bounce,False,1,0,0.0,1.0,8475.0,2026-09-15 14:25:58,Ever Bounced,False,0.7,High
PR01410306,15.0,1,32698,629091,SBL,Ever Bounce,True,0,0,0.0,0.0,0.0,,Ever Bounced,False,0.7,High
PR01410489,15.0,1,43244,1075115,SBL,Ever Bounce,False,1,0,0.0,1.0,21622.0,2026-09-14 12:39:48,Ever Bounced,False,0.7,High
PR01410511,15.0,1,32434,806315,SBL,Ever Bounce,False,1,0,0.0,1.0,16217.0,2026-09-15 15:59:14,Ever Bounced,False,0.7,High
PR01410628,15.0,1,36037,895900,SBL,Ever Bounce,True,0,0,0.0,0.0,0.0,,Ever Bounced,False,0.7,High
PR01410760,15.0,1,62106,1728788,Co-Lending,Ever Bounce,True,0,0,0.0,0.0,0.0,,Ever Bounced,False,0.7,High
PR01410848,15.0,1,16866,293700,Micro Loan,Ever Bounce,False,1,0,0.0,1.0,8433.0,2026-09-15 15:54:02,Ever Bounced,False,0.7,High
PR01410905,15.0,1,36038,895900,SBL,Ever Bounce,True,0,0,0.0,0.0,0.0,,Ever Bounced,False,0.7,High
PR01410928,15.0,1,27990,637635,SBL,Ever Bounce,True,0,0,0.0,0.0,0.0,,Ever Bounced,False,0.7,High
PR01410940,15.0,1,28748,693849,SBL,Ever Bounce,True,0,0,0.0,0.0,0.0,,Ever Bounced,False,0.7,High
PR01410981,15.0,1,31284,801456,SBL,Ever Bounce,True,0,0,0.0,0.0,0.0,,Ever Bounced,False,0.7,High
PR01410985,15.0,1,51932,1868373,Co-Lending,Ever Bounce,True,0,0,0.0,0.0,0.0,,Ever Bounced,False,0.7,High
PR01410996,15.0,1,32190,1092763,ME,Ever Bounce,True,0,0,0.0,0.0,0.0,,Ever Bounced,False,0.7,High
PR01411037,15.0,1,41712,1068608,SBL,Ever Bounce,True,0,0,0.0,0.0,0.0,,Ever Bounced,False,0.7,High
PR01411070,15.0,1,33502,876094,Co-Lending,Ever Bounce,True,0,0,0.0,0.0,0.0,,Ever Bounced,False,0.7,High
PR01411071,15.0,1,31284,801456,SBL,Ever Bounce,True,0,0,0.0,0.0,0.0,,Ever Bounced,False,0.7,High
PR01411109,15.0,1,39952,1404782,Co-Lending,Ever Bounce,True,0,0,0.0,0.0,0.0,,Ever Bounced,False,0.7,High
PR01411493,15.0,1,28856,492815,Micro Loan,Ever Bounce,True,0,0,0.0,0.0,0.0,,Ever Bounced,False,0.7,High
PR01834882,15.0,1,14416,384246,ME,Ever Bounce,True,0,0,0.0,0.0,0.0,,Ever Bounced,False,0.7,High
PR01411512,15.0,1,31462,581293,SBL,Ever Bounce,False,1,0,0.0,1.0,15731.0,2026-09-16 08:14:12,Ever Bounced,False,0.7,High
PR01411821,15.0,1,30411,779208,SBL,Ever Bounce,True,0,0,0.0,0.0,0.0,,Ever Bounced,False,0.7,High
PR01412276,15.0,1,23752,439186,SBL,Ever Bounce,False,1,0,0.0,1.0,11884.0,2026-09-11 14:54:07,Ever Bounced,False,0.7,High
PR01412570,15.0,1,69056,1823991,SBL,Ever Bounce,False,1,0,0.0,1.0,34528.0,2026-09-10 16:59:59,Ever Bounced,False,0.7,High
PR01412928,15.0,1,15604,387931,SBL,Ever Bounce,True,0,0,0.0,0.0,0.0,,Ever Bounced,False,0.7,High
PR01478640,15.0,1,21514,542828,ME,Ever Bounce,True,0,0,0.0,0.0,0.0,,Ever Bounced,False,0.7,High
PR01413037,15.0,1,27714,501923,SBL,Ever Bounce,False,1,0,0.0,1.0,13857.0,2026-09-15 17:16:51,Ever Bounced,False,0.7,High
PR01413108,15.0,1,35956,664346,SBL,Ever Bounce,True,0,0,0.0,0.0,0.0,,Ever Bounced,False,0.7,High
PR01413112,15.0,1,24048,410656,Micro Loan,Ever Bounce,True,0,0,0.0,0.0,0.0,,Ever Bounced,False,0.7,High
PR01413141,15.0,1,22342,555483,SBL,Ever Bounce,True,0,0,0.0,0.0,0.0,,Ever Bounced,False,0.7,High
PR01438443,15.0,1,20902,524820,ME,Ever Bounce,True,0,0,0.0,0.0,0.0,,Ever Bounced,False,0.7,High
PR01420109,15.0,1,35794,921850,SBL,Ever Bounce,True,0,0,0.0,0.0,0.0,,Ever Bounced,False,0.7,High
PR01428355,15.0,1,31088,569142,Micro Loan,Ever Bounce,True,0,0,0.0,0.0,0.0,,Ever Bounced,False,0.7,High
PR01429433,15.0,1,36038,900413,SBL,Ever Bounce,True,0,0,0.0,0.0,0.0,,Ever Bounced,False,0.7,High
PR01429507,15.0,1,28830,720337,SBL,Ever Bounce,True,0,0,0.0,0.0,0.0,,Ever Bounced,False,0.7,High
PR01430372,15.0,1,33708,842203,SBL,Ever Bounce,True,0,0,0.0,0.0,0.0,,Ever Bounced,False,0.7,High
PR01682062,15.0,1,23042,429382,ME,Ever Bounce,True,0,0,0.0,0.0,0.0,,Ever Bounced,False,0.7,High
PR01430378,15.0,1,28000,679092,SBL,Ever Bounce,True,0,0,0.0,0.0,0.0,,Ever Bounced,False,0.7,High
PR01430798,15.0,1,50254,1334684,SBL,Ever Bounce,True,0,0,0.0,0.0,0.0,,Ever Bounced,False,0.7,High
PR01430822,15.0,1,28868,528474,SBL,Ever Bounce,True,0,0,0.0,0.0,0.0,,Ever Bounced,False,0.7,High
PR01241365,15.0,1,29865,707288,SBL,Ever Bounce,True,0,0,0.0,0.0,0.0,,Ever Bounced,False,0.7,High
PR01431077,15.0,1,14934,362174,ME,Ever Bounce,False,1,0,0.0,1.0,7467.0,2026-09-10 11:57:51,Ever Bounced,False,0.7,High
PR01431499,15.0,1,52140,1342807,ME,Ever Bounce,True,0,0,0.0,0.0,0.0,,Ever Bounced,False,0.7,High
PR01156628,15.0,1,27836,1009023,Co-Lending,Ever Bounce,True,0,0,0.0,0.0,0.0,,Ever Bounced,False,0.7,High
PR01431569,15.0,1,10654,375171,Co-Lending,Ever Bounce,True,0,0,0.0,0.0,0.0,,Ever Bounced,False,0.7,High
PR01431604,15.0,1,35796,1217852,ME,Ever Bounce,True,0,0,0.0,0.0,0.0,,Ever Bounced,False,0.7,High
PR01431625,15.0,1,34990,1190383,ME,Ever Bounce,False,1,0,0.0,1.0,17495.0,2026-09-07 14:22:10,Ever Bounced,False,0.7,High
PR01431640,15.0,1,19216,692390,Co-Lending,Ever Bounce,True,0,0,0.0,0.0,0.0,,Ever Bounced,False,0.7,High
PR01431815,15.0,1,14992,267243,Micro Loan,Ever Bounce,True,0,0,0.0,0.0,0.0,,Ever Bounced,False,0.7,High
PR01432131,15.0,1,36038,900413,SBL,Ever Bounce,True,0,0,0.0,0.0,0.0,,Ever Bounced,False,0.7,High
PR01432410,15.0,1,30611,742468,SBL,Ever Bounce,True,0,0,0.0,0.0,0.0,,Ever Bounced,False,0.7,High
PR01432586,15.0,1,18934,339739,Micro Loan,Ever Bounce,True,0,0,0.0,0.0,0.0,,Ever Bounced,False,0.7,High
PR01432763,15.0,1,30222,755100,SBL,Ever Bounce,True,0,0,0.0,0.0,0.0,,Ever Bounced,False,0.7,High
PR01432766,15.0,1,30146,392610,SBL,Ever Bounce,True,0,0,0.0,0.0,0.0,,Ever Bounced,False,0.7,High
PR01432767,15.0,1,31088,569142,SBL,Ever Bounce,True,0,0,0.0,0.0,0.0,,Ever Bounced,False,0.7,High
PR01432831,15.0,1,18018,450222,SBL,Ever Bounce,False,1,0,0.0,1.0,9009.0,2026-09-16 11:09:44,Ever Bounced,False,0.7,High
PR01450617,15.0,1,18018,452444,ME,Ever Bounce,False,1,0,0.0,1.0,9009.0,2026-09-16 11:12:57,Ever Bounced,False,0.7,High
PR01432840,15.0,1,50616,1416207,Co-Lending,Ever Bounce,False,1,0,0.0,1.0,25308.0,2026-09-14 19:30:09,Ever Bounced,False,0.7,High
PR01432907,15.0,1,31938,573031,Micro Loan,Ever Bounce,True,0,0,0.0,0.0,0.0,,Ever Bounced,False,0.7,High
PR01074611,15.0,1,34760,859091,SBL,Ever Bounce,True,0,0,0.0,0.0,0.0,,Ever Bounced,False,0.7,High
PR01433213,15.0,1,28830,720337,ME,Ever Bounce,True,0,0,0.0,0.0,0.0,,Ever Bounced,False,0.7,High
PR01433516,15.0,1,55984,1904610,ME,Ever Bounce,False,1,0,0.0,1.0,27992.0,2026-09-07 20:16:29,Ever Bounced,False,0.7,High
PR01433658,15.0,1,34760,895206,SBL,Ever Bounce,True,0,0,0.0,0.0,0.0,,Ever Bounced,False,0.7,High
PR01433684,15.0,1,49699,1241837,SBL,Ever Bounce,True,0,0,0.0,0.0,0.0,,Ever Bounced,False,0.7,High
PR01433836,15.0,1,36734,686217,SBL,Ever Bounce,True,0,0,0.0,0.0,0.0,,Ever Bounced,False,0.7,High
PR01433895,15.0,1,29760,643531,SBL,Ever Bounce,True,0,0,0.0,0.0,0.0,,Ever Bounced,False,0.7,High
PR01433968,15.0,1,22342,558280,SBL,Ever Bounce,False,1,0,0.0,1.0,22342.0,2026-09-10 18:46:05,Ever Bounced,False,0.7,High
PR01433977,15.0,1,31792,401006,SBL,Ever Bounce,True,0,0,0.0,0.0,0.0,,Ever Bounced,False,0.7,High
PR01434091,15.0,1,55900,1507897,ME,Ever Bounce,False,1,0,0.0,1.0,27950.0,2026-09-12 18:03:12,Ever Bounced,False,0.7,High
PR01434152,15.0,1,27808,716164,SBL,Ever Bounce,False,1,0,0.0,1.0,13904.0,2026-09-16 17:58:13,Ever Bounced,False,0.7,High
PR01434201,15.0,1,32022,586192,SBL,Ever Bounce,True,0,0,0.0,0.0,0.0,,Ever Bounced,False,0.7,High
PR01434262,15.0,1,34842,925392,SBL,Ever Bounce,True,0,0,0.0,0.0,0.0,,Ever Bounced,False,0.7,High
PR01434279,15.0,1,30272,756343,SBL,Ever Bounce,True,0,0,0.0,0.0,0.0,,Ever Bounced,False,0.7,High
PR01434401,15.0,1,29424,561064,SBL,Ever Bounce,True,0,0,0.0,0.0,0.0,,Ever Bounced,False,0.7,High
PR01434453,15.0,1,26452,456214,Micro Loan,Ever Bounce,True,0,0,0.0,0.0,0.0,,Ever Bounced,False,0.7,High
PR01435796,15.0,1,37652,1357332,Co-Lending,Ever Bounce,True,0,0,0.0,0.0,0.0,,Ever Bounced,False,0.7,High
PR01490746,15.0,1,26798,972644,Co-Lending,Ever Bounce,True,0,0,0.0,0.0,0.0,,Ever Bounced,False,0.7,High
PR01436607,15.0,1,24048,418729,Micro Loan,Ever Bounce,True,0,0,0.0,0.0,0.0,,Ever Bounced,False,0.7,High
PR01439553,15.0,1,34572,652821,SBL,Ever Bounce,False,1,0,0.0,1.0,17300.0,2026-09-15 19:03:19,Ever Bounced,False,0.7,High
PR01441226,15.0,1,93994,1244540,SBL,Ever Bounce,True,0,0,0.0,0.0,0.0,,Ever Bounced,False,0.7,High
PR01447602,15.0,1,34760,899838,SBL,Ever Bounce,True,0,0,0.0,0.0,0.0,,Ever Bounced,False,0.7,High
PR01448051,15.0,1,7594,247698,ME,Ever Bounce,True,0,0,0.0,0.0,0.0,,Ever Bounced,False,0.7,High
PR01450499,15.0,1,16851,318248,ME,Ever Bounce,True,0,0,0.0,0.0,0.0,,Ever Bounced,False,0.7,High
PR01479977,15.0,1,12528,239131,ME,Ever Bounce,True,0,0,0.0,0.0,0.0,,Ever Bounced,False,0.7,High
PR01389966,15.0,1,20758,513402,SBL,Ever Bounce,True,0,0,0.0,0.0,0.0,,Ever Bounced,False,0.7,High
PR01451207,15.0,1,15280,383660,ME,Ever Bounce,True,0,0,0.0,0.0,0.0,,Ever Bounced,False,0.7,High
PR01452395,15.0,1,32434,814377,SBL,Ever Bounce,True,0,0,0.0,0.0,0.0,,Ever Bounced,False,0.7,High
PR01453063,15.0,1,39188,1336132,ME,Ever Bounce,True,0,0,0.0,0.0,0.0,,Ever Bounced,False,0.7,High
PR01453205,15.0,1,23964,566890,SBL,Ever Bounce,True,0,0,0.0,0.0,0.0,,Ever Bounced,False,0.7,High
PR01453613,15.0,1,36038,904859,SBL,Ever Bounce,True,0,0,0.0,0.0,0.0,,Ever Bounced,False,0.7,High
PR01453621,15.0,1,28112,499360,Micro Loan,Ever Bounce,True,0,0,0.0,0.0,0.0,,Ever Bounced,False,0.7,High
PR01453637,15.0,1,17714,655299,Co-Lending,Ever Bounce,True,0,0,0.0,0.0,0.0,,Ever Bounced,False,0.7,High
PR01479502,15.0,1,15182,563360,Co-Lending,Ever Bounce,True,0,0,0.0,0.0,0.0,,Ever Bounced,False,0.7,High
PR01475038,15.0,1,20496,586529,ME,Ever Bounce,True,0,0,0.0,0.0,0.0,,Ever Bounced,False,0.7,High
PR01453696,15.0,1,29514,741082,ME,Ever Bounce,True,0,0,0.0,0.0,0.0,,Ever Bounced,False,0.7,High
PR01453719,15.0,1,46788,1289295,ME,Ever Bounce,True,0,0,0.0,0.0,0.0,,Ever Bounced,False,0.7,High
PR01453882,15.0,1,36036,627537,Micro Loan,Ever Bounce,True,0,0,0.0,0.0,0.0,,Ever Bounced,False,0.7,High
PR01453926,15.0,1,26070,674879,SBL,Ever Bounce,True,0,0,0.0,0.0,0.0,,Ever Bounced,False,0.7,High
PR01454328,15.0,1,41712,1079805,SBL,Ever Bounce,False,1,0,0.0,1.0,20856.0,2026-09-15 15:46:55,Ever Bounced,False,0.7,High
PR01454681,15.0,1,29516,524353,SBL,Ever Bounce,True,0,0,0.0,0.0,0.0,,Ever Bounced,False,0.7,High
PR01454703,15.0,1,28112,499360,SBL,Ever Bounce,True,0,0,0.0,0.0,0.0,,Ever Bounced,False,0.7,High
PR01454776,15.0,1,23294,567670,SBL,Ever Bounce,True,0,0,0.0,0.0,0.0,,Ever Bounced,False,0.7,High
PR01454834,15.0,1,7851,276072,Micro Loan,Ever Bounce,True,0,0,0.0,0.0,0.0,,Ever Bounced,False,0.7,High
PR01454878,15.0,1,27168,969193,ME,Ever Bounce,True,0,0,0.0,0.0,0.0,,Ever Bounced,False,0.7,High
PR01528608,15.0,1,19178,688838,ME,Ever Bounce,True,0,0,0.0,0.0,0.0,,Ever Bounced,False,0.7,High
PR01454931,15.0,1,37832,729320,SBL,Ever Bounce,True,0,0,0.0,0.0,0.0,,Ever Bounced,False,0.7,High
PR01455062,15.0,1,23083,401981,SBL,Ever Bounce,True,0,0,0.0,0.0,0.0,,Ever Bounced,False,0.7,High
PR01455445,15.0,1,29465,568042,SBL,Ever Bounce,True,0,0,0.0,0.0,0.0,,Ever Bounced,False,0.7,High
PR01455483,15.0,1,33334,837014,SBL,Ever Bounce,True,0,0,0.0,0.0,0.0,,Ever Bounced,False,0.7,High
PR01455518,15.0,1,34760,899838,SBL,Ever Bounce,True,0,0,0.0,0.0,0.0,,Ever Bounced,False,0.7,High
PR01455524,15.0,1,34842,671703,SBL,Ever Bounce,True,0,0,0.0,0.0,0.0,,Ever Bounced,False,0.7,High
PR01455568,15.0,1,29120,709584,SBL,Ever Bounce,True,0,0,0.0,0.0,0.0,,Ever Bounced,False,0.7,High
PR01498288,15.0,1,16938,429367,ME,Ever Bounce,True,0,0,0.0,0.0,0.0,,Ever Bounced,False,0.7,High
PR01455810,15.0,1,30252,571193,SBL,Ever Bounce,True,0,0,0.0,0.0,0.0,,Ever Bounced,False,0.7,High
PR01457585,15.0,1,50452,1266822,SBL,Ever Bounce,True,0,0,0.0,0.0,0.0,,Ever Bounced,False,0.7,High
PR01477569,15.0,1,21622,545554,ME,Ever Bounce,True,0,0,0.0,0.0,0.0,,Ever Bounced,False,0.7,High
PR01461204,15.0,1,37118,936534,SBL,Ever Bounce,True,0,0,0.0,0.0,0.0,,Ever Bounced,False,0.7,High
PR01463309,15.0,1,31332,597806,SBL,Ever Bounce,True,0,0,0.0,0.0,0.0,,Ever Bounced,False,0.7,High
PR01465656,15.0,1,26648,497951,SBL,Ever Bounce,True,0,0,0.0,0.0,0.0,,Ever Bounced,False,0.7,High
PR01472192,15.0,1,22400,548352,SBL,Ever Bounce,True,0,0,0.0,0.0,0.0,,Ever Bounced,False,0.7,High
PR01472246,15.0,1,33370,841974,SBL,Ever Bounce,True,0,0,0.0,0.0,0.0,,Ever Bounced,False,0.7,High
PR01473016,15.0,1,33227,813371,SBL,Ever Bounce,True,0,0,0.0,0.0,0.0,,Ever Bounced,False,0.7,High
PR01474677,15.0,1,64534,1788273,ME,Ever Bounce,False,1,0,0.0,1.0,32267.0,2026-09-12 16:14:14,Ever Bounced,False,0.7,High
PR01502499,15.0,1,14790,562972,Co-Lending,Ever Bounce,True,0,0,0.0,0.0,0.0,,Ever Bounced,False,0.7,High
PR01476386,15.0,1,31856,816175,SBL,Ever Bounce,True,0,0,0.0,0.0,0.0,,Ever Bounced,False,0.7,High
PR01476427,15.0,1,27446,512908,SBL,Ever Bounce,True,0,0,0.0,0.0,0.0,,Ever Bounced,False,0.7,High
PR01477104,15.0,1,30982,758536,SBL,Ever Bounce,True,0,0,0.0,0.0,0.0,,Ever Bounced,False,0.7,High
PR01477255,15.0,1,29424,573378,SBL,Ever Bounce,True,0,0,0.0,0.0,0.0,,Ever Bounced,False,0.7,High
PR01477392,15.0,1,36038,909239,SBL,Ever Bounce,True,0,0,0.0,0.0,0.0,,Ever Bounced,False,0.7,High
PR01477638,15.0,1,46304,1283074,ME,Ever Bounce,True,0,0,0.0,0.0,0.0,,Ever Bounced,False,0.7,High
PR01477889,15.0,1,24048,422652,SBL,Ever Bounce,True,0,0,0.0,0.0,0.0,,Ever Bounced,False,0.7,High
PR01478593,15.0,1,25010,560681,SBL,Ever Bounce,True,0,0,0.0,0.0,0.0,,Ever Bounced,False,0.7,High
PR01478695,15.0,1,35602,481961,SBL,Ever Bounce,True,0,0,0.0,0.0,0.0,,Ever Bounced,False,0.7,High
PR01478708,15.0,1,26498,246825,Micro Loan,Ever Bounce,True,0,0,0.0,0.0,0.0,,Ever Bounced,False,0.7,High
PR01478713,15.0,1,29236,760733,SBL,Ever Bounce,True,0,0,0.0,0.0,0.0,,Ever Bounced,False,0.7,High
PR01478782,15.0,1,20436,406743,SBL,Ever Bounce,True,0,0,0.0,0.0,0.0,,Ever Bounced,False,0.7,High
PR01478828,15.0,1,25130,643883,SBL,Ever Bounce,True,0,0,0.0,0.0,0.0,,Ever Bounced,False,0.7,High
PR01479248,15.0,1,16800,411263,SBL,Ever Bounce,True,0,0,0.0,0.0,0.0,,Ever Bounced,False,0.7,High
PR01518269,15.0,1,13068,322726,ME,Ever Bounce,True,0,0,0.0,0.0,0.0,,Ever Bounced,False,0.7,High
PR02097379,15.0,1,18908,536713,Co-Lending,Ever Bounce,True,0,0,0.0,0.0,0.0,,Ever Bounced,False,0.7,High
PR01479403,15.0,1,29846,581545,SBL,Ever Bounce,False,1,0,0.0,1.0,33063.0,2026-09-16 13:16:55,Ever Bounced,False,0.7,High
PR01479444,15.0,1,31856,816175,SBL,Ever Bounce,True,0,0,0.0,0.0,0.0,,Ever Bounced,False,0.7,High
PR01479550,15.0,1,32714,1243067,Co-Lending,Ever Bounce,True,0,0,0.0,0.0,0.0,,Ever Bounced,False,0.7,High
PR01479750,15.0,1,33560,1207091,SBL,Ever Bounce,True,0,0,0.0,0.0,0.0,,Ever Bounced,False,0.7,High
PR01479778,15.0,1,31178,607508,SBL,Ever Bounce,True,0,0,0.0,0.0,0.0,,Ever Bounced,False,0.7,High
PR01479808,15.0,1,54056,1363874,ME,Ever Bounce,False,1,0,0.0,1.0,27028.0,2026-09-11 10:07:36,Ever Bounced,False,0.7,High
PR01479868,15.0,1,36038,909239,SBL,Ever Bounce,True,0,0,0.0,0.0,0.0,,Ever Bounced,False,0.7,High
PR01479884,15.0,1,32832,881394,SBL,Ever Bounce,False,1,0,0.0,1.0,16416.0,2026-09-16 17:48:56,Ever Bounced,False,0.7,High
PR01479886,15.0,1,32434,818319,SBL,Ever Bounce,True,0,0,0.0,0.0,0.0,,Ever Bounced,False,0.7,High
PR01479972,15.0,1,24804,556039,SBL,Ever Bounce,True,0,0,0.0,0.0,0.0,,Ever Bounced,False,0.7,High
PR01480007,15.0,1,45118,1138392,SBL,Ever Bounce,True,0,0,0.0,0.0,0.0,,Ever Bounced,False,0.7,High
PR01480012,15.0,1,21018,409540,SBL,Ever Bounce,True,0,0,0.0,0.0,0.0,,Ever Bounced,False,0.7,High
PR01480312,15.0,1,49370,1245688,SBL,Ever Bounce,True,0,0,0.0,0.0,0.0,,Ever Bounced,False,0.7,High
PR01480466,15.0,1,23988,643950,SBL,Ever Bounce,True,0,0,0.0,0.0,0.0,,Ever Bounced,False,0.7,High
PR01480525,45.0,2,62982,1437645,ME,Ever Bounce,True,0,0,0.0,0.0,0.0,,Ever Bounced,False,0.7,High
PR01726882,15.0,1,20861,680568,ME,Ever Bounce,True,0,0,0.0,0.0,0.0,,Ever Bounced,False,0.7,High
PR01480929,15.0,1,21084,378127,Micro Loan,Ever Bounce,True,0,0,0.0,0.0,0.0,,Ever Bounced,False,0.7,High
PR01481392,15.0,1,28112,504173,Micro Loan,Ever Bounce,True,0,0,0.0,0.0,0.0,,Ever Bounced,False,0.7,High
PR01481832,15.0,1,28194,711361,SBL,Ever Bounce,True,0,0,0.0,0.0,0.0,,Ever Bounced,False,0.7,High
PR01482029,15.0,1,37214,503775,SBL,Ever Bounce,False,1,0,0.0,1.0,18607.0,2026-09-10 11:02:28,Ever Bounced,False,0.7,High
PR01482628,15.0,1,32422,569834,Micro Loan,Ever Bounce,False,1,0,0.0,1.0,16211.0,2026-09-05 11:23:27,Ever Bounced,False,0.7,High
PR01482676,15.0,1,39448,995336,SBL,Ever Bounce,True,0,0,0.0,0.0,0.0,,Ever Bounced,False,0.7,High
PR01756464,15.0,1,15402,390432,SBL,Ever Bounce,True,0,0,0.0,0.0,0.0,,Ever Bounced,False,0.7,High
PR01484573,15.0,1,30252,583074,Micro Loan,Ever Bounce,True,0,0,0.0,0.0,0.0,,Ever Bounced,False,0.7,High
PR01499924,15.0,1,50610,1323379,SBL,Ever Bounce,True,0,0,0.0,0.0,0.0,,Ever Bounced,False,0.7,High
PR01541279,15.0,1,13556,357920,SBL,Ever Bounce,True,0,0,0.0,0.0,0.0,,Ever Bounced,False,0.7,High
PR01499963,15.0,1,28830,730850,SBL,Ever Bounce,True,0,0,0.0,0.0,0.0,,Ever Bounced,False,0.7,High
PR01499980,15.0,1,30096,677281,SBL,Ever Bounce,True,0,0,0.0,0.0,0.0,,Ever Bounced,False,0.7,High
PR01501306,15.0,1,25946,657777,ME,Ever Bounce,False,1,0,0.0,1.0,12973.0,2026-09-07 20:35:39,Ever Bounced,False,0.7,High
PR01501795,15.0,1,31856,820143,SBL,Ever Bounce,True,0,0,0.0,0.0,0.0,,Ever Bounced,False,0.7,High
PR01501895,15.0,1,33666,597114,Micro Loan,Ever Bounce,True,0,0,0.0,0.0,0.0,,Ever Bounced,False,0.7,High
PR01502627,15.0,1,29914,530593,Micro Loan,Ever Bounce,False,1,0,0.0,1.0,25000.0,2026-09-10 17:06:31,Ever Bounced,False,0.7,High
PR01502757,15.0,1,24804,558207,SBL,Ever Bounce,False,1,0,0.0,1.0,12500.0,2026-09-09 18:12:12,Ever Bounced,False,0.7,High
PR01502786,15.0,1,31938,590248,Micro Loan,Ever Bounce,True,0,0,0.0,0.0,0.0,,Ever Bounced,False,0.7,High
PR01865244,15.0,1,58710,1968142,SBL,Ever Bounce,True,0,0,0.0,0.0,0.0,,Ever Bounced,False,0.7,High
PR01502970,15.0,1,20180,511608,SBL,Ever Bounce,False,1,0,0.0,1.0,10090.0,2026-09-12 18:57:07,Ever Bounced,False,0.7,High
PR01525751,15.0,1,7928,201923,SBL,Ever Bounce,False,1,0,0.0,1.0,3964.0,2026-09-12 18:59:44,Ever Bounced,False,0.7,High
PR01502994,15.0,1,29868,734425,SBL,Ever Bounce,False,1,0,0.0,1.0,14934.0,2026-09-15 18:33:41,Ever Bounced,False,0.7,High
PR01503002,15.0,1,32882,901574,ME,Ever Bounce,True,0,0,0.0,0.0,0.0,,Ever Bounced,False,0.7,High
PR01503051,15.0,1,81930,2869628,ME,Ever Bounce,True,0,0,0.0,0.0,0.0,,Ever Bounced,False,0.7,High
PR01738569,15.0,1,24508,840867,ME,Ever Bounce,True,0,0,0.0,0.0,0.0,,Ever Bounced,False,0.7,High
PR01503117,15.0,1,50454,1279031,SBL,Ever Bounce,True,0,0,0.0,0.0,0.0,,Ever Bounced,False,0.7,High
PR01503253,15.0,1,29444,544156,Micro Loan,Ever Bounce,True,0,0,0.0,0.0,0.0,,Ever Bounced,False,0.7,High
PR01503278,15.0,1,44714,1133498,SBL,Ever Bounce,True,0,0,0.0,0.0,0.0,,Ever Bounced,False,0.7,High
PR01940125,15.0,1,85988,3261537,Co-Lending,Ever Bounce,True,0,0,0.0,0.0,0.0,,Ever Bounced,False,0.7,High
PR01503312,15.0,1,31558,691794,SBL,Ever Bounce,True,0,0,0.0,0.0,0.0,,Ever Bounced,False,0.7,High
PR01503379,15.0,1,40028,1370563,ME,Ever Bounce,False,1,0,0.0,1.0,15014.0,2026-09-10 20:23:20,Ever Bounced,False,0.7,High
PR01479228,15.0,1,26570,985854,Co-Lending,Ever Bounce,True,0,0,0.0,0.0,0.0,,Ever Bounced,False,0.7,High
PR01516090,15.0,1,11388,424408,Co-Lending,Ever Bounce,True,0,0,0.0,0.0,0.0,,Ever Bounced,False,0.7,High
PR01519252,15.0,1,52140,1370023,SBL,Ever Bounce,True,0,0,0.0,0.0,0.0,,Ever Bounced,False,0.7,High
PR01524254,15.0,1,16718,334471,ME,Ever Bounce,False,1,0,0.0,1.0,4820.0,2026-09-10 14:38:41,Ever Bounced,False,0.7,High
PR01524936,15.0,1,42473,1098744,SBL,Ever Bounce,True,0,0,0.0,0.0,0.0,,Ever Bounced,False,0.7,High
PR01524980,15.0,1,34760,913351,SBL,Ever Bounce,True,0,0,0.0,0.0,0.0,,Ever Bounced,False,0.7,High
PR01525955,15.0,1,46578,1223893,SBL,Ever Bounce,True,0,0,0.0,0.0,0.0,,Ever Bounced,False,0.7,High
PR01527200,15.0,1,36038,917807,SBL,Ever Bounce,True,0,0,0.0,0.0,0.0,,Ever Bounced,False,0.7,High
PR01527766,15.0,1,44244,1144522,SBL,Ever Bounce,True,0,0,0.0,0.0,0.0,,Ever Bounced,False,0.7,High
PR01528336,15.0,1,35870,1115695,ME,Ever Bounce,True,0,0,0.0,0.0,0.0,,Ever Bounced,False,0.7,High
PR01528392,15.0,1,36038,917807,SBL,Ever Bounce,True,0,0,0.0,0.0,0.0,,Ever Bounced,False,0.7,High
PR01528540,15.0,1,55984,1920838,ME,Ever Bounce,True,0,0,0.0,0.0,0.0,,Ever Bounced,False,0.7,High
PR01528544,15.0,1,27956,701111,SBL,Ever Bounce,True,0,0,0.0,0.0,0.0,,Ever Bounced,False,0.7,High
PR01528657,15.0,1,27204,682232,SBL,Ever Bounce,True,0,0,0.0,0.0,0.0,,Ever Bounced,False,0.7,High
PR01528762,15.0,1,17368,369065,ME,Ever Bounce,False,1,0,0.0,1.0,8684.0,2026-09-10 10:08:30,Ever Bounced,False,0.7,High
PR01581032,15.0,1,21226,460867,ME,Ever Bounce,True,0,0,0.0,0.0,0.0,,Ever Bounced,False,0.7,High
PR01528782,15.0,1,18342,459990,SBL,Ever Bounce,True,0,0,0.0,0.0,0.0,,Ever Bounced,False,0.7,High
PR01539847,15.0,1,8836,222607,SBL,Ever Bounce,True,0,0,0.0,0.0,0.0,,Ever Bounced,False,0.7,High
PR01528794,15.0,1,31938,595791,Micro Loan,Ever Bounce,False,1,0,0.0,1.0,15969.0,2026-09-05 09:38:57,Ever Bounced,False,0.7,High
PR01528891,15.0,1,28830,734251,SBL,Ever Bounce,True,0,0,0.0,0.0,0.0,,Ever Bounced,False,0.7,High
PR01528919,15.0,1,47306,1623116,ME,Ever Bounce,True,0,0,0.0,0.0,0.0,,Ever Bounced,False,0.7,High
PR01528926,15.0,1,52140,1370023,SBL,Ever Bounce,True,0,0,0.0,0.0,0.0,,Ever Bounced,False,0.7,High
PR01582261,15.0,1,32266,913371,ME,Ever Bounce,True,0,0,0.0,0.0,0.0,,Ever Bounced,False,0.7,High
PR01528987,15.0,1,35250,365182,SBL,Ever Bounce,True,0,0,0.0,0.0,0.0,,Ever Bounced,False,0.7,High
PR01528989,15.0,1,21776,590667,SBL,Ever Bounce,True,0,0,0.0,0.0,0.0,,Ever Bounced,False,0.7,High
PR01546128,15.0,1,7336,184824,SBL,Ever Bounce,True,0,0,0.0,0.0,0.0,,Ever Bounced,False,0.7,High
PR01530102,15.0,1,46848,1193169,SBL,Ever Bounce,True,0,0,0.0,0.0,0.0,,Ever Bounced,False,0.7,High
PR01530329,15.0,1,28830,734251,SBL,Ever Bounce,False,1,0,0.0,1.0,14415.0,2026-09-12 13:49:41,Ever Bounced,False,0.7,High
PR01540441,15.0,1,20670,468688,SBL,Ever Bounce,True,0,0,0.0,0.0,0.0,,Ever Bounced,False,0.7,High
PR01542094,15.0,1,26788,674802,SBL,Ever Bounce,True,0,0,0.0,0.0,0.0,,Ever Bounced,False,0.7,High
PR01547818,15.0,1,32434,829800,SBL,Ever Bounce,True,0,0,0.0,0.0,0.0,,Ever Bounced,False,0.7,High
PR01547858,15.0,1,36038,921996,SBL,Ever Bounce,True,0,0,0.0,0.0,0.0,,Ever Bounced,False,0.7,High
PR01549074,15.0,1,32796,604465,Micro Loan,Ever Bounce,True,0,0,0.0,0.0,0.0,,Ever Bounced,False,0.7,High
PR01549114,15.0,1,16752,456633,SBL,Ever Bounce,True,0,0,0.0,0.0,0.0,,Ever Bounced,False,0.7,High
PR01549174,15.0,1,32794,604465,SBL,Ever Bounce,False,1,0,0.0,1.0,16400.0,2026-09-15 09:14:00,Ever Bounced,False,0.7,High
PR01549260,15.0,1,67006,1826550,SBL,Ever Bounce,True,0,0,0.0,0.0,0.0,,Ever Bounced,False,0.7,High
PR01550203,15.0,1,45776,940227,SBL,Ever Bounce,True,0,0,0.0,0.0,0.0,,Ever Bounced,False,0.7,High
PR01550280,15.0,1,49271,1756700,Co-Lending,Ever Bounce,True,0,0,0.0,0.0,0.0,,Ever Bounced,False,0.7,High
PR01550305,15.0,1,32266,908655,ME,Ever Bounce,True,0,0,0.0,0.0,0.0,,Ever Bounced,False,0.7,High
PR01675058,15.0,1,22588,649001,ME,Ever Bounce,True,0,0,0.0,0.0,0.0,,Ever Bounced,False,0.7,High
PR01550732,15.0,1,32190,1106757,ME,Ever Bounce,True,0,0,0.0,0.0,0.0,,Ever Bounced,False,0.7,High
PR01551464,15.0,1,42036,844510,ME,Ever Bounce,True,0,0,0.0,0.0,0.0,,Ever Bounced,False,0.7,High
PR01551574,15.0,1,52125,1376591,SBL,Ever Bounce,True,0,0,0.0,0.0,0.0,,Ever Bounced,False,0.7,High
PR01551776,15.0,1,24678,440754,Micro Loan,Ever Bounce,True,0,0,0.0,0.0,0.0,,Ever Bounced,False,0.7,High
PR01553807,15.0,1,32434,829800,SBL,Ever Bounce,True,0,0,0.0,0.0,0.0,,Ever Bounced,False,0.7,High
PR01554053,15.0,1,35674,517538,SBL,Ever Bounce,True,0,0,0.0,0.0,0.0,,Ever Bounced,False,0.7,High
PR01554083,15.0,1,23426,431754,Micro Loan,Ever Bounce,True,0,0,0.0,0.0,0.0,,Ever Bounced,False,0.7,High
PR01554291,15.0,1,26648,512536,Micro Loan,Ever Bounce,False,1,0,0.0,1.0,13324.0,2026-09-11 20:48:14,Ever Bounced,False,0.7,High
PR01554524,15.0,1,24676,436175,Micro Loan,Ever Bounce,True,0,0,0.0,0.0,0.0,,Ever Bounced,False,0.7,High
PR01554731,15.0,1,31088,597976,SBL,Ever Bounce,True,0,0,0.0,0.0,0.0,,Ever Bounced,False,0.7,High
PR01555222,15.0,1,31393,618374,SBL,Ever Bounce,True,0,0,0.0,0.0,0.0,,Ever Bounced,False,0.7,High
PR01555223,15.0,1,25226,645405,SBL,Ever Bounce,True,0,0,0.0,0.0,0.0,,Ever Bounced,False,0.7,High
PR01633997,15.0,1,7208,186836,ME,Ever Bounce,True,0,0,0.0,0.0,0.0,,Ever Bounced,False,0.7,High
PR01555240,15.0,1,29076,1022781,Home Loan,Ever Bounce,True,0,0,0.0,0.0,0.0,,Ever Bounced,False,0.7,High
PR01555263,15.0,1,27008,713082,ME,Ever Bounce,True,0,0,0.0,0.0,0.0,,Ever Bounced,False,0.7,High
PR01589925,15.0,1,12658,247884,Micro Loan,Ever Bounce,True,0,0,0.0,0.0,0.0,,Ever Bounced,False,0.7,High
PR01555499,15.0,1,26736,728785,ME,Ever Bounce,True,0,0,0.0,0.0,0.0,,Ever Bounced,False,0.7,High
PR01612527,15.0,1,6768,187177,ME,Ever Bounce,True,0,0,0.0,0.0,0.0,,Ever Bounced,False,0.7,High
PR01555551,15.0,1,23426,431754,Micro Loan,Ever Bounce,True,0,0,0.0,0.0,0.0,,Ever Bounced,False,0.7,High
PR01555618,15.0,1,68402,1522766,Co-Lending,Ever Bounce,True,0,0,0.0,0.0,0.0,,Ever Bounced,False,0.7,High
PR01603369,15.0,1,22558,513243,Co-Lending,Ever Bounce,True,0,0,0.0,0.0,0.0,,Ever Bounced,False,0.7,High
PR01555852,15.0,1,65224,1836710,ME,Ever Bounce,True,0,0,0.0,0.0,0.0,,Ever Bounced,False,0.7,High
PR01555868,15.0,1,23208,622553,SBL,Ever Bounce,True,0,0,0.0,0.0,0.0,,Ever Bounced,False,0.7,High
PR01577134,15.0,1,8874,239178,SBL,Ever Bounce,True,0,0,0.0,0.0,0.0,,Ever Bounced,False,0.7,High
PR01555918,15.0,1,17801,328132,Micro Loan,Ever Bounce,True,0,0,0.0,0.0,0.0,,Ever Bounced,False,0.7,High
PR01555943,15.0,1,25002,639672,SBL,Ever Bounce,True,0,0,0.0,0.0,0.0,,Ever Bounced,False,0.7,High
PR01555951,15.0,1,32882,910983,ME,Ever Bounce,True,0,0,0.0,0.0,0.0,,Ever Bounced,False,0.7,High
PR01555958,15.0,1,53738,1418820,SBL,Ever Bounce,True,0,0,0.0,0.0,0.0,,Ever Bounced,False,0.7,High
PR01555982,15.0,1,28830,737602,SBL,Ever Bounce,True,0,0,0.0,0.0,0.0,,Ever Bounced,False,0.7,High
PR01529916,15.0,1,25932,703324,SBL,Ever Bounce,True,0,0,0.0,0.0,0.0,,Ever Bounced,False,0.7,High
PR01564576,15.0,1,20972,574547,ME,Ever Bounce,True,0,0,0.0,0.0,0.0,,Ever Bounced,False,0.7,High
PR01565350,15.0,1,29336,1010612,ME,Ever Bounce,True,0,0,0.0,0.0,0.0,,Ever Bounced,False,0.7,High
PR01569867,15.0,1,28090,557354,Micro Loan,Ever Bounce,False,1,0,0.0,1.0,14045.0,2026-09-15 13:08:06,Ever Bounced,False,0.7,High
PR01528500,15.0,1,16310,390871,ME,Ever Bounce,True,0,0,0.0,0.0,0.0,,Ever Bounced,False,0.7,High
PR01571681,15.0,1,8812,212913,ME,Ever Bounce,True,0,0,0.0,0.0,0.0,,Ever Bounced,False,0.7,High
PR01572057,15.0,1,24676,439719,Micro Loan,Ever Bounce,True,0,0,0.0,0.0,0.0,,Ever Bounced,False,0.7,High
PR01574375,15.0,1,50452,1296588,SBL,Ever Bounce,True,0,0,0.0,0.0,0.0,,Ever Bounced,False,0.7,High
PR01575331,15.0,1,25714,650617,SBL,Ever Bounce,True,0,0,0.0,0.0,0.0,,Ever Bounced,False,0.7,High
PR01576502,15.0,1,30416,806865,SBL,Ever Bounce,True,0,0,0.0,0.0,0.0,,Ever Bounced,False,0.7,High
PR01630030,15.0,1,11294,302358,ME,Ever Bounce,True,0,0,0.0,0.0,0.0,,Ever Bounced,False,0.7,High
PR01576911,15.0,1,24410,453774,Micro Loan,Ever Bounce,True,0,0,0.0,0.0,0.0,,Ever Bounced,False,0.7,High
PR01577298,15.0,1,28332,538155,Micro Loan,Ever Bounce,True,0,0,0.0,0.0,0.0,,Ever Bounced,False,0.7,High
PR01913363,15.0,1,29300,789531,ME,Ever Bounce,True,0,0,0.0,0.0,0.0,,Ever Bounced,False,0.7,High
PR01577852,15.0,1,40204,1101341,SBL,Ever Bounce,True,0,0,0.0,0.0,0.0,,Ever Bounced,False,0.7,High
PR01577979,15.0,1,37117,953921,SBL,Ever Bounce,False,1,0,0.0,1.0,18559.0,2026-09-15 18:19:57,Ever Bounced,False,0.7,High
PR01578247,15.0,1,23949,454927,Micro Loan,Ever Bounce,True,0,0,0.0,0.0,0.0,,Ever Bounced,False,0.7,High
PR01578767,15.0,1,36037,926123,SBL,Ever Bounce,True,0,0,0.0,0.0,0.0,,Ever Bounced,False,0.7,High
PR01578820,15.0,1,34128,1149453,ME,Ever Bounce,True,0,0,0.0,0.0,0.0,,Ever Bounced,False,0.7,High
PR01578863,15.0,1,32434,833514,SBL,Ever Bounce,True,0,0,0.0,0.0,0.0,,Ever Bounced,False,0.7,High
PR01578901,15.0,1,20310,369642,Micro Loan,Ever Bounce,True,0,0,0.0,0.0,0.0,,Ever Bounced,False,0.7,High
PR01578903,15.0,1,16832,312896,Micro Loan,Ever Bounce,True,0,0,0.0,0.0,0.0,,Ever Bounced,False,0.7,High
PR01579940,15.0,1,30632,743551,SBL,Ever Bounce,True,0,0,0.0,0.0,0.0,,Ever Bounced,False,0.7,High
PR01580073,15.0,1,77634,2271855,ME,Ever Bounce,True,0,0,0.0,0.0,0.0,,Ever Bounced,False,0.7,High
PR01580968,15.0,1,43170,1145119,SBL,Ever Bounce,True,0,0,0.0,0.0,0.0,,Ever Bounced,False,0.7,High
PR01581003,15.0,1,28868,560346,SBL,Ever Bounce,True,0,0,0.0,0.0,0.0,,Ever Bounced,False,0.7,High
PR01581007,15.0,1,32434,833514,SBL,Ever Bounce,True,0,0,0.0,0.0,0.0,,Ever Bounced,False,0.7,High
PR01581020,15.0,1,31976,620704,Micro Loan,Ever Bounce,True,0,0,0.0,0.0,0.0,,Ever Bounced,False,0.7,High
PR01581120,15.0,1,70686,1130978,ME,Ever Bounce,True,0,0,0.0,0.0,0.0,,Ever Bounced,False,0.7,High
PR01581939,15.0,1,32796,609685,SBL,Ever Bounce,True,0,0,0.0,0.0,0.0,,Ever Bounced,False,0.7,High
PR01582147,15.0,1,28470,540740,SBL,Ever Bounce,True,0,0,0.0,0.0,0.0,,Ever Bounced,False,0.7,High
PR01582342,15.0,1,27028,228823,SBL,Ever Bounce,True,0,0,0.0,0.0,0.0,,Ever Bounced,False,0.7,High
PR01582378,15.0,1,41988,1446493,ME,Ever Bounce,False,2,0,0.0,1.0,20994.0,2026-09-15 18:28:42,Ever Bounced,False,0.7,High
PR01895279,15.0,1,102810,3449670,ME,Ever Bounce,True,0,0,0.0,0.0,0.0,,Ever Bounced,False,0.7,High
PR01582429,15.0,1,106562,3171394,ME,Ever Bounce,True,0,0,0.0,0.0,0.0,,Ever Bounced,False,0.7,High
PR01582439,15.0,1,11226,288490,SBL,Ever Bounce,True,0,0,0.0,0.0,0.0,,Ever Bounced,False,0.7,High
PR01625366,15.0,1,12198,316237,SBL,Ever Bounce,True,0,0,0.0,0.0,0.0,,Ever Bounced,False,0.7,High
PR01591577,15.0,1,31856,835451,SBL,Ever Bounce,False,1,0,0.0,1.0,15928.0,2026-09-14 11:30:57,Ever Bounced,False,0.7,High
PR01593389,15.0,1,27374,524461,SBL,Ever Bounce,True,0,0,0.0,0.0,0.0,,Ever Bounced,False,0.7,High
PR01826711,15.0,1,28378,538936,Micro Loan,Ever Bounce,True,0,0,0.0,0.0,0.0,,Ever Bounced,False,0.7,High
PR01598873,15.0,1,26648,521865,SBL,Ever Bounce,True,0,0,0.0,0.0,0.0,,Ever Bounced,False,0.7,High
PR01599076,15.0,1,31657,915829,ME,Ever Bounce,False,1,0,0.0,1.0,15830.0,2026-09-05 15:29:57,Ever Bounced,False,0.7,High
PR01601056,15.0,1,43244,1116252,SBL,Ever Bounce,True,0,0,0.0,0.0,0.0,,Ever Bounced,False,0.7,High
PR01601131,15.0,1,37412,965695,SBL,Ever Bounce,True,0,0,0.0,0.0,0.0,,Ever Bounced,False,0.7,High
PR01601662,15.0,1,22394,772993,ME,Ever Bounce,True,0,0,0.0,0.0,0.0,,Ever Bounced,False,0.7,High
PR01601728,15.0,1,15566,608858,Micro Loan,Ever Bounce,True,0,0,0.0,0.0,0.0,,Ever Bounced,False,0.7,High
PR01602584,15.0,1,32312,1066121,ME,Ever Bounce,False,1,0,0.0,1.0,16156.0,2026-09-10 17:14:24,Ever Bounced,False,0.7,High
PR01670268,15.0,1,10722,355020,ME,Ever Bounce,False,1,0,0.0,1.0,5361.0,2026-09-10 17:16:45,Ever Bounced,False,0.7,High
PR01602749,15.0,1,26070,694729,SBL,Ever Bounce,True,0,0,0.0,0.0,0.0,,Ever Bounced,False,0.7,High
PR01602775,15.0,1,25109,655794,SBL,Ever Bounce,True,0,0,0.0,0.0,0.0,,Ever Bounced,False,0.7,High
PR01602778,15.0,1,28121,505249,Micro Loan,Ever Bounce,True,0,0,0.0,0.0,0.0,,Ever Bounced,False,0.7,High
PR01603783,15.0,1,25010,458834,Micro Loan,Ever Bounce,True,0,0,0.0,0.0,0.0,,Ever Bounced,False,0.7,High
PR01603810,15.0,1,53786,1433377,SBL,Ever Bounce,True,0,0,0.0,0.0,0.0,,Ever Bounced,False,0.7,High
PR01603812,15.0,1,24793,1640361,ME,Ever Bounce,True,0,0,0.0,0.0,0.0,,Ever Bounced,False,0.7,High
PR01603829,15.0,1,36426,970739,SBL,Ever Bounce,True,0,0,0.0,0.0,0.0,,Ever Bounced,False,0.7,High
PR01374205,15.0,1,36852,962439,SBL,Ever Bounce,True,0,0,0.0,0.0,0.0,,Ever Bounced,False,0.7,High
PR01603898,15.0,1,13323,260931,ME,Ever Bounce,False,1,0,0.0,1.0,6665.0,2026-09-10 12:44:09,Ever Bounced,False,0.7,High
PR01604690,15.0,1,30632,790664,SBL,Ever Bounce,True,0,0,0.0,0.0,0.0,,Ever Bounced,False,0.7,High
PR01604885,15.0,1,29424,602606,SBL,Ever Bounce,False,1,0,0.0,1.0,14712.0,2026-09-10 12:33:28,Ever Bounced,False,0.7,High
PR01604978,15.0,1,29762,611196,SBL,Ever Bounce,True,0,0,0.0,0.0,0.0,,Ever Bounced,False,0.7,High
PR01605016,15.0,1,28830,744156,SBL,Ever Bounce,True,0,0,0.0,0.0,0.0,,Ever Bounced,False,0.7,High
PR01605032,15.0,1,58080,1652438,SBL,Ever Bounce,True,0,0,0.0,0.0,0.0,,Ever Bounced,False,0.7,High
PR01605037,15.0,1,29108,751351,SBL,Ever Bounce,True,0,0,0.0,0.0,0.0,,Ever Bounced,False,0.7,High
PR01555308,15.0,1,58844,1280125,Co-Lending,Ever Bounce,True,0,0,0.0,0.0,0.0,,Ever Bounced,False,0.7,High
PR01606058,15.0,1,43554,1198916,SBL,Ever Bounce,True,0,0,0.0,0.0,0.0,,Ever Bounced,False,0.7,High
PR01606154,15.0,1,21597,548747,SBL,Ever Bounce,True,0,0,0.0,0.0,0.0,,Ever Bounced,False,0.7,High
PR01713461,15.0,1,7338,189462,ME,Ever Bounce,True,0,0,0.0,0.0,0.0,,Ever Bounced,False,0.7,High
PR01606438,15.0,1,12360,319068,ME,Ever Bounce,True,0,0,0.0,0.0,0.0,,Ever Bounced,False,0.7,High
PR01662793,15.0,1,16465,428721,ME,Ever Bounce,True,0,0,0.0,0.0,0.0,,Ever Bounced,False,0.7,High
PR01607157,15.0,1,32334,837173,SBL,Ever Bounce,True,0,0,0.0,0.0,0.0,,Ever Bounced,False,0.7,High
PR01607323,15.0,1,53680,1430512,SBL,Ever Bounce,True,0,0,0.0,0.0,0.0,,Ever Bounced,False,0.7,High
PR01607444,15.0,1,42884,1106939,SBL,Ever Bounce,True,0,0,0.0,0.0,0.0,,Ever Bounced,False,0.7,High
PR02051882,15.0,1,11882,97587,ME,Ever Bounce,True,0,0,0.0,0.0,0.0,,Ever Bounced,False,0.7,High
PR01607459,15.0,1,24376,705196,ME,Ever Bounce,True,0,0,0.0,0.0,0.0,,Ever Bounced,False,0.7,High
PR01629011,15.0,1,15196,441857,ME,Ever Bounce,True,0,0,0.0,0.0,0.0,,Ever Bounced,False,0.7,High
PR01615158,15.0,1,48314,1252433,SBL,Ever Bounce,True,0,0,0.0,0.0,0.0,,Ever Bounced,False,0.7,High
PR01619501,15.0,1,30784,798050,SBL,Ever Bounce,True,0,0,0.0,0.0,0.0,,Ever Bounced,False,0.7,High
PR01621214,15.0,1,35396,932373,SBL,Ever Bounce,True,0,0,0.0,0.0,0.0,,Ever Bounced,False,0.7,High
PR01621830,15.0,1,12090,233599,Micro Loan,Ever Bounce,True,0,0,0.0,0.0,0.0,,Ever Bounced,False,0.7,High
PR01658643,15.0,1,15286,297708,ME,Ever Bounce,True,0,0,0.0,0.0,0.0,,Ever Bounced,False,0.7,High
PR01622755,15.0,1,34760,930503,SBL,Ever Bounce,True,0,0,0.0,0.0,0.0,,Ever Bounced,False,0.7,High
PR01624145,15.0,1,71868,1923939,SBL,Ever Bounce,True,0,0,0.0,0.0,0.0,,Ever Bounced,False,0.7,High
PR01626249,15.0,1,35396,932373,SBL,Ever Bounce,True,0,0,0.0,0.0,0.0,,Ever Bounced,False,0.7,High
PR01626666,15.0,1,42036,868828,SBL,Ever Bounce,True,0,0,0.0,0.0,0.0,,Ever Bounced,False,0.7,High
PR01627487,15.0,1,32434,840778,SBL,Ever Bounce,True,0,0,0.0,0.0,0.0,,Ever Bounced,False,0.7,High
PR01628296,15.0,1,40334,1153271,SBL,Ever Bounce,True,0,0,0.0,0.0,0.0,,Ever Bounced,False,0.7,High
PR01628927,15.0,1,20670,473729,SBL,Ever Bounce,False,1,0,0.0,1.0,10335.0,2026-09-15 17:25:24,Ever Bounced,False,0.7,High
PR01629558,15.0,1,32796,619845,Micro Loan,Ever Bounce,True,0,0,0.0,0.0,0.0,,Ever Bounced,False,0.7,High
PR01629952,15.0,1,34759,930503,SBL,Ever Bounce,True,0,0,0.0,0.0,0.0,,Ever Bounced,False,0.7,High
PR01630056,15.0,1,27744,573423,SBL,Ever Bounce,False,1,0,0.0,1.0,13872.0,2026-09-12 17:21:15,Ever Bounced,False,0.7,High
PR01630221,15.0,1,28830,747361,SBL,Ever Bounce,False,1,0,0.0,1.0,15000.0,2026-09-15 13:06:02,Ever Bounced,False,0.7,High
PR01630563,15.0,1,65964,2230010,ME,Ever Bounce,True,0,0,0.0,0.0,0.0,,Ever Bounced,False,0.7,High
PR01631243,15.0,1,27374,528892,Micro Loan,Ever Bounce,True,0,0,0.0,0.0,0.0,,Ever Bounced,False,0.7,High
PR01631258,15.0,1,68772,1902192,SBL,Ever Bounce,True,0,0,0.0,0.0,0.0,,Ever Bounced,False,0.7,High
PR01631513,15.0,1,21622,560525,SBL,Ever Bounce,True,0,0,0.0,0.0,0.0,,Ever Bounced,False,0.7,High
PR01631881,15.0,1,23426,442741,SBL,Ever Bounce,True,0,0,0.0,0.0,0.0,,Ever Bounced,False,0.7,High
PR01631901,15.0,1,17676,253186,Micro Loan,Ever Bounce,False,1,0,0.0,1.0,8838.0,2026-09-09 18:54:20,Ever Bounced,False,0.7,High
PR01668480,15.0,1,17588,457799,ME,Ever Bounce,True,0,0,0.0,0.0,0.0,,Ever Bounced,False,0.7,High
PR01631977,15.0,1,33628,695069,SBL,Ever Bounce,True,0,0,0.0,0.0,0.0,,Ever Bounced,False,0.7,High
PR01632155,15.0,1,29656,572961,Micro Loan,Ever Bounce,False,1,0,0.0,1.0,14828.0,2026-09-16 12:40:54,Ever Bounced,False,0.7,High
PR01632984,15.0,1,57354,1535325,SBL,Ever Bounce,True,0,0,0.0,0.0,0.0,,Ever Bounced,False,0.7,High
PR01633772,15.0,1,52140,1395751,SBL,Ever Bounce,True,0,0,0.0,0.0,0.0,,Ever Bounced,False,0.7,High
PR02018373,15.0,1,18758,488295,SBL,Ever Bounce,True,0,0,0.0,0.0,0.0,,Ever Bounced,False,0.7,High
PR01633891,15.0,1,32610,1127891,ME,Ever Bounce,True,0,0,0.0,0.0,0.0,,Ever Bounced,False,0.7,High
PR01633984,15.0,1,25586,663291,SBL,Ever Bounce,True,0,0,0.0,0.0,0.0,,Ever Bounced,False,0.7,High
PR01953578,15.0,1,29794,775570,ME,Ever Bounce,True,0,0,0.0,0.0,0.0,,Ever Bounced,False,0.7,High
PR01634009,15.0,1,36038,934195,SBL,Ever Bounce,True,0,0,0.0,0.0,0.0,,Ever Bounced,False,0.7,High
PR01634058,15.0,1,33628,695069,SBL,Ever Bounce,False,1,0,0.0,1.0,16814.0,2026-09-10 14:57:22,Ever Bounced,False,0.7,High
PR01634167,15.0,1,37430,1070233,SBL,Ever Bounce,True,0,0,0.0,0.0,0.0,,Ever Bounced,False,0.7,High
PR01665060,15.0,1,12262,352318,SBL,Ever Bounce,True,0,0,0.0,0.0,0.0,,Ever Bounced,False,0.7,High
PR01634368,15.0,1,44786,1549037,ME,Ever Bounce,True,0,0,0.0,0.0,0.0,,Ever Bounced,False,0.7,High
PR01634387,15.0,1,27740,767261,ME,Ever Bounce,True,0,0,0.0,0.0,0.0,,Ever Bounced,False,0.7,High
PR01657934,15.0,1,15058,293264,Micro Loan,Ever Bounce,True,0,0,0.0,0.0,0.0,,Ever Bounced,False,0.7,High
PR01659252,15.0,1,28830,750518,SBL,Ever Bounce,True,0,0,0.0,0.0,0.0,,Ever Bounced,False,0.7,High
PR01744232,15.0,1,12974,341865,ME,Ever Bounce,True,0,0,0.0,0.0,0.0,,Ever Bounced,False,0.7,High
PR01660131,15.0,1,31528,657511,SBL,Ever Bounce,True,0,0,0.0,0.0,0.0,,Ever Bounced,False,0.7,High
PR01660219,15.0,1,69480,1869279,SBL,Ever Bounce,True,0,0,0.0,0.0,0.0,,Ever Bounced,False,0.7,High
PR01660361,15.0,1,24952,845084,SBL,Ever Bounce,True,0,0,0.0,0.0,0.0,,Ever Bounced,False,0.7,High
PR01661385,15.0,1,30092,783346,SBL,Ever Bounce,False,1,0,0.0,1.0,15046.0,2026-09-15 07:08:28,Ever Bounced,False,0.7,High
PR01661421,15.0,1,40362,1398645,ME,Ever Bounce,False,1,0,0.0,1.0,20181.0,2026-09-09 15:59:46,Ever Bounced,False,0.7,High
PR01662712,15.0,1,38200,994434,SBL,Ever Bounce,True,0,0,0.0,0.0,0.0,,Ever Bounced,False,0.7,High
PR01664143,15.0,1,25226,656706,SBL,Ever Bounce,True,0,0,0.0,0.0,0.0,,Ever Bounced,False,0.7,High
PR01665393,15.0,1,53852,1447966,SBL,Ever Bounce,True,0,0,0.0,0.0,0.0,,Ever Bounced,False,0.7,High
PR01666361,15.0,1,25213,656706,SBL,Ever Bounce,True,0,0,0.0,0.0,0.0,,Ever Bounced,False,0.7,High
PR01666844,15.0,1,37470,975436,SBL,Ever Bounce,True,0,0,0.0,0.0,0.0,,Ever Bounced,False,0.7,High
PR02009598,15.0,1,50554,1459593,ME,Ever Bounce,True,0,0,0.0,0.0,0.0,,Ever Bounced,False,0.7,High
PR01667415,15.0,1,41080,1069694,SBL,Ever Bounce,False,1,0,0.0,1.0,20545.0,2026-09-11 18:38:27,Ever Bounced,False,0.7,High
PR01667892,15.0,1,36038,938142,SBL,Ever Bounce,True,0,0,0.0,0.0,0.0,,Ever Bounced,False,0.7,High
PR01668336,15.0,1,20364,689658,Home Loan,Ever Bounce,True,0,0,0.0,0.0,0.0,,Ever Bounced,False,0.7,High
PR01688038,15.0,1,8462,287062,Home Loan,Ever Bounce,True,0,0,0.0,0.0,0.0,,Ever Bounced,False,0.7,High
PR01668526,15.0,1,24254,525868,Micro Loan,Ever Bounce,True,0,0,0.0,0.0,0.0,,Ever Bounced,False,0.7,High
PR01668532,15.0,1,21356,476731,SBL,Ever Bounce,False,1,0,0.0,1.0,10700.0,2026-09-09 09:32:45,Ever Bounced,False,0.7,High
PR01668892,15.0,1,25930,528483,SBL,Ever Bounce,True,0,0,0.0,0.0,0.0,,Ever Bounced,False,0.7,High
PR01668946,15.0,1,34100,703005,SBL,Ever Bounce,True,0,0,0.0,0.0,0.0,,Ever Bounced,False,0.7,High
PR01695989,15.0,1,10428,281616,ME,Ever Bounce,True,0,0,0.0,0.0,0.0,,Ever Bounced,False,0.7,High
PR01669072,15.0,1,36854,1024070,ME,Ever Bounce,False,1,0,0.0,1.0,18427.0,2026-09-15 19:17:42,Ever Bounced,False,0.7,High
PR01671142,15.0,1,39280,1056134,ME,Ever Bounce,True,0,0,0.0,0.0,0.0,,Ever Bounced,False,0.7,High
PR01696409,15.0,1,30242,816679,ME,Ever Bounce,True,0,0,0.0,0.0,0.0,,Ever Bounced,False,0.7,High
PR01671636,15.0,1,50724,1397853,SBL,Ever Bounce,False,1,0,0.0,1.0,25362.0,2026-09-12 19:05:15,Ever Bounced,False,0.7,High
PR01671683,15.0,1,79906,75143,ME,Ever Bounce,True,0,0,0.0,0.0,0.0,,Ever Bounced,False,0.7,High
PR01671812,15.0,1,25488,474999,Micro Loan,Ever Bounce,True,0,0,0.0,0.0,0.0,,Ever Bounced,False,0.7,High
PR01672756,15.0,1,30252,616559,SBL,Ever Bounce,False,1,0,0.0,1.0,15126.0,2026-09-17 12:14:39,Ever Bounced,False,0.7,High
PR01672978,15.0,1,35140,808083,Micro Loan,Ever Bounce,True,0,0,0.0,0.0,0.0,,Ever Bounced,False,0.7,High
PR01673155,15.0,1,54056,1407224,Micro Loan,Ever Bounce,True,0,0,0.0,0.0,0.0,,Ever Bounced,False,0.7,High
PR01673305,15.0,1,23736,445391,Micro Loan,Ever Bounce,True,0,0,0.0,0.0,0.0,,Ever Bounced,False,0.7,High
PR01673380,15.0,1,13696,356479,SBL,Ever Bounce,True,0,0,0.0,0.0,0.0,,Ever Bounced,False,0.7,High
PR01697003,15.0,1,22344,584053,SBL,Ever Bounce,True,0,0,0.0,0.0,0.0,,Ever Bounced,False,0.7,High
PR01675295,15.0,1,59726,1818368,Co-Lending,Ever Bounce,True,0,0,0.0,0.0,0.0,,Ever Bounced,False,0.7,High
PR01675526,15.0,1,60174,1591897,SBL,Ever Bounce,True,0,0,0.0,0.0,0.0,,Ever Bounced,False,0.7,High
PR01675530,15.0,1,31092,566919,Micro Loan,Ever Bounce,True,0,0,0.0,0.0,0.0,,Ever Bounced,False,0.7,High
PR01675638,15.0,1,28664,621476,SBL,Ever Bounce,True,0,0,0.0,0.0,0.0,,Ever Bounced,False,0.7,High
PR01675744,15.0,1,28112,535522,Micro Loan,Ever Bounce,True,0,0,0.0,0.0,0.0,,Ever Bounced,False,0.7,High
PR01675789,15.0,1,42002,1076098,SBL,Ever Bounce,True,0,0,0.0,0.0,0.0,,Ever Bounced,False,0.7,High
PR01675790,15.0,1,30451,580155,SBL,Ever Bounce,True,0,0,0.0,0.0,0.0,,Ever Bounced,False,0.7,High
PR01676488,15.0,1,34658,397121,SBL,Ever Bounce,True,0,0,0.0,0.0,0.0,,Ever Bounced,False,0.7,High
PR01676592,15.0,1,45892,1365163,ME,Ever Bounce,True,0,0,0.0,0.0,0.0,,Ever Bounced,False,0.7,High
PR01676654,15.0,1,67006,1861959,SBL,Ever Bounce,True,0,0,0.0,0.0,0.0,,Ever Bounced,False,0.7,High
PR01679723,15.0,1,23736,450625,Micro Loan,Ever Bounce,True,0,0,0.0,0.0,0.0,,Ever Bounced,False,0.7,High
PR01680574,15.0,1,18088,263258,Micro Loan,Ever Bounce,True,0,0,0.0,0.0,0.0,,Ever Bounced,False,0.7,High
PR01683511,15.0,1,36038,942031,SBL,Ever Bounce,False,1,0,0.0,1.0,18019.0,2026-09-16 12:29:24,Ever Bounced,False,0.7,High
PR01746989,15.0,1,13660,454616,ME,Ever Bounce,True,0,0,0.0,0.0,0.0,,Ever Bounced,False,0.7,High
PR01692271,15.0,1,46312,1250784,SBL,Ever Bounce,False,1,0,0.0,1.0,23158.0,2026-09-15 09:05:07,Ever Bounced,False,0.7,High
PR01692743,15.0,1,36038,942031,SBL,Ever Bounce,True,0,0,0.0,0.0,0.0,,Ever Bounced,False,0.7,High
PR01693141,15.0,1,39210,992660,SBL,Ever Bounce,True,0,0,0.0,0.0,0.0,,Ever Bounced,False,0.7,High
PR01694759,15.0,1,25226,659428,SBL,Ever Bounce,True,0,0,0.0,0.0,0.0,,Ever Bounced,False,0.7,High
PR01694846,15.0,1,36036,942031,SBL,Ever Bounce,True,0,0,0.0,0.0,0.0,,Ever Bounced,False,0.7,High
PR01697517,15.0,1,37300,974996,SBL,Ever Bounce,True,0,0,0.0,0.0,0.0,,Ever Bounced,False,0.7,High
PR01698334,15.0,1,14714,309543,SBL,Ever Bounce,True,0,0,0.0,0.0,0.0,,Ever Bounced,False,0.7,High
PR01698336,15.0,1,20902,546379,SBL,Ever Bounce,True,0,0,0.0,0.0,0.0,,Ever Bounced,False,0.7,High
PR01738572,15.0,1,10452,275386,ME,Ever Bounce,True,0,0,0.0,0.0,0.0,,Ever Bounced,False,0.7,High
PR01698465,15.0,1,42036,884447,SBL,Ever Bounce,True,0,0,0.0,0.0,0.0,,Ever Bounced,False,0.7,High
PR01698489,15.0,1,33602,850683,SBL,Ever Bounce,True,0,0,0.0,0.0,0.0,,Ever Bounced,False,0.7,High
PR01698606,15.0,1,40830,1354361,ME,Ever Bounce,True,0,0,0.0,0.0,0.0,,Ever Bounced,False,0.7,High
PR01700018,15.0,1,46850,1224635,SBL,Ever Bounce,True,0,0,0.0,0.0,0.0,,Ever Bounced,False,0.7,High
PR01700408,15.0,1,25626,573903,SBL,Ever Bounce,False,1,0,0.0,1.0,12813.0,2026-09-14 19:53:15,Ever Bounced,False,0.7,High
PR01701375,15.0,1,27056,663765,SBL,Ever Bounce,True,0,0,0.0,0.0,0.0,,Ever Bounced,False,0.7,High
PR01701430,15.0,1,25222,530663,SBL,Ever Bounce,True,0,0,0.0,0.0,0.0,,Ever Bounced,False,0.7,High
PR01701539,15.0,1,36038,942031,SBL,Ever Bounce,True,0,0,0.0,0.0,0.0,,Ever Bounced,False,0.7,High
PR01739554,15.0,1,39644,1061973,SBL,Ever Bounce,True,0,0,0.0,0.0,0.0,,Ever Bounced,False,0.7,High
PR01702551,15.0,1,69520,1877442,SBL,Ever Bounce,True,0,0,0.0,0.0,0.0,,Ever Bounced,False,0.7,High
PR01730546,15.0,1,27114,900865,ME,Ever Bounce,True,0,0,0.0,0.0,0.0,,Ever Bounced,False,0.7,High
PR01756291,15.0,1,19888,661880,ME,Ever Bounce,True,0,0,0.0,0.0,0.0,,Ever Bounced,False,0.7,High
PR01702829,15.0,1,20618,387105,Micro Loan,Ever Bounce,True,0,0,0.0,0.0,0.0,,Ever Bounced,False,0.7,High
PR01721113,15.0,1,26644,885247,ME,Ever Bounce,False,1,0,0.0,1.0,13325.0,2026-09-08 16:48:00,Ever Bounced,False,0.7,High
PR01703000,15.0,1,33592,1166216,ME,Ever Bounce,True,0,0,0.0,0.0,0.0,,Ever Bounced,False,0.7,High
PR01703067,15.0,1,64534,1863301,ME,Ever Bounce,True,0,0,0.0,0.0,0.0,,Ever Bounced,False,0.7,High
PR01703748,15.0,1,24676,453212,Micro Loan,Ever Bounce,False,1,0,0.0,1.0,12338.0,2026-09-09 18:13:24,Ever Bounced,False,0.7,High
PR01712963,15.0,1,36038,945862,SBL,Ever Bounce,True,0,0,0.0,0.0,0.0,,Ever Bounced,False,0.7,High
PR01715255,15.0,1,44294,928966,SBL,Ever Bounce,True,0,0,0.0,0.0,0.0,,Ever Bounced,False,0.7,High
PR01715345,15.0,1,27932,709834,SBL,Ever Bounce,True,0,0,0.0,0.0,0.0,,Ever Bounced,False,0.7,High
PR01715785,15.0,1,25010,472991,Micro Loan,Ever Bounce,True,0,0,0.0,0.0,0.0,,Ever Bounced,False,0.7,High
PR01748924,15.0,1,28382,944667,ME,Ever Bounce,False,1,0,0.0,1.0,14191.0,2026-09-16 11:08:23,Ever Bounced,False,0.7,High
PR01718039,15.0,1,96798,2780499,Co-Lending,Ever Bounce,True,0,0,0.0,0.0,0.0,,Ever Bounced,False,0.7,High
PR01722440,15.0,1,49932,1659256,ME,Ever Bounce,True,0,0,0.0,0.0,0.0,,Ever Bounced,False,0.7,High
PR01722441,15.0,1,43246,1135031,SBL,Ever Bounce,True,0,0,0.0,0.0,0.0,,Ever Bounced,False,0.7,High
PR01722490,15.0,1,43246,1135031,SBL,Ever Bounce,True,0,0,0.0,0.0,0.0,,Ever Bounced,False,0.7,High
PR01722516,15.0,1,27056,666190,SBL,Ever Bounce,True,0,0,0.0,0.0,0.0,,Ever Bounced,False,0.7,High
PR01722917,15.0,1,28990,713763,SBL,Ever Bounce,False,1,0,0.0,1.0,14495.0,2026-09-06 10:33:59,Ever Bounced,False,0.7,High
PR01723601,15.0,1,16788,339966,SBL,Ever Bounce,True,0,0,0.0,0.0,0.0,,Ever Bounced,False,0.7,High
PR01744307,15.0,1,12082,246545,SBL,Ever Bounce,True,0,0,0.0,0.0,0.0,,Ever Bounced,False,0.7,High
PR01723602,15.0,1,36840,993153,SBL,Ever Bounce,False,1,0,0.0,1.0,18920.0,2026-09-14 16:30:51,Ever Bounced,False,0.7,High
PR01723671,15.0,1,25464,647102,SBL,Ever Bounce,True,0,0,0.0,0.0,0.0,,Ever Bounced,False,0.7,High
PR01751082,15.0,1,19340,493359,SBL,Ever Bounce,True,0,0,0.0,0.0,0.0,,Ever Bounced,False,0.7,High
PR01723719,15.0,1,27992,668080,SBL,Ever Bounce,True,0,0,0.0,0.0,0.0,,Ever Bounced,False,0.7,High
PR01724816,15.0,1,36900,984418,SBL,Ever Bounce,True,0,0,0.0,0.0,0.0,,Ever Bounced,False,0.7,High
PR01724923,15.0,1,23860,861213,Co-Lending,Ever Bounce,True,0,0,0.0,0.0,0.0,,Ever Bounced,False,0.7,High
PR01725001,15.0,1,44062,1464042,ME,Ever Bounce,True,0,0,0.0,0.0,0.0,,Ever Bounced,False,0.7,High
PR01725550,15.0,1,42036,892084,SBL,Ever Bounce,True,0,0,0.0,0.0,0.0,,Ever Bounced,False,0.7,High
PR01725876,15.0,1,45922,1167085,SBL,Ever Bounce,False,1,0,0.0,1.0,22961.0,2026-09-09 17:54:05,Ever Bounced,False,0.7,High
PR01726034,15.0,1,29426,624451,SBL,Ever Bounce,True,0,0,0.0,0.0,0.0,,Ever Bounced,False,0.7,High
PR01726307,15.0,1,26382,727495,SBL,Ever Bounce,True,0,0,0.0,0.0,0.0,,Ever Bounced,False,0.7,High
PR01726700,15.0,1,31938,632011,SBL,Ever Bounce,True,0,0,0.0,0.0,0.0,,Ever Bounced,False,0.7,High
PR01727007,15.0,1,36038,945862,SBL,Ever Bounce,True,0,0,0.0,0.0,0.0,,Ever Bounced,False,0.7,High
PR01727088,15.0,1,46904,1315282,ME,Ever Bounce,True,0,0,0.0,0.0,0.0,,Ever Bounced,False,0.7,High
PR01727105,15.0,1,59588,1326606,ME,Ever Bounce,True,0,0,0.0,0.0,0.0,,Ever Bounced,False,0.7,High
PR01727114,15.0,1,42036,892084,SBL,Ever Bounce,True,0,0,0.0,0.0,0.0,,Ever Bounced,False,0.7,High
PR02099929,15.0,1,62626,2456551,ME,Ever Bounce,True,0,0,0.0,0.0,0.0,,Ever Bounced,False,0.7,High
PR01727262,15.0,1,52140,1414119,SBL,Ever Bounce,False,1,0,0.0,1.0,26070.0,2026-09-08 14:59:24,Ever Bounced,False,0.7,High
PR01727528,15.0,1,71770,1946486,SBL,Ever Bounce,True,0,0,0.0,0.0,0.0,,Ever Bounced,False,0.7,High
PR01727646,15.0,1,24048,454800,SBL,Ever Bounce,True,0,0,0.0,0.0,0.0,,Ever Bounced,False,0.7,High
PR01727734,15.0,1,28830,756694,SBL,Ever Bounce,False,1,0,0.0,1.0,14415.0,2026-09-15 13:29:24,Ever Bounced,False,0.7,High
PR01770799,15.0,1,23452,663436,ME,Ever Bounce,True,0,0,0.0,0.0,0.0,,Ever Bounced,False,0.7,High
PR01729453,15.0,1,32312,1073633,ME,Ever Bounce,True,0,0,0.0,0.0,0.0,,Ever Bounced,False,0.7,High
PR01766638,15.0,1,17626,587576,ME,Ever Bounce,True,0,0,0.0,0.0,0.0,,Ever Bounced,False,0.7,High
PR01729676,15.0,1,37888,1027597,ME,Ever Bounce,True,0,0,0.0,0.0,0.0,,Ever Bounced,False,0.7,High
PR01730336,15.0,1,23192,571008,SBL,Ever Bounce,True,0,0,0.0,0.0,0.0,,Ever Bounced,False,0.7,High
PR01730691,15.0,1,26648,699411,SBL,Ever Bounce,True,0,0,0.0,0.0,0.0,,Ever Bounced,False,0.7,High
PR01730976,15.0,1,37120,974231,SBL,Ever Bounce,True,0,0,0.0,0.0,0.0,,Ever Bounced,False,0.7,High
PR01731156,15.0,1,45048,1182322,SBL,Ever Bounce,False,1,0,0.0,1.0,22524.0,2026-09-03 11:30:20,Ever Bounced,False,0.7,High
PR01731243,15.0,1,52140,1414119,SBL,Ever Bounce,True,0,0,0.0,0.0,0.0,,Ever Bounced,False,0.7,High
PR01738086,15.0,1,30404,1011887,ME,Ever Bounce,True,0,0,0.0,0.0,0.0,,Ever Bounced,False,0.7,High
PR01742179,15.0,1,23192,573053,SBL,Ever Bounce,True,0,0,0.0,0.0,0.0,,Ever Bounced,False,0.7,High
PR01742962,15.0,1,29868,761949,SBL,Ever Bounce,True,0,0,0.0,0.0,0.0,,Ever Bounced,False,0.7,High
PR01743152,15.0,1,19238,366438,Micro Loan,Ever Bounce,True,0,0,0.0,0.0,0.0,,Ever Bounced,False,0.7,High
PR01745665,15.0,1,113868,4321427,Co-Lending,Ever Bounce,True,0,0,0.0,0.0,0.0,,Ever Bounced,False,0.7,High
PR01746622,15.0,1,26652,690929,SBL,Ever Bounce,True,0,0,0.0,0.0,0.0,,Ever Bounced,False,0.7,High
PR01747783,15.0,1,37840,997116,SBL,Ever Bounce,True,0,0,0.0,0.0,0.0,,Ever Bounced,False,0.7,High
PR01747881,15.0,1,23096,471355,SBL,Ever Bounce,True,0,0,0.0,0.0,0.0,,Ever Bounced,False,0.7,High
PR01748035,15.0,1,61264,1614387,SBL,Ever Bounce,True,0,0,0.0,0.0,0.0,,Ever Bounced,False,0.7,High
PR01749018,15.0,1,44062,1466519,ME,Ever Bounce,True,0,0,0.0,0.0,0.0,,Ever Bounced,False,0.7,High
PR01749264,15.0,1,19534,295081,Micro Loan,Ever Bounce,True,0,0,0.0,0.0,0.0,,Ever Bounced,False,0.7,High
PR01749385,15.0,1,31090,634524,SBL,Ever Bounce,True,0,0,0.0,0.0,0.0,,Ever Bounced,False,0.7,High
PR01750456,15.0,1,26994,898437,ME,Ever Bounce,True,0,0,0.0,0.0,0.0,,Ever Bounced,False,0.7,High
PR01751068,15.0,1,27984,670345,SBL,Ever Bounce,True,0,0,0.0,0.0,0.0,,Ever Bounced,False,0.7,High
PR01751098,15.0,1,29612,551476,SBL,Ever Bounce,True,0,0,0.0,0.0,0.0,,Ever Bounced,False,0.7,High
PR01794260,15.0,1,10896,284593,SBL,Ever Bounce,True,0,0,0.0,0.0,0.0,,Ever Bounced,False,0.7,High
PR01752414,15.0,1,31354,826177,SBL,Ever Bounce,True,0,0,0.0,0.0,0.0,,Ever Bounced,False,0.7,High
PR01753874,15.0,1,58404,1564518,SBL,Ever Bounce,True,0,0,0.0,0.0,0.0,,Ever Bounced,False,0.7,High
PR01754791,15.0,1,16346,100,SBL,Ever Bounce,True,0,0,0.0,0.0,0.0,,Ever Bounced,False,0.7,High
PR01755233,15.0,1,34776,744223,SBL,Ever Bounce,True,0,0,0.0,0.0,0.0,,Ever Bounced,False,0.7,High
PR01755565,15.0,1,45616,869745,SBL,Ever Bounce,True,0,0,0.0,0.0,0.0,,Ever Bounced,False,0.7,High
PR01756672,15.0,1,14813,801375,SBL,Ever Bounce,True,0,0,0.0,0.0,0.0,,Ever Bounced,False,0.7,High
PR01756702,15.0,1,19534,295081,Micro Loan,Ever Bounce,True,0,0,0.0,0.0,0.0,,Ever Bounced,False,0.7,High
PR01756780,15.0,1,31528,674697,SBL,Ever Bounce,False,1,0,0.0,1.0,15764.0,2026-09-06 07:11:04,Ever Bounced,False,0.7,High
PR01757047,15.0,1,54056,1424463,SBL,Ever Bounce,True,0,0,0.0,0.0,0.0,,Ever Bounced,False,0.7,High
PR01757607,15.0,1,50254,1415486,SBL,Ever Bounce,True,0,0,0.0,0.0,0.0,,Ever Bounced,False,0.7,High
PR01758986,15.0,1,29860,631849,SBL,Ever Bounce,True,0,0,0.0,0.0,0.0,,Ever Bounced,False,0.7,High
PR01759014,15.0,1,19822,522291,SBL,Ever Bounce,True,0,0,0.0,0.0,0.0,,Ever Bounced,False,0.7,High
PR01771904,15.0,1,27028,715021,SBL,Ever Bounce,True,0,0,0.0,0.0,0.0,,Ever Bounced,False,0.7,High
PR01805079,15.0,1,21624,574204,ME,Ever Bounce,False,2,0,0.0,1.0,10812.0,2026-09-16 13:42:37,Ever Bounced,False,0.7,High
PR01771933,15.0,1,21621,572005,SBL,Ever Bounce,False,1,0,0.0,1.0,10815.0,2026-09-07 13:03:44,Ever Bounced,False,0.7,High
PR01803670,15.0,1,20490,110102,ME,Ever Bounce,True,0,0,0.0,0.0,0.0,,Ever Bounced,False,0.7,High
PR01773400,15.0,1,31090,639412,SBL,Ever Bounce,True,0,0,0.0,0.0,0.0,,Ever Bounced,False,0.7,High
PR01774057,15.0,1,29840,789375,SBL,Ever Bounce,False,1,0,0.0,1.0,14920.0,2026-09-17 13:16:35,Ever Bounced,False,0.7,High
PR01774637,15.0,1,7148,154179,SBL,Ever Bounce,False,1,0,0.0,1.0,3574.0,2026-09-10 19:46:20,Ever Bounced,False,0.7,High
PR01807234,15.0,1,20178,438872,SBL,Ever Bounce,True,0,0,0.0,0.0,0.0,,Ever Bounced,False,0.7,High
PR01775210,15.0,1,28830,762688,SBL,Ever Bounce,True,0,0,0.0,0.0,0.0,,Ever Bounced,False,0.7,High
PR01775278,15.0,1,25486,685440,SBL,Ever Bounce,True,0,0,0.0,0.0,0.0,,Ever Bounced,False,0.7,High
PR01775795,15.0,1,25058,835339,ME,Ever Bounce,False,1,0,0.0,1.0,12529.0,2026-09-12 18:17:41,Ever Bounced,False,0.7,High
PR01775912,15.0,1,54056,1430040,SBL,Ever Bounce,True,0,0,0.0,0.0,0.0,,Ever Bounced,False,0.7,High
PR01777270,15.0,1,27056,45871,SBL,Ever Bounce,True,0,0,0.0,0.0,0.0,,Ever Bounced,False,0.7,High
PR01777614,15.0,1,43246,1144024,SBL,Ever Bounce,True,0,0,0.0,0.0,0.0,,Ever Bounced,False,0.7,High
PR01777863,15.0,1,17660,467133,ME,Ever Bounce,True,0,0,0.0,0.0,0.0,,Ever Bounced,False,0.7,High
PR01806219,15.0,1,16074,426822,ME,Ever Bounce,False,1,0,0.0,1.0,8037.0,2026-09-16 19:02:52,Ever Bounced,False,0.7,High
PR01777892,15.0,1,12385,333191,SBL,Ever Bounce,False,1,0,0.0,1.0,6195.0,2026-09-12 18:35:12,Ever Bounced,False,0.7,High
PR01777995,15.0,1,29868,764774,SBL,Ever Bounce,False,1,0,0.0,1.0,14934.0,2026-09-10 20:23:02,Ever Bounced,False,0.7,High
PR01778018,15.0,1,26136,669168,SBL,Ever Bounce,True,0,0,0.0,0.0,0.0,,Ever Bounced,False,0.7,High
PR01779299,15.0,1,69520,1901253,SBL,Ever Bounce,True,0,0,0.0,0.0,0.0,,Ever Bounced,False,0.7,High
PR01780377,15.0,1,21610,455125,SBL,Ever Bounce,True,0,0,0.0,0.0,0.0,,Ever Bounced,False,0.7,High
PR01780710,15.0,1,28938,674162,SBL,Ever Bounce,True,0,0,0.0,0.0,0.0,,Ever Bounced,False,0.7,High
PR01780742,15.0,1,17314,332089,Micro Loan,Ever Bounce,True,0,0,0.0,0.0,0.0,,Ever Bounced,False,0.7,High
PR01780882,15.0,1,29612,555178,SBL,Ever Bounce,True,0,0,0.0,0.0,0.0,,Ever Bounced,False,0.7,High
PR01861133,15.0,1,14416,385669,SBL,Ever Bounce,True,0,0,0.0,0.0,0.0,,Ever Bounced,False,0.7,High
PR01783112,15.0,1,47390,1253662,SBL,Ever Bounce,True,0,0,0.0,0.0,0.0,,Ever Bounced,False,0.7,High
PR01865037,15.0,1,17478,465907,SBL,Ever Bounce,True,0,0,0.0,0.0,0.0,,Ever Bounced,False,0.7,High
PR01783724,15.0,1,30252,637191,SBL,Ever Bounce,True,0,0,0.0,0.0,0.0,,Ever Bounced,False,0.7,High
PR02223119,15.0,1,22394,798803,ME,Ever Bounce,True,0,0,0.0,0.0,0.0,,Ever Bounced,False,0.7,High
PR01787766,15.0,1,47730,1666368,ME,Ever Bounce,True,0,0,0.0,0.0,0.0,,Ever Bounced,False,0.7,High
PR01794095,15.0,1,35732,777164,SBL,Ever Bounce,True,0,0,0.0,0.0,0.0,,Ever Bounced,False,0.7,High
PR01794771,15.0,1,34574,733886,SBL,Ever Bounce,False,1,0,0.0,1.0,17300.0,2026-09-06 11:46:24,Ever Bounced,False,0.7,High
PR01797090,15.0,1,44760,1188613,SBL,Ever Bounce,True,0,0,0.0,0.0,0.0,,Ever Bounced,False,0.7,High
PR01797487,15.0,1,50452,1339835,SBL,Ever Bounce,False,1,0,0.0,1.0,25226.0,2026-09-04 10:19:29,Ever Bounced,False,0.7,High
PR01798878,15.0,1,36038,957019,SBL,Ever Bounce,True,0,0,0.0,0.0,0.0,,Ever Bounced,False,0.7,High
PR01799153,15.0,1,17226,457453,SBL,Ever Bounce,True,0,0,0.0,0.0,0.0,,Ever Bounced,False,0.7,High
PR01828472,15.0,1,11604,309324,SBL,Ever Bounce,True,0,0,0.0,0.0,0.0,,Ever Bounced,False,0.7,High
PR01803632,15.0,1,30624,799931,SBL,Ever Bounce,True,0,0,0.0,0.0,0.0,,Ever Bounced,False,0.7,High
PR01803676,15.0,1,30700,815277,SBL,Ever Bounce,True,0,0,0.0,0.0,0.0,,Ever Bounced,False,0.7,High
PR01803695,15.0,1,36038,957019,SBL,Ever Bounce,True,0,0,0.0,0.0,0.0,,Ever Bounced,False,0.7,High
PR01803707,15.0,1,12446,468117,Home Loan,Ever Bounce,True,0,0,0.0,0.0,0.0,,Ever Bounced,False,0.7,High
PR01803818,15.0,1,24048,464353,Micro Loan,Ever Bounce,False,1,0,0.0,1.0,12024.0,2026-09-16 16:01:16,Ever Bounced,False,0.7,High
PR01803991,15.0,1,34574,733886,SBL,Ever Bounce,True,0,0,0.0,0.0,0.0,,Ever Bounced,False,0.7,High
PR01804170,15.0,1,27992,674759,SBL,Ever Bounce,True,0,0,0.0,0.0,0.0,,Ever Bounced,False,0.7,High
PR01804918,15.0,1,36038,957019,SBL,Ever Bounce,True,0,0,0.0,0.0,0.0,,Ever Bounced,False,0.7,High
PR01805054,15.0,1,50606,1366448,SBL,Ever Bounce,True,0,0,0.0,0.0,0.0,,Ever Bounced,False,0.7,High
PR01805117,15.0,1,26648,552192,Micro Loan,Ever Bounce,True,0,0,0.0,0.0,0.0,,Ever Bounced,False,0.7,High
PR01805256,15.0,1,32434,861319,SBL,Ever Bounce,True,0,0,0.0,0.0,0.0,,Ever Bounced,False,0.7,High
PR01805408,15.0,1,31064,692502,SBL,Ever Bounce,True,0,0,0.0,0.0,0.0,,Ever Bounced,False,0.7,High
PR01830315,15.0,1,30246,679775,SBL,Ever Bounce,True,0,0,0.0,0.0,0.0,,Ever Bounced,False,0.7,High
PR01805657,15.0,1,33338,716280,SBL,Ever Bounce,True,0,0,0.0,0.0,0.0,,Ever Bounced,False,0.7,High
PR01805704,15.0,1,37250,990510,SBL,Ever Bounce,True,0,0,0.0,0.0,0.0,,Ever Bounced,False,0.7,High
PR01807355,15.0,1,21625,1177099,ME,Ever Bounce,True,0,0,0.0,0.0,0.0,,Ever Bounced,False,0.7,High
PR01807836,15.0,1,28830,765619,SBL,Ever Bounce,True,0,0,0.0,0.0,0.0,,Ever Bounced,False,0.7,High
PR01808856,15.0,1,64590,2369154,Home Loan,Ever Bounce,True,0,0,0.0,0.0,0.0,,Ever Bounced,False,0.7,High
PR01808943,15.0,1,54232,2128022,Co-Lending,Ever Bounce,True,0,0,0.0,0.0,0.0,,Ever Bounced,False,0.7,High
PR01833400,15.0,1,27166,1069514,Co-Lending,Ever Bounce,True,0,0,0.0,0.0,0.0,,Ever Bounced,False,0.7,High
PR01808967,15.0,1,24676,823963,ME,Ever Bounce,True,0,0,0.0,0.0,0.0,,Ever Bounced,False,0.7,High
PR01808968,15.0,1,18876,623161,ME,Ever Bounce,True,0,0,0.0,0.0,0.0,,Ever Bounced,False,0.7,High
PR01830091,15.0,1,12336,407909,ME,Ever Bounce,True,0,0,0.0,0.0,0.0,,Ever Bounced,False,0.7,High
PR01809433,15.0,1,25066,532067,SBL,Ever Bounce,True,0,0,0.0,0.0,0.0,,Ever Bounced,False,0.7,High
PR01810454,15.0,1,41880,1189777,ME,Ever Bounce,True,0,0,0.0,0.0,0.0,,Ever Bounced,False,0.7,High
PR01810530,15.0,1,25122,548590,SBL,Ever Bounce,True,0,0,0.0,0.0,0.0,,Ever Bounced,False,0.7,High
PR01811612,15.0,1,26136,46260,SBL,Ever Bounce,True,0,0,0.0,0.0,0.0,,Ever Bounced,False,0.7,High
PR01812086,15.0,1,36037,957019,SBL,Ever Bounce,True,0,0,0.0,0.0,0.0,,Ever Bounced,False,0.7,High
PR01815450,15.0,1,48664,1336278,SBL,Ever Bounce,True,0,0,0.0,0.0,0.0,,Ever Bounced,False,0.7,High
PR01815782,15.0,1,32441,861503,SBL,Ever Bounce,True,0,0,0.0,0.0,0.0,,Ever Bounced,False,0.7,High
PR01861115,15.0,1,15116,530535,ME,Ever Bounce,True,0,0,0.0,0.0,0.0,,Ever Bounced,False,0.7,High
PR01815931,15.0,1,26648,552192,Micro Loan,Ever Bounce,True,0,0,0.0,0.0,0.0,,Ever Bounced,False,0.7,High
PR01816353,15.0,1,14596,387589,SBL,Ever Bounce,True,0,0,0.0,0.0,0.0,,Ever Bounced,False,0.7,High
PR01845887,15.0,1,14236,380848,ME,Ever Bounce,True,0,0,0.0,0.0,0.0,,Ever Bounced,False,0.7,High
PR01816382,15.0,1,48096,928709,Micro Loan,Ever Bounce,True,0,0,0.0,0.0,0.0,,Ever Bounced,False,0.7,High
PR01818909,15.0,1,19448,415948,SBL,Ever Bounce,True,0,0,0.0,0.0,0.0,,Ever Bounced,False,0.7,High
PR01823106,15.0,1,36952,771326,Micro Loan,Ever Bounce,True,0,0,0.0,0.0,0.0,,Ever Bounced,False,0.7,High
PR01828962,15.0,1,51934,1945249,Co-Lending,Ever Bounce,True,0,0,0.0,0.0,0.0,,Ever Bounced,False,0.7,High
PR01830388,15.0,1,41712,1149948,SBL,Ever Bounce,False,1,0,0.0,1.0,20856.0,2026-09-07 20:37:04,Ever Bounced,False,0.7,High
PR01830845,15.0,1,33602,866579,SBL,Ever Bounce,True,0,0,0.0,0.0,0.0,,Ever Bounced,False,0.7,High
PR01831775,15.0,1,64886,2327946,Home Loan,Ever Bounce,False,1,0,0.0,1.0,32443.0,2026-09-17 09:23:58,Ever Bounced,False,0.7,High
PR01831901,15.0,1,15300,290550,Micro Loan,Ever Bounce,False,1,0,0.0,1.0,7650.0,2026-09-11 18:35:47,Ever Bounced,False,0.7,High
PR01832312,15.0,1,41288,1446625,ME,Ever Bounce,False,1,0,0.0,1.0,20644.0,2026-09-10 07:24:53,Ever Bounced,False,0.7,High
PR01833230,15.0,1,30242,833706,ME,Ever Bounce,False,1,0,0.0,1.0,10000.0,2026-09-17 12:12:12,Ever Bounced,False,0.7,High
PR01833278,15.0,1,30232,1059217,ME,Ever Bounce,True,0,0,0.0,0.0,0.0,,Ever Bounced,False,0.7,High
PR01833902,15.0,1,27144,515506,SBL,Ever Bounce,True,0,0,0.0,0.0,0.0,,Ever Bounced,False,0.7,High
PR01834831,15.0,1,37480,999051,SBL,Ever Bounce,True,0,0,0.0,0.0,0.0,,Ever Bounced,False,0.7,High
PR01834967,15.0,1,26508,683634,SBL,Ever Bounce,True,0,0,0.0,0.0,0.0,,Ever Bounced,False,0.7,High
PR01835036,15.0,1,49912,1330474,SBL,Ever Bounce,True,0,0,0.0,0.0,0.0,,Ever Bounced,False,0.7,High
PR01835690,15.0,1,30252,647031,SBL,Ever Bounce,False,1,0,0.0,1.0,15126.0,2026-09-15 07:30:14,Ever Bounced,False,0.7,High
PR01836054,15.0,1,37784,1024152,SBL,Ever Bounce,True,0,0,0.0,0.0,0.0,,Ever Bounced,False,0.7,High
PR01885870,15.0,1,17174,469041,SBL,Ever Bounce,True,0,0,0.0,0.0,0.0,,Ever Bounced,False,0.7,High
PR01836219,15.0,1,67006,1911675,ME,Ever Bounce,True,0,0,0.0,0.0,0.0,,Ever Bounced,False,0.7,High
PR01836358,15.0,1,17050,369173,SBL,Ever Bounce,True,0,0,0.0,0.0,0.0,,Ever Bounced,False,0.7,High
PR01866212,15.0,1,12788,278970,SBL,Ever Bounce,True,0,0,0.0,0.0,0.0,,Ever Bounced,False,0.7,High
PR01836474,15.0,1,28470,758897,SBL,Ever Bounce,True,0,0,0.0,0.0,0.0,,Ever Bounced,False,0.7,High
PR01836888,15.0,1,27028,720475,SBL,Ever Bounce,True,0,0,0.0,0.0,0.0,,Ever Bounced,False,0.7,High
PR01836902,15.0,1,25564,553753,SBL,Ever Bounce,True,0,0,0.0,0.0,0.0,,Ever Bounced,False,0.7,High
PR01860365,15.0,1,8408,185718,SBL,Ever Bounce,False,1,0,0.0,1.0,4204.0,2026-09-11 17:15:39,Ever Bounced,False,0.7,High
PR01851635,15.0,1,55026,1447834,SBL,Ever Bounce,True,0,0,0.0,0.0,0.0,,Ever Bounced,False,0.7,High
PR01853867,15.0,1,25910,495092,Micro Loan,Ever Bounce,True,0,0,0.0,0.0,0.0,,Ever Bounced,False,0.7,High
PR01854190,15.0,1,23806,636918,ME,Ever Bounce,True,0,0,0.0,0.0,0.0,,Ever Bounced,False,0.7,High
PR01854195,15.0,1,68920,1907485,SBL,Ever Bounce,True,0,0,0.0,0.0,0.0,,Ever Bounced,False,0.7,High
PR01855292,15.0,1,26136,676357,SBL,Ever Bounce,False,1,0,0.0,1.0,13068.0,2026-09-05 10:40:45,Ever Bounced,False,0.7,High
PR01855808,15.0,1,38326,1025411,SBL,Ever Bounce,True,0,0,0.0,0.0,0.0,,Ever Bounced,False,0.7,High
PR01893948,15.0,1,12128,325622,ME,Ever Bounce,True,0,0,0.0,0.0,0.0,,Ever Bounced,False,0.7,High
PR01856495,15.0,1,50254,1439689,ME,Ever Bounce,True,0,0,0.0,0.0,0.0,,Ever Bounced,False,0.7,High
PR01879140,15.0,1,15208,408365,ME,Ever Bounce,True,0,0,0.0,0.0,0.0,,Ever Bounced,False,0.7,High
PR01857730,15.0,1,36684,965223,SBL,Ever Bounce,True,0,0,0.0,0.0,0.0,,Ever Bounced,False,0.7,High
PR01857777,15.0,1,26946,588068,SBL,Ever Bounce,True,0,0,0.0,0.0,0.0,,Ever Bounced,False,0.7,High
PR01858029,15.0,1,27056,677731,SBL,Ever Bounce,True,0,0,0.0,0.0,0.0,,Ever Bounced,False,0.7,High
PR01858522,15.0,1,33516,896689,SBL,Ever Bounce,True,0,0,0.0,0.0,0.0,,Ever Bounced,False,0.7,High
PR01861091,15.0,1,19118,529122,SBL,Ever Bounce,True,0,0,0.0,0.0,0.0,,Ever Bounced,False,0.7,High
PR01909914,15.0,1,36540,1019004,ME,Ever Bounce,True,0,0,0.0,0.0,0.0,,Ever Bounced,False,0.7,High
PR01861124,15.0,1,28830,771351,SBL,Ever Bounce,False,1,0,0.0,1.0,10000.0,2026-09-14 14:33:25,Ever Bounced,False,0.7,High
PR01861368,15.0,1,12656,333002,SBL,Ever Bounce,False,1,0,0.0,1.0,6330.0,2026-09-07 14:24:45,Ever Bounced,False,0.7,High
PR01893422,15.0,1,9356,246992,SBL,Ever Bounce,False,1,0,0.0,1.0,4680.0,2026-09-07 18:41:13,Ever Bounced,False,0.7,High
PR01862341,15.0,1,43246,1157021,SBL,Ever Bounce,False,1,0,0.0,1.0,21623.0,2026-09-16 09:38:48,Ever Bounced,False,0.7,High
PR01862459,15.0,1,28830,771351,SBL,Ever Bounce,True,0,0,0.0,0.0,0.0,,Ever Bounced,False,0.7,High
PR01862488,15.0,1,30272,809913,SBL,Ever Bounce,True,0,0,0.0,0.0,0.0,,Ever Bounced,False,0.7,High
PR01863752,15.0,1,35468,917927,SBL,Ever Bounce,True,0,0,0.0,0.0,0.0,,Ever Bounced,False,0.7,High
PR01863793,15.0,1,33625,742879,SBL,Ever Bounce,False,1,0,0.0,1.0,16815.0,2026-09-15 17:23:13,Ever Bounced,False,0.7,High
PR01864329,15.0,1,20896,598627,Home Loan,Ever Bounce,True,0,0,0.0,0.0,0.0,,Ever Bounced,False,0.7,High
PR01865026,15.0,1,36038,964185,SBL,Ever Bounce,True,0,0,0.0,0.0,0.0,,Ever Bounced,False,0.7,High
PR01865145,15.0,1,26452,517472,Micro Loan,Ever Bounce,False,1,0,0.0,1.0,13252.0,2026-09-10 16:30:17,Ever Bounced,False,0.7,High
PR01865153,15.0,1,28112,563127,SBL,Ever Bounce,True,0,0,0.0,0.0,0.0,,Ever Bounced,False,0.7,High
PR01865996,15.0,1,25226,11569,SBL,Ever Bounce,True,0,0,0.0,0.0,0.0,,Ever Bounced,False,0.7,High
PR01866226,15.0,1,25619,584089,SBL,Ever Bounce,True,0,0,0.0,0.0,0.0,,Ever Bounced,False,0.7,High
PR01953838,15.0,1,50254,1457018,SBL,Ever Bounce,False,1,0,0.0,1.0,9027.0,2026-09-07 11:11:52,Ever Bounced,False,0.7,High
PR01953292,15.0,1,76470,2763260,ME,Ever Bounce,True,0,0,0.0,0.0,0.0,,Ever Bounced,False,0.7,High
PR01866510,15.0,1,36038,964185,ME,Ever Bounce,True,0,0,0.0,0.0,0.0,,Ever Bounced,False,0.7,High
PR01881247,15.0,1,33602,872596,SBL,Ever Bounce,True,0,0,0.0,0.0,0.0,,Ever Bounced,False,0.7,High
PR01881696,15.0,1,46498,1248551,SBL,Ever Bounce,True,0,0,0.0,0.0,0.0,,Ever Bounced,False,0.7,High
PR01886990,15.0,1,7208,193536,SBL,Ever Bounce,True,0,0,0.0,0.0,0.0,,Ever Bounced,False,0.7,High
PR01883544,15.0,1,27714,586719,SBL,Ever Bounce,True,0,0,0.0,0.0,0.0,,Ever Bounced,False,0.7,High
PR01886923,15.0,1,55026,1452947,SBL,Ever Bounce,True,0,0,0.0,0.0,0.0,,Ever Bounced,False,0.7,High
PR01889390,15.0,1,49546,1353412,SBL,Ever Bounce,True,0,0,0.0,0.0,0.0,,Ever Bounced,False,0.7,High
PR01889437,15.0,1,32798,661254,SBL,Ever Bounce,True,0,0,0.0,0.0,0.0,,Ever Bounced,False,0.7,High
PR01890402,15.0,1,29426,654909,SBL,Ever Bounce,True,0,0,0.0,0.0,0.0,,Ever Bounced,False,0.7,High
PR01890901,15.0,1,52811,1774114,ME,Ever Bounce,True,0,0,0.0,0.0,0.0,,Ever Bounced,False,0.7,High
PR01891040,15.0,1,25552,562062,SBL,Ever Bounce,False,1,0,0.0,1.0,12800.0,2026-09-12 16:28:14,Ever Bounced,False,0.7,High
PR01891071,15.0,1,36038,967689,SBL,Ever Bounce,True,0,0,0.0,0.0,0.0,,Ever Bounced,False,0.7,High
PR01892645,15.0,1,29868,775641,SBL,Ever Bounce,False,1,0,0.0,1.0,14934.0,2026-09-07 14:04:03,Ever Bounced,False,0.7,High
PR01893834,15.0,1,25642,617134,SBL,Ever Bounce,True,0,0,0.0,0.0,0.0,,Ever Bounced,False,0.7,High
PR01894954,15.0,1,46925,1303748,SBL,Ever Bounce,False,1,0,0.0,1.0,23463.0,2026-09-10 13:11:11,Ever Bounced,False,0.7,High
PR01960318,15.0,1,18740,508503,ME,Ever Bounce,True,0,0,0.0,0.0,0.0,,Ever Bounced,False,0.7,High
PR01895251,15.0,1,29838,655742,SBL,Ever Bounce,True,0,0,0.0,0.0,0.0,,Ever Bounced,False,0.7,High
PR01895402,15.0,1,42886,1151545,SBL,Ever Bounce,True,0,0,0.0,0.0,0.0,,Ever Bounced,False,0.7,High
PR01896676,15.0,1,41944,1145573,SBL,Ever Bounce,True,0,0,0.0,0.0,0.0,,Ever Bounced,False,0.7,High
PR01896710,15.0,1,28858,568051,SBL,Ever Bounce,True,0,0,0.0,0.0,0.0,,Ever Bounced,False,0.7,High
PR01896898,15.0,1,24428,517137,SBL,Ever Bounce,True,0,0,0.0,0.0,0.0,,Ever Bounced,False,0.7,High
PR01896979,15.0,1,90884,3434623,Co-Lending,Ever Bounce,True,0,0,0.0,0.0,0.0,,Ever Bounced,False,0.7,High
PR01897065,15.0,1,34596,928983,SBL,Ever Bounce,True,0,0,0.0,0.0,0.0,,Ever Bounced,False,0.7,High
PR01897144,15.0,1,43246,1161226,SBL,Ever Bounce,True,0,0,0.0,0.0,0.0,,Ever Bounced,False,0.7,High
PR01897180,15.0,1,69912,2345769,ME,Ever Bounce,True,0,0,0.0,0.0,0.0,,Ever Bounced,False,0.7,High
PR01909918,15.0,1,30196,813718,SBL,Ever Bounce,True,0,0,0.0,0.0,0.0,,Ever Bounced,False,0.7,High
PR01910081,15.0,1,34894,782301,SBL,Ever Bounce,True,0,0,0.0,0.0,0.0,,Ever Bounced,False,0.7,High
PR01912677,15.0,1,36038,971141,SBL,Ever Bounce,True,0,0,0.0,0.0,0.0,,Ever Bounced,False,0.7,High
PR01913907,15.0,1,17442,470033,SBL,Ever Bounce,True,0,0,0.0,0.0,0.0,,Ever Bounced,False,0.7,High
PR01963976,15.0,1,14992,406803,SBL,Ever Bounce,True,0,0,0.0,0.0,0.0,,Ever Bounced,False,0.7,High
PR01916472,15.0,1,29898,685103,SBL,Ever Bounce,True,0,0,0.0,0.0,0.0,,Ever Bounced,False,0.7,High
PR01916533,15.0,1,29676,660479,SBL,Ever Bounce,True,0,0,0.0,0.0,0.0,,Ever Bounced,False,0.7,High
PR01917356,15.0,1,48494,1329272,SBL,Ever Bounce,True,0,0,0.0,0.0,0.0,,Ever Bounced,False,0.7,High
PR01918288,15.0,1,38652,974406,SBL,Ever Bounce,False,1,0,0.0,1.0,19326.0,2026-09-10 13:17:01,Ever Bounced,False,0.7,High
PR01918366,15.0,1,39998,1096410,SBL,Ever Bounce,True,0,0,0.0,0.0,0.0,,Ever Bounced,False,0.7,High
PR01982766,15.0,1,13098,361566,ME,Ever Bounce,True,0,0,0.0,0.0,0.0,,Ever Bounced,False,0.7,High
PR01920927,15.0,1,28830,776915,SBL,Ever Bounce,True,0,0,0.0,0.0,0.0,,Ever Bounced,False,0.7,High
PR01922356,15.0,1,61878,1459799,Co-Lending,Ever Bounce,True,0,0,0.0,0.0,0.0,,Ever Bounced,False,0.7,High
PR01923022,15.0,1,26136,680965,SBL,Ever Bounce,True,0,0,0.0,0.0,0.0,,Ever Bounced,False,0.7,High
PR01923234,15.0,1,23318,673411,ME,Ever Bounce,True,0,0,0.0,0.0,0.0,,Ever Bounced,False,0.7,High
PR01953477,15.0,1,13536,392420,ME,Ever Bounce,False,1,0,0.0,1.0,13536.0,2026-09-16 19:22:40,Ever Bounced,False,0.7,High
PR01923277,15.0,1,36500,758961,SBL,Ever Bounce,True,0,0,0.0,0.0,0.0,,Ever Bounced,False,0.7,High
PR01923661,15.0,1,57342,1571844,SBL,Ever Bounce,True,0,0,0.0,0.0,0.0,,Ever Bounced,False,0.7,High
PR01924012,15.0,1,37408,1008042,SBL,Ever Bounce,True,0,0,0.0,0.0,0.0,,Ever Bounced,False,0.7,High
PR01924024,15.0,1,36148,1375945,Co-Lending,Ever Bounce,False,1,0,0.0,1.0,18177.0,2026-09-12 16:48:51,Ever Bounced,False,0.7,High
PR01924163,15.0,1,30252,661223,SBL,Ever Bounce,True,0,0,0.0,0.0,0.0,,Ever Bounced,False,0.7,High
PR01924802,15.0,1,30252,661223,SBL,Ever Bounce,False,1,0,0.0,1.0,15130.0,2026-09-10 15:38:44,Ever Bounced,False,0.7,High
PR01983802,15.0,1,23378,826017,ME,Ever Bounce,True,0,0,0.0,0.0,0.0,,Ever Bounced,False,0.7,High
PR02022865,15.0,1,52202,1847624,ME,Ever Bounce,True,0,0,0.0,0.0,0.0,,Ever Bounced,False,0.7,High
PR01927816,15.0,1,53802,1474820,SBL,Ever Bounce,True,0,0,0.0,0.0,0.0,,Ever Bounced,False,0.7,High
PR02058239,15.0,1,15222,423100,SBL,Ever Bounce,True,0,0,0.0,0.0,0.0,,Ever Bounced,False,0.7,High
PR01927839,15.0,1,48316,1347447,SBL,Ever Bounce,True,0,0,0.0,0.0,0.0,,Ever Bounced,False,0.7,High
PR01939463,15.0,1,54226,1517851,SBL,Ever Bounce,True,0,0,0.0,0.0,0.0,,Ever Bounced,False,0.7,High
PR01942345,15.0,1,36038,974542,SBL,Ever Bounce,True,0,0,0.0,0.0,0.0,,Ever Bounced,False,0.7,High
PR01942925,15.0,1,34956,945308,SBL,Ever Bounce,True,0,0,0.0,0.0,0.0,,Ever Bounced,False,0.7,High
PR01945692,15.0,1,32434,877088,SBL,Ever Bounce,True,0,0,0.0,0.0,0.0,,Ever Bounced,False,0.7,High
PR01946250,15.0,1,40136,1049230,SBL,Ever Bounce,True,0,0,0.0,0.0,0.0,,Ever Bounced,False,0.7,High
PR01947402,15.0,1,51860,1141389,SBL,Ever Bounce,True,0,0,0.0,0.0,0.0,,Ever Bounced,False,0.7,High
PR01950338,15.0,1,37336,976025,SBL,Ever Bounce,True,0,0,0.0,0.0,0.0,,Ever Bounced,False,0.7,High
PR01950360,15.0,1,43246,1169449,SBL,Ever Bounce,True,0,0,0.0,0.0,0.0,,Ever Bounced,False,0.7,High
PR01951669,15.0,1,32866,888785,SBL,Ever Bounce,True,0,0,0.0,0.0,0.0,,Ever Bounced,False,0.7,High
PR02002272,15.0,1,19388,527883,ME,Ever Bounce,True,0,0,0.0,0.0,0.0,,Ever Bounced,False,0.7,High
PR01952411,15.0,1,16082,466243,ME,Ever Bounce,True,0,0,0.0,0.0,0.0,,Ever Bounced,False,0.7,High
PR02022040,15.0,1,20772,606853,ME,Ever Bounce,True,0,0,0.0,0.0,0.0,,Ever Bounced,False,0.7,High
PR01952627,15.0,1,28266,777597,SBL,Ever Bounce,False,1,0,0.0,1.0,14133.0,2026-09-12 15:57:17,Ever Bounced,False,0.7,High
PR01965439,15.0,1,49552,1344590,SBL,Ever Bounce,True,0,0,0.0,0.0,0.0,,Ever Bounced,False,0.7,High
PR01966882,15.0,1,24778,684051,SBL,Ever Bounce,True,0,0,0.0,0.0,0.0,,Ever Bounced,False,0.7,High
PR01970793,15.0,1,61686,2079285,ME,Ever Bounce,True,0,0,0.0,0.0,0.0,,Ever Bounced,False,0.7,High
PR01971706,15.0,1,29762,754929,SBL,Ever Bounce,True,0,0,0.0,0.0,0.0,,Ever Bounced,False,0.7,High
PR01973930,15.0,1,44062,1485201,ME,Ever Bounce,True,0,0,0.0,0.0,0.0,,Ever Bounced,False,0.7,High
PR01975812,15.0,1,30632,831210,SBL,Ever Bounce,True,0,0,0.0,0.0,0.0,,Ever Bounced,False,0.7,High
PR01976094,15.0,1,26344,714838,SBL,Ever Bounce,True,0,0,0.0,0.0,0.0,,Ever Bounced,False,0.7,High
PR01977732,15.0,1,33078,1322589,Home Loan,Ever Bounce,False,1,0,0.0,1.0,16550.0,2026-09-07 14:42:05,Ever Bounced,False,0.7,High
PR01978042,15.0,1,49352,965237,Micro Loan,Ever Bounce,True,0,0,0.0,0.0,0.0,,Ever Bounced,False,0.7,High
PR01979749,15.0,1,55306,1638768,ME,Ever Bounce,True,0,0,0.0,0.0,0.0,,Ever Bounced,False,0.7,High
PR01981303,15.0,1,71802,2017161,SBL,Ever Bounce,False,1,0,0.0,1.0,35901.0,2026-09-10 11:29:56,Ever Bounced,False,0.7,High
PR01982752,15.0,1,31938,672560,SBL,Ever Bounce,True,0,0,0.0,0.0,0.0,,Ever Bounced,False,0.7,High
PR01983857,15.0,1,42710,983773,Micro Loan,Ever Bounce,True,0,0,0.0,0.0,0.0,,Ever Bounced,False,0.7,High
PR01983953,15.0,1,25226,684526,SBL,Ever Bounce,True,0,0,0.0,0.0,0.0,,Ever Bounced,False,0.7,High
PR01983970,15.0,1,31938,672560,SBL,Ever Bounce,True,0,0,0.0,0.0,0.0,,Ever Bounced,False,0.7,High
PR01983996,15.0,1,31714,860544,SBL,Ever Bounce,True,0,0,0.0,0.0,0.0,,Ever Bounced,False,0.7,High
PR01984048,15.0,1,36150,1015590,SBL,Ever Bounce,True,0,0,0.0,0.0,0.0,,Ever Bounced,False,0.7,High
PR01985445,15.0,1,27068,709915,SBL,Ever Bounce,True,0,0,0.0,0.0,0.0,,Ever Bounced,False,0.7,High
PR01985949,15.0,1,22474,497948,SBL,Ever Bounce,True,0,0,0.0,0.0,0.0,,Ever Bounced,False,0.7,High
PR01986082,15.0,1,21624,586731,SBL,Ever Bounce,True,0,0,0.0,0.0,0.0,,Ever Bounced,False,0.7,High
PR01987625,15.0,1,55984,1978254,ME,Ever Bounce,False,1,0,0.0,1.0,28000.0,2026-09-03 18:00:02,Ever Bounced,False,0.7,High
PR01991696,45.0,2,67742,1653816,SBL,Ever Bounce,True,0,0,0.0,0.0,0.0,,Ever Bounced,False,0.7,High
PR02017071,15.0,1,14414,392475,SBL,Ever Bounce,True,0,0,0.0,0.0,0.0,,Ever Bounced,False,0.7,High
PR02000749,15.0,1,45622,1332851,SBL,Ever Bounce,True,0,0,0.0,0.0,0.0,,Ever Bounced,False,0.7,High
PR02015621,15.0,1,33674,916837,SBL,Ever Bounce,False,1,0,0.0,1.0,16837.0,2026-09-16 16:55:10,Ever Bounced,False,0.7,High
PR02023381,15.0,1,25680,687226,SBL,Ever Bounce,True,0,0,0.0,0.0,0.0,,Ever Bounced,False,0.7,High
PR02023470,15.0,1,73720,2739576,ME,Ever Bounce,True,0,0,0.0,0.0,0.0,,Ever Bounced,False,0.7,High
PR02031147,15.0,1,28144,825253,ME,Ever Bounce,True,0,0,0.0,0.0,0.0,,Ever Bounced,False,0.7,High
PR02058252,15.0,1,40002,1092735,ME,Ever Bounce,False,1,0,0.0,1.0,20001.0,2026-09-15 16:05:22,Ever Bounced,False,0.7,High
PR02058298,15.0,1,63958,1842072,SBL,Ever Bounce,True,0,0,0.0,0.0,0.0,,Ever Bounced,False,0.7,High
PR02060431,15.0,1,85648,2000864,SBL,Ever Bounce,True,0,0,0.0,0.0,0.0,,Ever Bounced,False,0.7,High
PR02060452,15.0,1,44062,1489570,ME,Ever Bounce,True,0,0,0.0,0.0,0.0,,Ever Bounced,False,0.7,High
PR02060488,15.0,1,27040,725972,SBL,Ever Bounce,True,0,0,0.0,0.0,0.0,,Ever Bounced,False,0.7,High
PR02088893,15.0,1,36854,1084656,ME,Ever Bounce,True,0,0,0.0,0.0,0.0,,Ever Bounced,False,0.7,High
PR02090876,15.0,1,61022,2166709,ME,Ever Bounce,True,0,0,0.0,0.0,0.0,,Ever Bounced,False,0.7,High
PR02136694,15.0,1,18756,666953,ME,Ever Bounce,True,0,0,0.0,0.0,0.0,,Ever Bounced,False,0.7,High
PR02097328,15.0,1,109242,3974389,ME,Ever Bounce,True,0,0,0.0,0.0,0.0,,Ever Bounced,False,0.7,High
PR02133672,15.0,1,50254,1484413,ME,Ever Bounce,True,0,0,0.0,0.0,0.0,,Ever Bounced,False,0.7,High
PR00227492,90.0,3  Above,46284,693777,SME,Ever Bounce,True,0,0,0.0,0.0,0.0,,Ever Bounced,False,0.75,High
PR00229765,90.0,3  Above,46344,531115,SME,Ever Bounce,True,0,0,0.0,0.0,0.0,,Ever Bounced,False,0.75,High
PR00446456,90.0,3  Above,1686043,1960781,ME,Ever Bounce,True,0,0,0.0,0.0,0.0,,Ever Bounced,False,0.773,High
PR00302207,0.0,0,2180,0,SME,Ever Bounce,True,0,0,0.0,0.0,0.0,,Ever Bounced,False,0.7,High
PR00308104,90.0,3  Above,0,17469,SME,Ever Bounce,True,0,0,0.0,0.0,0.0,,Ever Bounced,False,0.75,High
PR00415833,90.0,3  Above,1285340,8076585,ME,Ever Bounce,True,0,0,0.0,0.0,0.0,,Ever Bounced,False,0.771,High
PR00995495,90.0,3  Above,300760,145248,ECLGS,Ever Bounce,True,0,0,0.0,0.0,0.0,,Ever Bounced,False,0.755,High
PR00329799,90.0,3  Above,90430,13733,ME,Ever Bounce,True,0,0,0.0,0.0,0.0,,Ever Bounced,False,0.75,High
PR00863251,90.0,3  Above,207753,1117462,ME,Ever Bounce,True,0,0,0.0,0.0,0.0,,Ever Bounced,False,0.752,High
PR00369911,90.0,3  Above,221122,142003,ME,Ever Bounce,True,0,0,0.0,0.0,0.0,,Ever Bounced,False,0.752,High
PR00977198,90.0,3  Above,23982,8788,ECLGS,Ever Bounce,True,0,0,0.0,0.0,0.0,,Ever Bounced,False,0.75,High
PR00379190,90.0,3  Above,543430,480317,SME,Ever Bounce,True,0,0,0.0,0.0,0.0,,Ever Bounced,False,0.762,High
PR00388721,90.0,3  Above,204770,87617,ME,Ever Bounce,True,0,0,0.0,0.0,0.0,,Ever Bounced,False,0.752,High
PR00388868,90.0,3  Above,326655,255869,ME,Ever Bounce,True,0,0,0.0,0.0,0.0,,Ever Bounced,False,0.756,High
PR00390185,75.0,3,12632,145505,ME,Ever Bounce,True,0,0,0.0,0.0,0.0,,Ever Bounced,False,0.7,High
PR00398216,45.0,2,16962,259173,ME,Ever Bounce,True,0,0,0.0,0.0,0.0,,Ever Bounced,False,0.7,High
PR00399166,90.0,3  Above,294865,3254497,SME,Ever Bounce,True,0,0,0.0,0.0,0.0,,Ever Bounced,False,0.755,High
PR00405272,90.0,3  Above,974552,413930,SME,Ever Bounce,True,0,0,0.0,0.0,0.0,,Ever Bounced,False,0.768,High
PR00406629,90.0,3  Above,103968,51912,ME,Ever Bounce,True,0,0,0.0,0.0,0.0,,Ever Bounced,False,0.75,High
PR00407329,90.0,3  Above,143920,1053721,ME,Ever Bounce,True,0,0,0.0,0.0,0.0,,Ever Bounced,False,0.75,High
PR00407995,90.0,3  Above,120218,102825,ME,Ever Bounce,True,0,0,0.0,0.0,0.0,,Ever Bounced,False,0.75,High
PR00416972,90.0,3  Above,41124,490123,ME,Ever Bounce,True,0,0,0.0,0.0,0.0,,Ever Bounced,False,0.75,High
PR00434009,90.0,3  Above,93808,394026,ME,Ever Bounce,True,0,0,0.0,0.0,0.0,,Ever Bounced,False,0.75,High
PR00435357,90.0,3  Above,117496,730076,ME,Ever Bounce,True,0,0,0.0,0.0,0.0,,Ever Bounced,False,0.75,High
PR00434142,90.0,3  Above,62568,518005,ME,Ever Bounce,True,0,0,0.0,0.0,0.0,,Ever Bounced,False,0.75,High
PR00676196,90.0,3  Above,44190,384871,ME,Ever Bounce,True,0,0,0.0,0.0,0.0,,Ever Bounced,False,0.75,High
PR00438330,75.0,3,53068,55418,ME,Ever Bounce,True,0,0,0.0,0.0,0.0,,Ever Bounced,False,0.713,High
PR00578800,90.0,3  Above,342048,1060621,ME,Ever Bounce,True,0,0,0.0,0.0,0.0,,Ever Bounced,False,0.757,High
PR00974697,0.0,0,0,30336,ME,Ever Bounce,True,0,0,0.0,0.0,0.0,,Ever Bounced,False,0.05,Low
PR00590943,75.0,3,89012,1369945,ME,Ever Bounce,True,0,0,0.0,0.0,0.0,,Ever Bounced,False,0.718,High
PR00590946,90.0,3  Above,219120,1325608,ME,Ever Bounce,True,0,0,0.0,0.0,0.0,,Ever Bounced,False,0.752,High
PR00595872,90.0,3  Above,165468,951463,ME,Ever Bounce,True,0,0,0.0,0.0,0.0,,Ever Bounced,False,0.75,High
PR00597847,90.0,3  Above,1983584,7242834,ME,Ever Bounce,True,0,0,0.0,0.0,0.0,,Ever Bounced,False,0.775,High
PR00827080,0.0,0,0,0,ECLGS,Ever Bounce,True,0,0,0.0,0.0,0.0,,Ever Bounced,False,0.05,Low
PR00974611,90.0,3  Above,72523,412401,ME,Ever Bounce,True,0,0,0.0,0.0,0.0,,Ever Bounced,False,0.75,High
PR00601667,90.0,3  Above,108260,659671,ME,Ever Bounce,True,0,0,0.0,0.0,0.0,,Ever Bounced,False,0.75,High
PR00605351,90.0,3  Above,259536,726111,ME,Ever Bounce,True,0,0,0.0,0.0,0.0,,Ever Bounced,False,0.754,High
PR00602179,90.0,3  Above,67725,869795,ME,Ever Bounce,True,0,0,0.0,0.0,0.0,,Ever Bounced,False,0.75,High
PR00602747,90.0,3  Above,298785,1443018,ME,Ever Bounce,True,0,0,0.0,0.0,0.0,,Ever Bounced,False,0.755,High
PR00602766,90.0,3  Above,129064,623627,ME,Ever Bounce,True,0,0,0.0,0.0,0.0,,Ever Bounced,False,0.75,High
PR00606183,90.0,3  Above,170478,939390,ME,Ever Bounce,True,0,0,0.0,0.0,0.0,,Ever Bounced,False,0.75,High
PR00611213,90.0,3  Above,140930,857649,ME,Ever Bounce,True,0,0,0.0,0.0,0.0,,Ever Bounced,False,0.75,High
PR00611227,90.0,3  Above,166470,1231422,ME,Ever Bounce,True,0,0,0.0,0.0,0.0,,Ever Bounced,False,0.75,High
PR00615534,90.0,3  Above,119853,822006,ME,Ever Bounce,True,0,0,0.0,0.0,0.0,,Ever Bounced,False,0.75,High
PR00728563,90.0,3  Above,20485,247832,ME,Ever Bounce,True,0,0,0.0,0.0,0.0,,Ever Bounced,False,0.75,High
PR01259802,90.0,3  Above,34608,192714,ME,Ever Bounce,True,0,0,0.0,0.0,0.0,,Ever Bounced,False,0.75,High
PR00615804,90.0,3  Above,209287,1025967,ME,Ever Bounce,True,0,0,0.0,0.0,0.0,,Ever Bounced,False,0.752,High
PR00617651,90.0,3  Above,163345,804983,ME,Ever Bounce,True,0,0,0.0,0.0,0.0,,Ever Bounced,False,0.75,High
PR00621288,90.0,3  Above,181363,946186,ME,Ever Bounce,True,0,0,0.0,0.0,0.0,,Ever Bounced,False,0.75,High
PR00956757,90.0,3  Above,95704,39354,ECLGS,Ever Bounce,True,0,0,0.0,0.0,0.0,,Ever Bounced,False,0.75,High
PR00621330,90.0,3  Above,127848,1088506,ME,Ever Bounce,True,0,0,0.0,0.0,0.0,,Ever Bounced,False,0.75,High
PR00986508,90.0,3  Above,47580,26468,ECLGS,Ever Bounce,True,0,0,0.0,0.0,0.0,,Ever Bounced,False,0.75,High
PR00628550,90.0,3  Above,326016,1701084,ME,Ever Bounce,True,0,0,0.0,0.0,0.0,,Ever Bounced,False,0.756,High
PR00648477,90.0,3  Above,229936,1247274,ME,Ever Bounce,True,0,0,0.0,0.0,0.0,,Ever Bounced,False,0.753,High
PR00650416,90.0,3  Above,1793664,1961316,Co-Lending,Ever Bounce,True,0,0,0.0,0.0,0.0,,Ever Bounced,False,0.774,High
PR00651524,90.0,3  Above,177870,124694,ME,Ever Bounce,True,0,0,0.0,0.0,0.0,,Ever Bounced,False,0.75,High
PR00651578,90.0,3  Above,1038780,1232675,Co-Lending,Ever Bounce,True,0,0,0.0,0.0,0.0,,Ever Bounced,False,0.768,High
PR00812281,90.0,3  Above,162336,107615,ECLGS,Ever Bounce,True,0,0,0.0,0.0,0.0,,Ever Bounced,False,0.75,High
PR00651588,90.0,3  Above,1139297,1350285,Co-Lending,Ever Bounce,True,0,0,0.0,0.0,0.0,,Ever Bounced,False,0.769,High
PR00662543,90.0,3  Above,497211,575544,Co-Lending,Ever Bounce,True,0,0,0.0,0.0,0.0,,Ever Bounced,False,0.761,High
PR00654732,90.0,3  Above,759069,934066,Co-Lending,Ever Bounce,True,0,0,0.0,0.0,0.0,,Ever Bounced,False,0.765,High
PR00661718,90.0,3  Above,658806,812552,Co-Lending,Ever Bounce,True,0,0,0.0,0.0,0.0,,Ever Bounced,False,0.764,High
PR00803884,90.0,3  Above,268965,178879,ECLGS,Ever Bounce,True,0,0,0.0,0.0,0.0,,Ever Bounced,False,0.754,High
PR00657761,90.0,3  Above,71928,526746,ME,Ever Bounce,True,0,0,0.0,0.0,0.0,,Ever Bounced,False,0.75,High
PR00674015,90.0,3  Above,101862,830215,ME,Ever Bounce,True,0,0,0.0,0.0,0.0,,Ever Bounced,False,0.75,High
PR00661471,90.0,3  Above,444906,416957,ME,Ever Bounce,True,0,0,0.0,0.0,0.0,,Ever Bounced,False,0.76,High
PR00663018,90.0,3  Above,213080,1880000,ME,Ever Bounce,True,0,0,0.0,0.0,0.0,,Ever Bounced,False,0.752,High
PR00663649,90.0,3  Above,190188,499320,ME,Ever Bounce,True,0,0,0.0,0.0,0.0,,Ever Bounced,False,0.751,High
PR00672695,90.0,3  Above,154725,440188,ME,Ever Bounce,True,0,0,0.0,0.0,0.0,,Ever Bounced,False,0.75,High
PR00977171,90.0,3  Above,2260,30253,ME,Ever Bounce,True,0,0,0.0,0.0,0.0,,Ever Bounced,False,0.75,High
PR00668845,90.0,3  Above,393264,1578277,ME,Ever Bounce,True,0,0,0.0,0.0,0.0,,Ever Bounced,False,0.758,High
PR00669825,90.0,3  Above,209942,929345,ME,Ever Bounce,False,1,0,0.0,1.0,13126.0,2026-09-07 13:45:42,Ever Bounced,False,0.75,High
PR00990375,90.0,3  Above,1190,38864,ME,Ever Bounce,False,1,0,0.0,1.0,595.0,2026-09-07 13:47:16,Ever Bounced,False,0.75,High
PR00669992,90.0,3  Above,178758,217168,ME,Ever Bounce,True,0,0,0.0,0.0,0.0,,Ever Bounced,False,0.75,High
PR00670841,90.0,3  Above,27034,215290,Co-Lending,Ever Bounce,True,0,0,0.0,0.0,0.0,,Ever Bounced,False,0.75,High
PR00676772,90.0,3  Above,66185,533410,Co-Lending,Ever Bounce,True,0,0,0.0,0.0,0.0,,Ever Bounced,False,0.75,High
PR00966267,90.0,3  Above,36470,307896,Co-Lending,Ever Bounce,True,0,0,0.0,0.0,0.0,,Ever Bounced,False,0.75,High
PR00822450,75.0,3,97116,1745419,Co-Lending,Ever Bounce,True,0,0,0.0,0.0,0.0,,Ever Bounced,False,0.719,High
PR00853347,75.0,3,58684,1066697,Co-Lending,Ever Bounce,True,0,0,0.0,0.0,0.0,,Ever Bounced,False,0.714,High
PR00672940,90.0,3  Above,159804,923728,ME,Ever Bounce,True,0,0,0.0,0.0,0.0,,Ever Bounced,False,0.75,High
PR00745546,0.0,0,12813,988984,ME,Ever Bounce,True,0,0,0.0,0.0,0.0,,Ever Bounced,False,0.7,High
PR00983447,0.0,0,0,39109,ME,Ever Bounce,True,0,0,0.0,0.0,0.0,,Ever Bounced,False,0.05,Low
PR01410904,90.0,3  Above,246720,1871263,ME,Ever Bounce,True,0,0,0.0,0.0,0.0,,Ever Bounced,False,0.753,High
PR01442842,90.0,3  Above,37960,289212,ME,Ever Bounce,True,0,0,0.0,0.0,0.0,,Ever Bounced,False,0.75,High
PR00675890,75.0,3,44976,72757,ME,Ever Bounce,True,0,0,0.0,0.0,0.0,,Ever Bounced,False,0.711,High
PR00836675,90.0,3  Above,462855,1228268,ME,Ever Bounce,True,0,0,0.0,0.0,0.0,,Ever Bounced,False,0.76,High
PR01164193,90.0,3  Above,998352,2223397,Co-Lending,Ever Bounce,True,0,0,0.0,0.0,0.0,,Ever Bounced,False,0.768,High
PR00698635,90.0,3  Above,69504,182552,ME,Ever Bounce,True,0,0,0.0,0.0,0.0,,Ever Bounced,False,0.75,High
PR00787771,90.0,3  Above,225904,601235,ME,Ever Bounce,True,0,0,0.0,0.0,0.0,,Ever Bounced,False,0.753,High
PR00700011,90.0,3  Above,80640,660495,Co-Lending,Ever Bounce,True,0,0,0.0,0.0,0.0,,Ever Bounced,False,0.75,High
PR00718803,90.0,3  Above,26565,228128,Co-Lending,Ever Bounce,True,0,0,0.0,0.0,0.0,,Ever Bounced,False,0.75,High
PR01410655,90.0,3  Above,424968,2177367,Co-Lending,Ever Bounce,True,0,0,0.0,0.0,0.0,,Ever Bounced,False,0.759,High
PR00934663,15.0,1,31962,780608,ME,Ever Bounce,True,0,0,0.0,0.0,0.0,,Ever Bounced,False,0.7,High
PR01228592,90.0,3  Above,1150350,3354874,Co-Lending,Ever Bounce,True,0,0,0.0,0.0,0.0,,Ever Bounced,False,0.769,High
PR00711756,90.0,3  Above,212120,447122,ME,Ever Bounce,True,0,0,0.0,0.0,0.0,,Ever Bounced,False,0.752,High
PR00712083,90.0,3  Above,397644,480584,ME,Ever Bounce,True,0,0,0.0,0.0,0.0,,Ever Bounced,False,0.758,High
PR01110954,90.0,3  Above,364872,3402926,Co-Lending,Ever Bounce,True,0,0,0.0,0.0,0.0,,Ever Bounced,False,0.757,High
PR01353182,0.0,0,0,772865,Co-Lending,Ever Bounce,True,0,0,0.0,0.0,0.0,,Ever Bounced,False,0.05,Low
PR00717298,90.0,3  Above,91092,466922,Co-Lending,Ever Bounce,True,0,0,0.0,0.0,0.0,,Ever Bounced,False,0.75,High
PR00727585,90.0,3  Above,63120,325685,Co-Lending,Ever Bounce,True,0,0,0.0,0.0,0.0,,Ever Bounced,False,0.75,High
PR00958021,90.0,3  Above,87087,32330,ECLGS,Ever Bounce,True,0,0,0.0,0.0,0.0,,Ever Bounced,False,0.75,High
PR00717918,90.0,3  Above,148700,863341,ME,Ever Bounce,True,0,0,0.0,0.0,0.0,,Ever Bounced,False,0.75,High
PR00735200,90.0,3  Above,91740,510714,ME,Ever Bounce,True,0,0,0.0,0.0,0.0,,Ever Bounced,False,0.75,High
PR00986181,90.0,3  Above,16750,71481,ME,Ever Bounce,True,0,0,0.0,0.0,0.0,,Ever Bounced,False,0.75,High
PR00719987,90.0,3  Above,125400,243572,ME,Ever Bounce,True,0,0,0.0,0.0,0.0,,Ever Bounced,False,0.75,High
PR00720225,90.0,3  Above,148965,302913,ME,Ever Bounce,True,0,0,0.0,0.0,0.0,,Ever Bounced,False,0.75,High
PR00728419,90.0,3  Above,103441,323952,ME,Ever Bounce,True,0,0,0.0,0.0,0.0,,Ever Bounced,False,0.75,High
PR00736417,90.0,3  Above,157885,501248,ME,Ever Bounce,True,0,0,0.0,0.0,0.0,,Ever Bounced,False,0.75,High
PR00729102,90.0,3  Above,194898,527829,Co-Lending,Ever Bounce,True,0,0,0.0,0.0,0.0,,Ever Bounced,False,0.751,High
PR00771106,90.0,3  Above,406846,1168462,Co-Lending,Ever Bounce,True,0,0,0.0,0.0,0.0,,Ever Bounced,False,0.759,High
PR00771116,90.0,3  Above,240218,677113,Co-Lending,Ever Bounce,True,0,0,0.0,0.0,0.0,,Ever Bounced,False,0.753,High
PR01320955,90.0,3  Above,147620,229135,ME,Ever Bounce,True,0,0,0.0,0.0,0.0,,Ever Bounced,False,0.75,High
PR00730888,90.0,3  Above,830920,1417486,Co-Lending,Ever Bounce,True,0,0,0.0,0.0,0.0,,Ever Bounced,False,0.766,High
PR00734649,90.0,3  Above,303800,519792,Co-Lending,Ever Bounce,True,0,0,0.0,0.0,0.0,,Ever Bounced,False,0.756,High
PR00734597,90.0,3  Above,80570,970257,Co-Lending,Ever Bounce,True,0,0,0.0,0.0,0.0,,Ever Bounced,False,0.75,High
PR00745150,90.0,3  Above,59260,716058,Co-Lending,Ever Bounce,True,0,0,0.0,0.0,0.0,,Ever Bounced,False,0.75,High
PR00735066,90.0,3  Above,148752,1818513,ME,Ever Bounce,True,0,0,0.0,0.0,0.0,,Ever Bounced,False,0.75,High
PR00986089,90.0,3  Above,8352,98123,ME,Ever Bounce,True,0,0,0.0,0.0,0.0,,Ever Bounced,False,0.75,High
PR00735945,90.0,3  Above,103395,1308845,ME,Ever Bounce,True,0,0,0.0,0.0,0.0,,Ever Bounced,False,0.75,High
PR00744701,75.0,3,29284,518946,ME,Ever Bounce,True,0,0,0.0,0.0,0.0,,Ever Bounced,False,0.706,High
PR00736851,90.0,3  Above,111133,259293,ME,Ever Bounce,True,0,0,0.0,0.0,0.0,,Ever Bounced,False,0.75,High
PR00737181,90.0,3  Above,183764,1758330,ME,Ever Bounce,True,0,0,0.0,0.0,0.0,,Ever Bounced,False,0.75,High
PR00746927,90.0,3  Above,79793,770485,ME,Ever Bounce,True,0,0,0.0,0.0,0.0,,Ever Bounced,False,0.75,High
PR00737514,90.0,3  Above,119172,255392,ME,Ever Bounce,True,0,0,0.0,0.0,0.0,,Ever Bounced,False,0.75,High
PR00743677,90.0,3  Above,27792,273803,SBL,Ever Bounce,True,0,0,0.0,0.0,0.0,,Ever Bounced,False,0.75,High
PR00924647,90.0,3  Above,9438,32365,ME,Ever Bounce,True,0,0,0.0,0.0,0.0,,Ever Bounced,False,0.75,High
PR00878071,90.0,3  Above,117954,447464,ME,Ever Bounce,True,0,0,0.0,0.0,0.0,,Ever Bounced,False,0.75,High
PR00745251,90.0,3  Above,57547,119446,ME,Ever Bounce,True,0,0,0.0,0.0,0.0,,Ever Bounced,False,0.75,High
PR00823448,90.0,3  Above,39781,124343,ME,Ever Bounce,True,0,0,0.0,0.0,0.0,,Ever Bounced,False,0.75,High
PR00745311,90.0,3  Above,95774,197873,SBL,Ever Bounce,True,0,0,0.0,0.0,0.0,,Ever Bounced,False,0.75,High
PR00745624,90.0,3  Above,288015,931039,ME,Ever Bounce,True,0,0,0.0,0.0,0.0,,Ever Bounced,False,0.755,High
PR00756592,90.0,3  Above,151263,490776,ME,Ever Bounce,True,0,0,0.0,0.0,0.0,,Ever Bounced,False,0.75,High
PR00745877,90.0,3  Above,55535,566552,ME,Ever Bounce,True,0,0,0.0,0.0,0.0,,Ever Bounced,False,0.75,High
PR00984742,90.0,3  Above,4180,38927,ME,Ever Bounce,True,0,0,0.0,0.0,0.0,,Ever Bounced,False,0.75,High
PR00746385,90.0,3  Above,79115,205630,SBL,Ever Bounce,False,1,0,0.0,1.0,15823.0,2026-09-16 12:12:38,Ever Bounced,False,0.75,High
PR00848513,90.0,3  Above,43020,467830,ME,Ever Bounce,True,0,0,0.0,0.0,0.0,,Ever Bounced,False,0.75,High
PR00757586,90.0,3  Above,273637,413646,SBL,Ever Bounce,True,0,0,0.0,0.0,0.0,,Ever Bounced,False,0.755,High
PR00758130,90.0,3  Above,204386,609742,SBL,Ever Bounce,True,0,0,0.0,0.0,0.0,,Ever Bounced,False,0.751,High
PR00758527,90.0,3  Above,111864,859795,Co-Lending,Ever Bounce,True,0,0,0.0,0.0,0.0,,Ever Bounced,False,0.75,High
PR00812487,90.0,3  Above,141488,1053482,Co-Lending,Ever Bounce,True,0,0,0.0,0.0,0.0,,Ever Bounced,False,0.75,High
PR00761367,90.0,3  Above,88737,345586,ME,Ever Bounce,True,0,0,0.0,0.0,0.0,,Ever Bounced,False,0.75,High
PR00813097,90.0,3  Above,216360,852004,ME,Ever Bounce,True,0,0,0.0,0.0,0.0,,Ever Bounced,False,0.752,High
PR00814410,90.0,3  Above,139040,605679,SBL,Ever Bounce,True,0,0,0.0,0.0,0.0,,Ever Bounced,False,0.75,High
PR00815838,90.0,3  Above,200270,363263,ME,Ever Bounce,True,0,0,0.0,0.0,0.0,,Ever Bounced,False,0.751,High
PR00816004,90.0,3  Above,196632,490831,ME,Ever Bounce,True,0,0,0.0,0.0,0.0,,Ever Bounced,False,0.751,High
PR00816609,90.0,3  Above,744840,856744,SBL,Ever Bounce,True,0,0,0.0,0.0,0.0,,Ever Bounced,False,0.765,High
PR00826634,90.0,3  Above,326976,556695,SBL,Ever Bounce,True,0,0,0.0,0.0,0.0,,Ever Bounced,False,0.756,High
PR00827072,90.0,3  Above,121184,599980,ME,Ever Bounce,True,0,0,0.0,0.0,0.0,,Ever Bounced,False,0.75,High
PR00960415,90.0,3  Above,114058,566595,ME,Ever Bounce,True,0,0,0.0,0.0,0.0,,Ever Bounced,False,0.75,High
PR01747315,90.0,3  Above,40866,115990,ME,Ever Bounce,True,0,0,0.0,0.0,0.0,,Ever Bounced,False,0.75,High
PR01228735,90.0,3  Above,373450,2821796,Co-Lending,Ever Bounce,True,0,0,0.0,0.0,0.0,,Ever Bounced,False,0.758,High
PR00827622,90.0,3  Above,205086,421146,ME,Ever Bounce,True,0,0,0.0,0.0,0.0,,Ever Bounced,False,0.752,High
PR00827980,75.0,3,63924,1090823,ME,Ever Bounce,True,0,0,0.0,0.0,0.0,,Ever Bounced,False,0.714,High
PR00828053,90.0,3  Above,232900,589432,ME,Ever Bounce,True,0,0,0.0,0.0,0.0,,Ever Bounced,False,0.753,High
PR01409905,90.0,3  Above,580800,1730796,ME,Ever Bounce,True,0,0,0.0,0.0,0.0,,Ever Bounced,False,0.762,High
PR00837384,90.0,3  Above,100904,541021,ME,Ever Bounce,True,0,0,0.0,0.0,0.0,,Ever Bounced,False,0.75,High
PR00837957,90.0,3  Above,30990,132149,ME,Ever Bounce,True,0,0,0.0,0.0,0.0,,Ever Bounced,False,0.75,High
PR00858974,90.0,3  Above,28944,209193,SBL,Ever Bounce,True,0,0,0.0,0.0,0.0,,Ever Bounced,False,0.75,High
PR01243991,90.0,3  Above,154880,1036147,ME,Ever Bounce,True,0,0,0.0,0.0,0.0,,Ever Bounced,False,0.75,High
PR00838040,90.0,3  Above,81744,236016,SBL,Ever Bounce,True,0,0,0.0,0.0,0.0,,Ever Bounced,False,0.75,High
PR00838253,90.0,3  Above,96636,733303,ME,Ever Bounce,True,0,0,0.0,0.0,0.0,,Ever Bounced,False,0.75,High
PR00838876,90.0,3  Above,319620,1120188,ME,Ever Bounce,True,0,0,0.0,0.0,0.0,,Ever Bounced,False,0.756,High
PR01265865,90.0,3  Above,240468,822907,ME,Ever Bounce,True,0,0,0.0,0.0,0.0,,Ever Bounced,False,0.753,High
PR01628170,90.0,3  Above,195806,790599,ME,Ever Bounce,True,0,0,0.0,0.0,0.0,,Ever Bounced,False,0.751,High
PR00850010,90.0,3  Above,181948,937710,ME,Ever Bounce,True,0,0,0.0,0.0,0.0,,Ever Bounced,False,0.75,High
PR00850552,90.0,3  Above,163860,1849341,ME,Ever Bounce,True,0,0,0.0,0.0,0.0,,Ever Bounced,False,0.75,High
PR01003983,90.0,3  Above,48402,414326,ME,Ever Bounce,True,0,0,0.0,0.0,0.0,,Ever Bounced,False,0.75,High
PR00850812,90.0,3  Above,239710,1663713,ME,Ever Bounce,True,0,0,0.0,0.0,0.0,,Ever Bounced,False,0.753,High
PR00850944,90.0,3  Above,131585,581212,ME,Ever Bounce,True,0,0,0.0,0.0,0.0,,Ever Bounced,False,0.75,High
PR01240494,90.0,3  Above,12652,611338,ME,Ever Bounce,True,0,0,0.0,0.0,0.0,,Ever Bounced,False,0.75,High
PR00851180,90.0,3  Above,487113,3202381,ME,Ever Bounce,True,0,0,0.0,0.0,0.0,,Ever Bounced,False,0.76,High
PR00854947,90.0,3  Above,245900,1727364,Co-Lending,Ever Bounce,True,0,0,0.0,0.0,0.0,,Ever Bounced,False,0.753,High
PR00906856,90.0,3  Above,139956,952567,ME,Ever Bounce,True,0,0,0.0,0.0,0.0,,Ever Bounced,False,0.75,High
PR00862284,90.0,3  Above,247416,165670,ME,Ever Bounce,True,0,0,0.0,0.0,0.0,,Ever Bounced,False,0.753,High
PR00863264,90.0,3  Above,175340,419964,SBL,Ever Bounce,True,0,0,0.0,0.0,0.0,,Ever Bounced,False,0.75,High
PR00863389,90.0,3  Above,208404,594662,ME,Ever Bounce,True,0,0,0.0,0.0,0.0,,Ever Bounced,False,0.752,High
PR01297949,90.0,3  Above,118611,341069,ME,Ever Bounce,True,0,0,0.0,0.0,0.0,,Ever Bounced,False,0.75,High
PR00863471,90.0,3  Above,120612,904444,ME,Ever Bounce,True,0,0,0.0,0.0,0.0,,Ever Bounced,False,0.75,High
PR01168845,90.0,3  Above,73170,635856,ME,Ever Bounce,True,0,0,0.0,0.0,0.0,,Ever Bounced,False,0.75,High
PR00863676,90.0,3  Above,459810,877385,SBL,Ever Bounce,True,0,0,0.0,0.0,0.0,,Ever Bounced,False,0.76,High
PR00988286,90.0,3  Above,52020,66948,ECLGS,Ever Bounce,True,0,0,0.0,0.0,0.0,,Ever Bounced,False,0.75,High
PR00864039,90.0,3  Above,40195,569385,Co-Lending,Ever Bounce,True,0,0,0.0,0.0,0.0,,Ever Bounced,False,0.75,High
PR00890188,90.0,3  Above,40965,571741,Co-Lending,Ever Bounce,True,0,0,0.0,0.0,0.0,,Ever Bounced,False,0.75,High
PR00864043,90.0,3  Above,375408,691041,SBL,Ever Bounce,True,0,0,0.0,0.0,0.0,,Ever Bounced,False,0.758,High
PR00864372,45.0,2,71502,512700,ME,Ever Bounce,True,0,0,0.0,0.0,0.0,,Ever Bounced,False,0.7,High
PR00867889,90.0,3  Above,332940,137276,ME,Ever Bounce,True,0,0,0.0,0.0,0.0,,Ever Bounced,False,0.757,High
PR00876148,90.0,3  Above,64885,303595,SBL,Ever Bounce,True,0,0,0.0,0.0,0.0,,Ever Bounced,False,0.75,High
PR00876544,90.0,3  Above,145560,770113,ME,Ever Bounce,True,0,0,0.0,0.0,0.0,,Ever Bounced,False,0.75,High
PR01097389,90.0,3  Above,116160,338268,ME,Ever Bounce,True,0,0,0.0,0.0,0.0,,Ever Bounced,False,0.75,High
PR00876803,90.0,3  Above,304707,1644399,ME,Ever Bounce,True,0,0,0.0,0.0,0.0,,Ever Bounced,False,0.756,High
PR00888387,90.0,3  Above,185250,1003001,ME,Ever Bounce,True,0,0,0.0,0.0,0.0,,Ever Bounced,False,0.75,High
PR01156643,90.0,3  Above,581648,2680425,Co-Lending,Ever Bounce,True,0,0,0.0,0.0,0.0,,Ever Bounced,False,0.762,High
PR00884152,90.0,3  Above,162465,323699,SBL,Ever Bounce,True,0,0,0.0,0.0,0.0,,Ever Bounced,False,0.75,High
PR01169686,90.0,3  Above,85545,173158,ME,Ever Bounce,True,0,0,0.0,0.0,0.0,,Ever Bounced,False,0.75,High
PR00885102,90.0,3  Above,102180,277067,ME,Ever Bounce,True,0,0,0.0,0.0,0.0,,Ever Bounced,False,0.75,High
PR00886143,90.0,3  Above,143228,1403519,ME,Ever Bounce,True,0,0,0.0,0.0,0.0,,Ever Bounced,False,0.75,High
PR00886692,90.0,3  Above,138721,345029,ME,Ever Bounce,True,0,0,0.0,0.0,0.0,,Ever Bounced,False,0.75,High
PR00886799,90.0,3  Above,273637,606264,ME,Ever Bounce,True,0,0,0.0,0.0,0.0,,Ever Bounced,False,0.755,High
PR00886822,90.0,3  Above,202072,655419,SBL,Ever Bounce,True,0,0,0.0,0.0,0.0,,Ever Bounced,False,0.751,High
PR01189327,90.0,3  Above,33760,291013,ME,Ever Bounce,True,0,0,0.0,0.0,0.0,,Ever Bounced,False,0.75,High
PR00886835,90.0,3  Above,635008,1813297,Co-Lending,Ever Bounce,True,0,0,0.0,0.0,0.0,,Ever Bounced,False,0.763,High
PR00886845,75.0,3,95336,565165,ME,Ever Bounce,True,0,0,0.0,0.0,0.0,,Ever Bounced,False,0.719,High
PR00908397,90.0,3  Above,148291,675472,ME,Ever Bounce,True,0,0,0.0,0.0,0.0,,Ever Bounced,False,0.75,High
PR00936238,90.0,3  Above,202917,933944,ME,Ever Bounce,True,0,0,0.0,0.0,0.0,,Ever Bounced,False,0.751,High
PR00887673,90.0,3  Above,143050,387928,SBL,Ever Bounce,True,0,0,0.0,0.0,0.0,,Ever Bounced,False,0.75,High
PR01335403,90.0,3  Above,104280,674879,ME,Ever Bounce,True,0,0,0.0,0.0,0.0,,Ever Bounced,False,0.75,High
PR00887894,90.0,3  Above,216390,997468,ME,Ever Bounce,True,0,0,0.0,0.0,0.0,,Ever Bounced,False,0.752,High
PR00887922,90.0,3  Above,280400,322657,SBL,Ever Bounce,True,0,0,0.0,0.0,0.0,,Ever Bounced,False,0.755,High
PR00888018,90.0,3  Above,409344,1589905,ME,Ever Bounce,True,0,0,0.0,0.0,0.0,,Ever Bounced,False,0.759,High
PR00888077,90.0,3  Above,213080,1494302,ME,Ever Bounce,True,0,0,0.0,0.0,0.0,,Ever Bounced,False,0.752,High
PR00908284,90.0,3  Above,125136,498494,SBL,Ever Bounce,True,0,0,0.0,0.0,0.0,,Ever Bounced,False,0.75,High
PR00910072,90.0,3  Above,174911,483512,ME,Ever Bounce,True,0,0,0.0,0.0,0.0,,Ever Bounced,False,0.75,High
PR01206296,90.0,3  Above,95821,462150,ME,Ever Bounce,True,0,0,0.0,0.0,0.0,,Ever Bounced,False,0.75,High
PR01398812,90.0,3  Above,47564,65395,ME,Ever Bounce,True,0,0,0.0,0.0,0.0,,Ever Bounced,False,0.75,High
PR00888526,90.0,3  Above,137739,514491,ME,Ever Bounce,True,0,0,0.0,0.0,0.0,,Ever Bounced,False,0.75,High
PR00888579,90.0,3  Above,117579,831250,ME,Ever Bounce,True,0,0,0.0,0.0,0.0,,Ever Bounced,False,0.75,High
PR00905480,90.0,3  Above,314910,1434754,ME,Ever Bounce,True,0,0,0.0,0.0,0.0,,Ever Bounced,False,0.756,High
PR00905724,75.0,3,65396,419530,SBL,Ever Bounce,True,0,0,0.0,0.0,0.0,,Ever Bounced,False,0.715,High
PR00906837,90.0,3  Above,221078,352307,SBL,Ever Bounce,True,0,0,0.0,0.0,0.0,,Ever Bounced,False,0.752,High
PR00922294,90.0,3  Above,91034,142592,ME,Ever Bounce,True,0,0,0.0,0.0,0.0,,Ever Bounced,False,0.75,High
PR00907010,90.0,3  Above,241440,1227904,ME,Ever Bounce,True,0,0,0.0,0.0,0.0,,Ever Bounced,False,0.753,High
PR00908684,90.0,3  Above,204360,594437,SBL,Ever Bounce,True,0,0,0.0,0.0,0.0,,Ever Bounced,False,0.751,High
PR00909015,90.0,3  Above,168480,319166,SBL,Ever Bounce,True,0,0,0.0,0.0,0.0,,Ever Bounced,False,0.75,High
PR00911074,90.0,3  Above,258206,617932,SBL,Ever Bounce,True,0,0,0.0,0.0,0.0,,Ever Bounced,False,0.754,High
PR01479822,90.0,3  Above,216228,949636,ME,Ever Bounce,True,0,0,0.0,0.0,0.0,,Ever Bounced,False,0.752,High
PR00911384,90.0,3  Above,107055,111223,Micro Loan,Ever Bounce,True,0,0,0.0,0.0,0.0,,Ever Bounced,False,0.75,High
PR00911772,90.0,3  Above,291109,1527944,ME,Ever Bounce,True,0,0,0.0,0.0,0.0,,Ever Bounced,False,0.755,High
PR00949976,90.0,3  Above,53526,610768,ME,Ever Bounce,True,0,0,0.0,0.0,0.0,,Ever Bounced,False,0.75,High
PR00912112,90.0,3  Above,110349,349984,SBL,Ever Bounce,True,0,0,0.0,0.0,0.0,,Ever Bounced,False,0.75,High
PR01093332,90.0,3  Above,139740,940768,ME,Ever Bounce,True,0,0,0.0,0.0,0.0,,Ever Bounced,False,0.75,High
PR01109724,0.0,0,7763,402861,ME,Ever Bounce,True,0,0,0.0,0.0,0.0,,Ever Bounced,False,0.7,High
PR00912181,90.0,3  Above,82860,87277,Micro Loan,Ever Bounce,True,0,0,0.0,0.0,0.0,,Ever Bounced,False,0.75,High
PR00912571,90.0,3  Above,125671,123948,Micro Loan,Ever Bounce,True,0,0,0.0,0.0,0.0,,Ever Bounced,False,0.75,High
PR01057139,90.0,3  Above,5303,64584,Micro Loan,Ever Bounce,True,0,0,0.0,0.0,0.0,,Ever Bounced,False,0.75,High
PR00912691,90.0,3  Above,41430,53117,Micro Loan,Ever Bounce,True,0,0,0.0,0.0,0.0,,Ever Bounced,False,0.75,High
PR00912712,90.0,3  Above,167952,1426387,ME,Ever Bounce,True,0,0,0.0,0.0,0.0,,Ever Bounced,False,0.75,High
PR00913033,90.0,3  Above,91912,102722,Micro Loan,Ever Bounce,True,0,0,0.0,0.0,0.0,,Ever Bounced,False,0.75,High
PR00917487,90.0,3  Above,58002,74716,Micro Loan,Ever Bounce,True,0,0,0.0,0.0,0.0,,Ever Bounced,False,0.75,High
PR00919059,90.0,3  Above,147136,526815,SBL,Ever Bounce,True,0,0,0.0,0.0,0.0,,Ever Bounced,False,0.75,High
PR00920452,90.0,3  Above,146958,1429618,ME,Ever Bounce,True,0,0,0.0,0.0,0.0,,Ever Bounced,False,0.75,High
PR01093329,90.0,3  Above,300168,1064146,Co-Lending,Ever Bounce,True,0,0,0.0,0.0,0.0,,Ever Bounced,False,0.755,High
PR00920949,90.0,3  Above,78936,96717,Micro Loan,Ever Bounce,True,0,0,0.0,0.0,0.0,,Ever Bounced,False,0.75,High
PR01094357,90.0,3  Above,43450,424073,SBL,Ever Bounce,True,0,0,0.0,0.0,0.0,,Ever Bounced,False,0.75,High
PR01174182,75.0,3,119444,2139486,Co-Lending,Ever Bounce,True,0,0,0.0,0.0,0.0,,Ever Bounced,False,0.721,High
PR01539897,75.0,3,58012,1034855,Co-Lending,Ever Bounce,True,0,0,0.0,0.0,0.0,,Ever Bounced,False,0.713,High
PR00922363,90.0,3  Above,106337,117479,Micro Loan,Ever Bounce,True,0,0,0.0,0.0,0.0,,Ever Bounced,False,0.75,High
PR01208066,90.0,3  Above,117234,1227263,Co-Lending,Ever Bounce,True,0,0,0.0,0.0,0.0,,Ever Bounced,False,0.75,High
PR00922774,90.0,3  Above,145200,362564,Micro Loan,Ever Bounce,True,0,0,0.0,0.0,0.0,,Ever Bounced,False,0.75,High
PR00922797,90.0,3  Above,272922,1436583,ME,Ever Bounce,True,0,0,0.0,0.0,0.0,,Ever Bounced,False,0.754,High
PR01226136,90.0,3  Above,85405,1237800,Co-Lending,Ever Bounce,True,0,0,0.0,0.0,0.0,,Ever Bounced,False,0.75,High
PR01226142,90.0,3  Above,69590,1008566,Co-Lending,Ever Bounce,True,0,0,0.0,0.0,0.0,,Ever Bounced,False,0.75,High
PR00923318,90.0,3  Above,67656,82935,Micro Loan,Ever Bounce,True,0,0,0.0,0.0,0.0,,Ever Bounced,False,0.75,High
PR00923360,90.0,3  Above,110352,506224,SBL,Ever Bounce,True,0,0,0.0,0.0,0.0,,Ever Bounced,False,0.75,High
PR00923368,90.0,3  Above,128744,516609,SBL,Ever Bounce,True,0,0,0.0,0.0,0.0,,Ever Bounced,False,0.75,High
PR00923446,90.0,3  Above,222264,1970025,ME,Ever Bounce,True,0,0,0.0,0.0,0.0,,Ever Bounced,False,0.752,High
PR01127543,90.0,3  Above,105624,907007,ME,Ever Bounce,True,0,0,0.0,0.0,0.0,,Ever Bounced,False,0.75,High
PR01127030,90.0,3  Above,274560,2473214,Co-Lending,Ever Bounce,True,0,0,0.0,0.0,0.0,,Ever Bounced,False,0.755,High
PR00923883,90.0,3  Above,71071,269352,Micro Loan,Ever Bounce,True,0,0,0.0,0.0,0.0,,Ever Bounced,False,0.75,High
PR01020825,90.0,3  Above,361504,1412866,SBL,Ever Bounce,True,0,0,0.0,0.0,0.0,,Ever Bounced,False,0.757,High
PR00924096,90.0,3  Above,196188,503218,SBL,Ever Bounce,True,0,0,0.0,0.0,0.0,,Ever Bounced,False,0.751,High
PR01077942,90.0,3  Above,147138,828031,ME,Ever Bounce,True,0,0,0.0,0.0,0.0,,Ever Bounced,False,0.75,High
PR00924374,90.0,3  Above,113877,546617,ME,Ever Bounce,True,0,0,0.0,0.0,0.0,,Ever Bounced,False,0.75,High
PR00936969,90.0,3  Above,99054,480728,ME,Ever Bounce,True,0,0,0.0,0.0,0.0,,Ever Bounced,False,0.75,High
PR01172252,90.0,3  Above,76707,364827,ME,Ever Bounce,True,0,0,0.0,0.0,0.0,,Ever Bounced,False,0.75,High
PR00924509,90.0,3  Above,172452,880863,ME,Ever Bounce,True,0,0,0.0,0.0,0.0,,Ever Bounced,False,0.75,High
PR00936047,90.0,3  Above,186823,888507,ME,Ever Bounce,True,0,0,0.0,0.0,0.0,,Ever Bounced,False,0.751,High
PR01895306,90.0,3  Above,171252,900000,ME,Ever Bounce,True,0,0,0.0,0.0,0.0,,Ever Bounced,False,0.75,High
PR00924513,90.0,3  Above,150102,1137681,ME,Ever Bounce,True,0,0,0.0,0.0,0.0,,Ever Bounced,False,0.75,High
PR00937022,90.0,3  Above,76626,582537,ME,Ever Bounce,True,0,0,0.0,0.0,0.0,,Ever Bounced,False,0.75,High
PR00932913,90.0,3  Above,600000,1083646,Co-Lending,Ever Bounce,True,0,0,0.0,0.0,0.0,,Ever Bounced,False,0.763,High
PR00957727,90.0,3  Above,346360,628319,Co-Lending,Ever Bounce,True,0,0,0.0,0.0,0.0,,Ever Bounced,False,0.757,High
PR00933746,90.0,3  Above,218582,528734,SBL,Ever Bounce,True,0,0,0.0,0.0,0.0,,Ever Bounced,False,0.752,High
PR01127374,90.0,3  Above,83424,355823,ME,Ever Bounce,True,0,0,0.0,0.0,0.0,,Ever Bounced,False,0.75,High
PR00933783,90.0,3  Above,110100,313296,Micro Loan,Ever Bounce,True,0,0,0.0,0.0,0.0,,Ever Bounced,False,0.75,High
PR00948276,90.0,3  Above,132640,2356747,ME,Ever Bounce,True,0,0,0.0,0.0,0.0,,Ever Bounced,False,0.75,High
PR00934688,90.0,3  Above,87003,123143,Micro Loan,Ever Bounce,True,0,0,0.0,0.0,0.0,,Ever Bounced,False,0.75,High
PR01107473,90.0,3  Above,42288,119431,Micro Loan,Ever Bounce,True,0,0,0.0,0.0,0.0,,Ever Bounced,False,0.75,High
PR00934808,90.0,3  Above,134512,486486,SBL,Ever Bounce,True,0,0,0.0,0.0,0.0,,Ever Bounced,False,0.75,High
PR00934849,90.0,3  Above,131184,452013,Micro Loan,Ever Bounce,True,0,0,0.0,0.0,0.0,,Ever Bounced,False,0.75,High
PR00934951,90.0,3  Above,379678,944708,ME,Ever Bounce,True,0,0,0.0,0.0,0.0,,Ever Bounced,False,0.758,High
PR00935065,75.0,3,71648,1268728,ME,Ever Bounce,True,0,0,0.0,0.0,0.0,,Ever Bounced,False,0.716,High
PR00935352,90.0,3  Above,112448,387391,Micro Loan,Ever Bounce,True,0,0,0.0,0.0,0.0,,Ever Bounced,False,0.75,High
PR00935387,90.0,3  Above,125136,743512,SBL,Ever Bounce,True,0,0,0.0,0.0,0.0,,Ever Bounced,False,0.75,High
PR01209015,75.0,3,95336,830668,Co-Lending,Ever Bounce,True,0,0,0.0,0.0,0.0,,Ever Bounced,False,0.719,High
PR01299655,90.0,3  Above,125952,782819,ME,Ever Bounce,True,0,0,0.0,0.0,0.0,,Ever Bounced,False,0.75,High
PR00936036,90.0,3  Above,77304,235455,Micro Loan,Ever Bounce,True,0,0,0.0,0.0,0.0,,Ever Bounced,False,0.75,High
PR01207183,90.0,3  Above,506096,2383530,Co-Lending,Ever Bounce,True,0,0,0.0,0.0,0.0,,Ever Bounced,False,0.761,High
PR00936303,90.0,3  Above,387309,964193,ME,Ever Bounce,True,0,0,0.0,0.0,0.0,,Ever Bounced,False,0.758,High
PR01276668,90.0,3  Above,231075,491693,ME,Ever Bounce,True,0,0,0.0,0.0,0.0,,Ever Bounced,False,0.753,High
PR01127239,90.0,3  Above,105726,1318777,Co-Lending,Ever Bounce,True,0,0,0.0,0.0,0.0,,Ever Bounced,False,0.75,High
PR00936775,90.0,3  Above,67669,95788,Micro Loan,Ever Bounce,True,0,0,0.0,0.0,0.0,,Ever Bounced,False,0.75,High
PR00936974,90.0,3  Above,265668,223879,SBL,Ever Bounce,True,0,0,0.0,0.0,0.0,,Ever Bounced,False,0.754,High
PR00944270,90.0,3  Above,116154,1299942,ME,Ever Bounce,True,0,0,0.0,0.0,0.0,,Ever Bounced,False,0.75,High
PR00947057,90.0,3  Above,58632,408821,SBL,Ever Bounce,True,0,0,0.0,0.0,0.0,,Ever Bounced,False,0.75,High
PR00947089,90.0,3  Above,327184,1302937,ME,Ever Bounce,True,0,0,0.0,0.0,0.0,,Ever Bounced,False,0.756,High
PR01172302,90.0,3  Above,235081,1206465,Co-Lending,Ever Bounce,True,0,0,0.0,0.0,0.0,,Ever Bounced,False,0.753,High
PR00947687,90.0,3  Above,30750,313311,ME,Ever Bounce,True,0,0,0.0,0.0,0.0,,Ever Bounced,False,0.75,High
PR00958254,90.0,3  Above,61536,732766,ME,Ever Bounce,True,0,0,0.0,0.0,0.0,,Ever Bounced,False,0.75,High
PR00947702,90.0,3  Above,0,176908,Micro Loan,Ever Bounce,True,0,0,0.0,0.0,0.0,,Ever Bounced,False,0.75,High
PR00947737,90.0,3  Above,127660,370059,Micro Loan,Ever Bounce,True,0,0,0.0,0.0,0.0,,Ever Bounced,False,0.75,High
PR00947788,90.0,3  Above,365850,1242442,ME,Ever Bounce,True,0,0,0.0,0.0,0.0,,Ever Bounced,False,0.758,High
PR00948229,75.0,3,66436,441078,Micro Loan,Ever Bounce,True,0,0,0.0,0.0,0.0,,Ever Bounced,False,0.715,High
PR00948402,90.0,3  Above,206882,802560,SBL,Ever Bounce,True,0,0,0.0,0.0,0.0,,Ever Bounced,False,0.752,High
PR00948412,90.0,3  Above,147141,497956,SBL,Ever Bounce,True,0,0,0.0,0.0,0.0,,Ever Bounced,False,0.75,High
PR01369564,90.0,3  Above,310530,1803191,Co-Lending,Ever Bounce,True,0,0,0.0,0.0,0.0,,Ever Bounced,False,0.756,High
PR00948534,90.0,3  Above,163490,506455,SBL,Ever Bounce,True,0,0,0.0,0.0,0.0,,Ever Bounced,False,0.75,High
PR00948860,90.0,3  Above,102190,585075,SBL,Ever Bounce,False,1,0,0.0,1.0,20000.0,2026-09-07 09:51:39,Ever Bounced,False,0.75,High
PR00949423,90.0,3  Above,143195,191096,ME,Ever Bounce,True,0,0,0.0,0.0,0.0,,Ever Bounced,False,0.75,High
PR00949453,90.0,3  Above,69520,655341,SBL,Ever Bounce,True,0,0,0.0,0.0,0.0,,Ever Bounced,False,0.75,High
PR00949482,90.0,3  Above,264803,722227,SBL,Ever Bounce,True,0,0,0.0,0.0,0.0,,Ever Bounced,False,0.754,High
PR01126776,90.0,3  Above,125442,377155,ME,Ever Bounce,True,0,0,0.0,0.0,0.0,,Ever Bounced,False,0.75,High
PR00949493,90.0,3  Above,129870,628822,SBL,Ever Bounce,True,0,0,0.0,0.0,0.0,,Ever Bounced,False,0.75,High
PR00952196,90.0,3  Above,141760,1193542,Co-Lending,Ever Bounce,True,0,0,0.0,0.0,0.0,,Ever Bounced,False,0.75,High
PR01699930,90.0,3  Above,46386,384692,ME,Ever Bounce,True,0,0,0.0,0.0,0.0,,Ever Bounced,False,0.75,High
PR01719753,90.0,3  Above,34788,289495,ME,Ever Bounce,True,0,0,0.0,0.0,0.0,,Ever Bounced,False,0.75,High
PR00959483,90.0,3  Above,199251,506950,SBL,Ever Bounce,True,0,0,0.0,0.0,0.0,,Ever Bounced,False,0.751,High
PR00959949,90.0,3  Above,76563,111796,Micro Loan,Ever Bounce,True,0,0,0.0,0.0,0.0,,Ever Bounced,False,0.75,High
PR01353629,75.0,3,75916,1397184,Co-Lending,Ever Bounce,True,0,0,0.0,0.0,0.0,,Ever Bounced,False,0.716,High
PR01007689,90.0,3  Above,495954,1950151,Co-Lending,Ever Bounce,True,0,0,0.0,0.0,0.0,,Ever Bounced,False,0.761,High
PR00960059,90.0,3  Above,36640,204928,Micro Loan,Ever Bounce,True,0,0,0.0,0.0,0.0,,Ever Bounced,False,0.75,High
PR00960146,90.0,3  Above,183920,581072,SBL,Ever Bounce,True,0,0,0.0,0.0,0.0,,Ever Bounced,False,0.75,High
PR00960331,90.0,3  Above,85500,1018158,ME,Ever Bounce,True,0,0,0.0,0.0,0.0,,Ever Bounced,False,0.75,High
PR00960755,90.0,3  Above,156420,843734,SBL,Ever Bounce,True,0,0,0.0,0.0,0.0,,Ever Bounced,False,0.75,High
PR00960771,90.0,3  Above,59940,45190,SBL,Ever Bounce,True,0,0,0.0,0.0,0.0,,Ever Bounced,False,0.75,High
PR00961372,75.0,3,105279,1352971,SBL,Ever Bounce,True,0,0,0.0,0.0,0.0,,Ever Bounced,False,0.72,High
PR00961393,90.0,3  Above,86490,672938,ME,Ever Bounce,True,0,0,0.0,0.0,0.0,,Ever Bounced,False,0.75,High
PR01243268,90.0,3  Above,173130,1223929,Co-Lending,Ever Bounce,True,0,0,0.0,0.0,0.0,,Ever Bounced,False,0.75,High
PR00961473,90.0,3  Above,539352,1453319,ME,Ever Bounce,True,0,0,0.0,0.0,0.0,,Ever Bounced,False,0.762,High
PR00961655,90.0,3  Above,93162,797649,ME,Ever Bounce,True,0,0,0.0,0.0,0.0,,Ever Bounced,False,0.75,High
PR00971257,90.0,3  Above,124579,399553,SBL,Ever Bounce,True,0,0,0.0,0.0,0.0,,Ever Bounced,False,0.75,High
PR01727086,90.0,3  Above,111870,1370409,ME,Ever Bounce,True,0,0,0.0,0.0,0.0,,Ever Bounced,False,0.75,High
PR01042558,90.0,3  Above,183924,542435,SBL,Ever Bounce,True,0,0,0.0,0.0,0.0,,Ever Bounced,False,0.75,High
PR00973590,90.0,3  Above,128748,646816,SBL,Ever Bounce,True,0,0,0.0,0.0,0.0,,Ever Bounced,False,0.75,High
PR00974191,90.0,3  Above,176568,488123,SBL,Ever Bounce,True,0,0,0.0,0.0,0.0,,Ever Bounced,False,0.75,High
PR01455691,90.0,3  Above,226989,1042608,ME,Ever Bounce,True,0,0,0.0,0.0,0.0,,Ever Bounced,False,0.753,High
PR00974689,75.0,3,73568,534721,SBL,Ever Bounce,True,0,0,0.0,0.0,0.0,,Ever Bounced,False,0.716,High
PR00975323,90.0,3  Above,214578,523051,SBL,Ever Bounce,True,0,0,0.0,0.0,0.0,,Ever Bounced,False,0.752,High
PR00975352,90.0,3  Above,229416,1030086,SBL,Ever Bounce,True,0,0,0.0,0.0,0.0,,Ever Bounced,False,0.753,High
PR00975490,75.0,3,51536,353651,Micro Loan,Ever Bounce,True,0,0,0.0,0.0,0.0,,Ever Bounced,False,0.712,High
PR00975541,90.0,3  Above,95991,697651,SBL,Ever Bounce,True,0,0,0.0,0.0,0.0,,Ever Bounced,False,0.75,High
PR01739549,90.0,3  Above,144186,1036999,SBL,Ever Bounce,True,0,0,0.0,0.0,0.0,,Ever Bounced,False,0.75,High
PR00975632,90.0,3  Above,279253,1070804,ME,Ever Bounce,True,0,0,0.0,0.0,0.0,,Ever Bounced,False,0.755,High
PR01155498,90.0,3  Above,187395,728114,ME,Ever Bounce,True,0,0,0.0,0.0,0.0,,Ever Bounced,False,0.751,High
PR00975719,90.0,3  Above,194140,625083,SBL,Ever Bounce,True,0,0,0.0,0.0,0.0,,Ever Bounced,False,0.751,High
PR00975778,90.0,3  Above,465937,892034,SBL,Ever Bounce,True,0,0,0.0,0.0,0.0,,Ever Bounced,False,0.76,High
PR01223813,90.0,3  Above,279558,638019,ME,Ever Bounce,True,0,0,0.0,0.0,0.0,,Ever Bounced,False,0.755,High
PR00975828,90.0,3  Above,110352,554484,SBL,Ever Bounce,True,0,0,0.0,0.0,0.0,,Ever Bounced,False,0.75,High
PR00975933,90.0,3  Above,307125,1704244,SBL,Ever Bounce,True,0,0,0.0,0.0,0.0,,Ever Bounced,False,0.756,High
PR00990368,90.0,3  Above,47788,265890,ME,Ever Bounce,True,0,0,0.0,0.0,0.0,,Ever Bounced,False,0.75,High
PR00975957,90.0,3  Above,264873,632022,SBL,Ever Bounce,True,0,0,0.0,0.0,0.0,,Ever Bounced,False,0.754,High
PR00976022,90.0,3  Above,225940,866350,SBL,Ever Bounce,True,0,0,0.0,0.0,0.0,,Ever Bounced,False,0.753,High
PR00976093,90.0,3  Above,279912,1236347,ME,Ever Bounce,True,0,0,0.0,0.0,0.0,,Ever Bounced,False,0.755,High
PR00976127,90.0,3  Above,128745,453427,SBL,Ever Bounce,True,0,0,0.0,0.0,0.0,,Ever Bounced,False,0.75,High
PR00976130,90.0,3  Above,271128,1039624,SBL,Ever Bounce,True,0,0,0.0,0.0,0.0,,Ever Bounced,False,0.754,High
PR00976172,90.0,3  Above,229905,530150,SBL,Ever Bounce,True,0,0,0.0,0.0,0.0,,Ever Bounced,False,0.753,High
PR00986675,90.0,3  Above,140714,1005569,ME,Ever Bounce,True,0,0,0.0,0.0,0.0,,Ever Bounced,False,0.75,High
PR00990039,90.0,3  Above,134658,737352,SBL,Ever Bounce,True,0,0,0.0,0.0,0.0,,Ever Bounced,False,0.75,High
PR00990423,90.0,3  Above,74376,616831,SBL,Ever Bounce,True,0,0,0.0,0.0,0.0,,Ever Bounced,False,0.75,High
PR01018123,90.0,3  Above,36180,304520,ME,Ever Bounce,True,0,0,0.0,0.0,0.0,,Ever Bounced,False,0.75,High
PR00990442,90.0,3  Above,210298,950992,SBL,Ever Bounce,True,0,0,0.0,0.0,0.0,,Ever Bounced,False,0.752,High
PR00990456,90.0,3  Above,116896,464670,SBL,Ever Bounce,True,0,0,0.0,0.0,0.0,,Ever Bounced,False,0.75,High
PR00990488,90.0,3  Above,191180,864542,SBL,Ever Bounce,True,0,0,0.0,0.0,0.0,,Ever Bounced,False,0.751,High
PR00990536,75.0,3,85832,637841,SBL,Ever Bounce,True,0,0,0.0,0.0,0.0,,Ever Bounced,False,0.718,High
PR00990566,90.0,3  Above,83169,404484,Micro Loan,Ever Bounce,True,0,0,0.0,0.0,0.0,,Ever Bounced,False,0.75,High
PR01300672,90.0,3  Above,138900,1856039,Co-Lending,Ever Bounce,True,0,0,0.0,0.0,0.0,,Ever Bounced,False,0.75,High
PR01531800,90.0,3  Above,28552,658107,Co-Lending,Ever Bounce,True,0,0,0.0,0.0,0.0,,Ever Bounced,False,0.75,High
PR00991446,90.0,3  Above,125136,685212,SBL,Ever Bounce,True,0,0,0.0,0.0,0.0,,Ever Bounced,False,0.75,High
PR00991611,90.0,3  Above,90944,494528,Micro Loan,Ever Bounce,True,0,0,0.0,0.0,0.0,,Ever Bounced,False,0.75,High
PR00992060,90.0,3  Above,203280,772758,ME,Ever Bounce,True,0,0,0.0,0.0,0.0,,Ever Bounced,False,0.751,High
PR01023467,90.0,3  Above,67760,260971,ME,Ever Bounce,True,0,0,0.0,0.0,0.0,,Ever Bounced,False,0.75,High
PR01167288,0.0,0,4046,160611,ME,Ever Bounce,True,0,0,0.0,0.0,0.0,,Ever Bounced,False,0.7,High
PR00992144,90.0,3  Above,138654,783691,ME,Ever Bounce,True,0,0,0.0,0.0,0.0,,Ever Bounced,False,0.75,High
PR01190529,90.0,3  Above,252382,750201,ME,Ever Bounce,True,0,0,0.0,0.0,0.0,,Ever Bounced,False,0.754,High
PR01033674,15.0,1,9056,327234,ME,Ever Bounce,True,0,0,0.0,0.0,0.0,,Ever Bounced,False,0.7,High
PR00992381,90.0,3  Above,149706,508109,Micro Loan,Ever Bounce,True,0,0,0.0,0.0,0.0,,Ever Bounced,False,0.75,High
PR00992405,90.0,3  Above,170405,2448531,ME,Ever Bounce,True,0,0,0.0,0.0,0.0,,Ever Bounced,False,0.75,High
PR00992433,90.0,3  Above,111960,555844,Micro Loan,Ever Bounce,True,0,0,0.0,0.0,0.0,,Ever Bounced,False,0.75,High
PR00992713,75.0,3,43800,310340,Micro Loan,Ever Bounce,True,0,0,0.0,0.0,0.0,,Ever Bounced,False,0.711,High
PR00992853,90.0,3  Above,144360,382248,Micro Loan,Ever Bounce,True,0,0,0.0,0.0,0.0,,Ever Bounced,False,0.75,High
PR00993016,90.0,3  Above,65396,485969,SBL,Ever Bounce,True,0,0,0.0,0.0,0.0,,Ever Bounced,False,0.75,High
PR00993056,90.0,3  Above,146680,726319,SBL,Ever Bounce,True,0,0,0.0,0.0,0.0,,Ever Bounced,False,0.75,High
PR01022688,90.0,3  Above,34760,174346,ME,Ever Bounce,True,0,0,0.0,0.0,0.0,,Ever Bounced,False,0.75,High
PR01004016,90.0,3  Above,124696,389452,ME,Ever Bounce,True,0,0,0.0,0.0,0.0,,Ever Bounced,False,0.75,High
PR01152748,90.0,3  Above,54144,201684,ME,Ever Bounce,True,0,0,0.0,0.0,0.0,,Ever Bounced,False,0.75,High
PR01299581,75.0,3,58340,981235,ME,Ever Bounce,True,0,0,0.0,0.0,0.0,,Ever Bounced,False,0.714,High
PR01005317,90.0,3  Above,93704,353617,Micro Loan,Ever Bounce,True,0,0,0.0,0.0,0.0,,Ever Bounced,False,0.75,High
PR01005402,90.0,3  Above,75236,468292,Micro Loan,Ever Bounce,True,0,0,0.0,0.0,0.0,,Ever Bounced,False,0.75,High
PR01005432,90.0,3  Above,94580,575920,SBL,Ever Bounce,True,0,0,0.0,0.0,0.0,,Ever Bounced,False,0.75,High
PR01005481,90.0,3  Above,78210,430876,SBL,Ever Bounce,True,0,0,0.0,0.0,0.0,,Ever Bounced,False,0.75,High
PR01005508,90.0,3  Above,156420,861761,SBL,Ever Bounce,True,0,0,0.0,0.0,0.0,,Ever Bounced,False,0.75,High
PR01242544,45.0,2,16218,257168,ME,Ever Bounce,True,0,0,0.0,0.0,0.0,,Ever Bounced,False,0.7,High
PR01005541,90.0,3  Above,200739,913105,SBL,Ever Bounce,True,0,0,0.0,0.0,0.0,,Ever Bounced,False,0.751,High
PR01006094,75.0,3,55616,672810,SBL,Ever Bounce,True,0,0,0.0,0.0,0.0,,Ever Bounced,False,0.713,High
PR01006100,90.0,3  Above,427973,4408438,Co-Lending,Ever Bounce,True,0,0,0.0,0.0,0.0,,Ever Bounced,False,0.759,High
PR01006164,90.0,3  Above,94393,356957,ME,Ever Bounce,True,0,0,0.0,0.0,0.0,,Ever Bounced,False,0.75,High
PR01023603,90.0,3  Above,74958,285214,ME,Ever Bounce,True,0,0,0.0,0.0,0.0,,Ever Bounced,False,0.75,High
PR01006316,90.0,3  Above,155312,628221,SBL,Ever Bounce,True,0,0,0.0,0.0,0.0,,Ever Bounced,False,0.75,High
PR01006572,75.0,3,30888,220206,Micro Loan,Ever Bounce,True,0,0,0.0,0.0,0.0,,Ever Bounced,False,0.707,High
PR01006650,90.0,3  Above,142968,583307,Micro Loan,Ever Bounce,True,0,0,0.0,0.0,0.0,,Ever Bounced,False,0.75,High
PR01243754,90.0,3  Above,717816,2374388,Co-Lending,Ever Bounce,True,0,0,0.0,0.0,0.0,,Ever Bounced,False,0.764,High
PR01006843,90.0,3  Above,238975,1087029,SBL,Ever Bounce,True,0,0,0.0,0.0,0.0,,Ever Bounced,False,0.753,High
PR01006844,90.0,3  Above,78935,1092093,ME,Ever Bounce,True,0,0,0.0,0.0,0.0,,Ever Bounced,False,0.75,High
PR01038919,75.0,3,20824,362071,ME,Ever Bounce,True,0,0,0.0,0.0,0.0,,Ever Bounced,False,0.703,High
PR01227442,90.0,3  Above,27030,258694,ME,Ever Bounce,True,0,0,0.0,0.0,0.0,,Ever Bounced,False,0.75,High
PR01006883,75.0,3,49064,349747,Micro Loan,Ever Bounce,True,0,0,0.0,0.0,0.0,,Ever Bounced,False,0.712,High
PR01007383,90.0,3  Above,128986,602344,Micro Loan,Ever Bounce,True,0,0,0.0,0.0,0.0,,Ever Bounced,False,0.75,High
PR01007595,90.0,3  Above,69520,428865,Micro Loan,Ever Bounce,True,0,0,0.0,0.0,0.0,,Ever Bounced,False,0.75,High
PR01244228,90.0,3  Above,370680,1771363,ME,Ever Bounce,True,0,0,0.0,0.0,0.0,,Ever Bounced,False,0.758,High
PR01007776,90.0,3  Above,163660,553817,SBL,Ever Bounce,True,0,0,0.0,0.0,0.0,,Ever Bounced,False,0.75,High
PR01007798,90.0,3  Above,86760,706797,SBL,Ever Bounce,True,0,0,0.0,0.0,0.0,,Ever Bounced,False,0.75,High
PR01007851,90.0,3  Above,157353,716237,SBL,Ever Bounce,True,0,0,0.0,0.0,0.0,,Ever Bounced,False,0.75,High
PR01007857,90.0,3  Above,309760,1046484,SBL,Ever Bounce,True,0,0,0.0,0.0,0.0,,Ever Bounced,False,0.756,High
PR01304577,90.0,3  Above,167950,2270297,ME,Ever Bounce,True,0,0,0.0,0.0,0.0,,Ever Bounced,False,0.75,High
PR01011456,90.0,3  Above,338943,2418864,Co-Lending,Ever Bounce,True,0,0,0.0,0.0,0.0,,Ever Bounced,False,0.757,High
PR01057220,90.0,3  Above,165900,1302542,Co-Lending,Ever Bounce,True,0,0,0.0,0.0,0.0,,Ever Bounced,False,0.75,High
PR01022815,90.0,3  Above,104280,855961,SBL,Ever Bounce,True,0,0,0.0,0.0,0.0,,Ever Bounced,False,0.75,High
PR01223773,90.0,3  Above,42474,678944,SBL,Ever Bounce,True,0,0,0.0,0.0,0.0,,Ever Bounced,False,0.75,High
PR01245228,90.0,3  Above,352692,799946,ME,Ever Bounce,True,0,0,0.0,0.0,0.0,,Ever Bounced,False,0.757,High
PR01023513,90.0,3  Above,65655,948410,ME,Ever Bounce,True,0,0,0.0,0.0,0.0,,Ever Bounced,False,0.75,High
PR01023539,90.0,3  Above,97328,604789,SBL,Ever Bounce,True,0,0,0.0,0.0,0.0,,Ever Bounced,False,0.75,High
PR01023680,90.0,3  Above,119728,555335,SBL,Ever Bounce,True,0,0,0.0,0.0,0.0,,Ever Bounced,False,0.75,High
PR01023988,90.0,3  Above,271128,680504,SBL,Ever Bounce,True,0,0,0.0,0.0,0.0,,Ever Bounced,False,0.754,High
PR01024492,90.0,3  Above,124216,829299,ME,Ever Bounce,True,0,0,0.0,0.0,0.0,,Ever Bounced,False,0.75,High
PR01024642,90.0,3  Above,436515,2213268,ME,Ever Bounce,True,0,0,0.0,0.0,0.0,,Ever Bounced,False,0.759,High
PR01626273,90.0,3  Above,201645,935422,ME,Ever Bounce,True,0,0,0.0,0.0,0.0,,Ever Bounced,False,0.751,High
PR01024650,90.0,3  Above,121660,859959,SBL,Ever Bounce,True,0,0,0.0,0.0,0.0,,Ever Bounced,False,0.75,High
PR01024749,90.0,3  Above,45366,241756,ME,Ever Bounce,True,0,0,0.0,0.0,0.0,,Ever Bounced,False,0.75,High
PR01093480,90.0,3  Above,47208,226359,ME,Ever Bounce,True,0,0,0.0,0.0,0.0,,Ever Bounced,False,0.75,High
PR01024892,90.0,3  Above,161480,1084592,SBL,Ever Bounce,True,0,0,0.0,0.0,0.0,,Ever Bounced,False,0.75,High
PR01378740,90.0,3  Above,106480,550813,ME,Ever Bounce,True,0,0,0.0,0.0,0.0,,Ever Bounced,False,0.75,High
PR01025259,90.0,3  Above,80665,830959,SBL,Ever Bounce,True,0,0,0.0,0.0,0.0,,Ever Bounced,False,0.75,High
PR01226864,75.0,3,126524,2282829,Co-Lending,Ever Bounce,True,0,0,0.0,0.0,0.0,,Ever Bounced,False,0.722,High
PR01025420,90.0,3  Above,558954,1755893,ME,Ever Bounce,True,0,0,0.0,0.0,0.0,,Ever Bounced,False,0.762,High
PR01025426,90.0,3  Above,211899,500935,ME,Ever Bounce,True,0,0,0.0,0.0,0.0,,Ever Bounced,False,0.752,High
PR01025429,90.0,3  Above,393120,1432873,Co-Lending,Ever Bounce,True,0,0,0.0,0.0,0.0,,Ever Bounced,False,0.758,High
PR01076763,90.0,3  Above,170856,633314,Co-Lending,Ever Bounce,True,0,0,0.0,0.0,0.0,,Ever Bounced,False,0.75,High
PR01025434,75.0,3,72044,951475,SBL,Ever Bounce,True,0,0,0.0,0.0,0.0,,Ever Bounced,False,0.716,High
PR01371146,75.0,3,46904,619426,ME,Ever Bounce,True,0,0,0.0,0.0,0.0,,Ever Bounced,False,0.711,High
PR01726409,75.0,3,23908,113304,ME,Ever Bounce,True,0,0,0.0,0.0,0.0,,Ever Bounced,False,0.704,High
PR01025455,90.0,3  Above,559086,1418910,ME,Ever Bounce,True,0,0,0.0,0.0,0.0,,Ever Bounced,False,0.762,High
PR01025510,90.0,3  Above,156420,867876,SBL,Ever Bounce,True,0,0,0.0,0.0,0.0,,Ever Bounced,False,0.75,High
PR01025543,90.0,3  Above,260700,1307617,SBL,Ever Bounce,True,0,0,0.0,0.0,0.0,,Ever Bounced,False,0.754,High
PR01037317,90.0,3  Above,54054,178996,SBL,Ever Bounce,True,0,0,0.0,0.0,0.0,,Ever Bounced,False,0.75,High
PR01040349,75.0,3,72076,864379,SBL,Ever Bounce,True,0,0,0.0,0.0,0.0,,Ever Bounced,False,0.716,High
PR01279906,90.0,3  Above,90510,636272,ME,Ever Bounce,True,0,0,0.0,0.0,0.0,,Ever Bounced,False,0.75,High
PR01040686,90.0,3  Above,105170,428495,SBL,Ever Bounce,True,0,0,0.0,0.0,0.0,,Ever Bounced,False,0.75,High
PR01368401,90.0,3  Above,91780,419115,SBL,Ever Bounce,True,0,0,0.0,0.0,0.0,,Ever Bounced,False,0.75,High
PR01041164,90.0,3  Above,153504,580195,SBL,Ever Bounce,True,0,0,0.0,0.0,0.0,,Ever Bounced,False,0.75,High
PR01434080,90.0,3  Above,55616,368818,ME,Ever Bounce,True,0,0,0.0,0.0,0.0,,Ever Bounced,False,0.75,High
PR01041181,90.0,3  Above,506060,1853065,ME,Ever Bounce,True,0,0,0.0,0.0,0.0,,Ever Bounced,False,0.761,High
PR01041665,90.0,3  Above,104280,862276,ME,Ever Bounce,True,0,0,0.0,0.0,0.0,,Ever Bounced,False,0.75,High
PR01390309,90.0,3  Above,186872,507549,ME,Ever Bounce,True,0,0,0.0,0.0,0.0,,Ever Bounced,False,0.751,High
PR01041994,90.0,3  Above,73917,382691,Micro Loan,Ever Bounce,True,0,0,0.0,0.0,0.0,,Ever Bounced,False,0.75,High
PR01042022,90.0,3  Above,302526,778966,ME,Ever Bounce,True,0,0,0.0,0.0,0.0,,Ever Bounced,False,0.756,High
PR01042099,90.0,3  Above,115110,597041,Micro Loan,Ever Bounce,True,0,0,0.0,0.0,0.0,,Ever Bounced,False,0.75,High
PR01333169,90.0,3  Above,210155,1436706,Co-Lending,Ever Bounce,True,0,0,0.0,0.0,0.0,,Ever Bounced,False,0.752,High
PR01042200,90.0,3  Above,72545,465503,SBL,Ever Bounce,True,0,0,0.0,0.0,0.0,,Ever Bounced,False,0.75,High
PR01042268,75.0,3,52268,612126,Micro Loan,Ever Bounce,True,0,0,0.0,0.0,0.0,,Ever Bounced,False,0.712,High
PR01042484,75.0,3,60524,477787,SBL,Ever Bounce,True,0,0,0.0,0.0,0.0,,Ever Bounced,False,0.714,High
PR01043120,75.0,3,49044,387257,SBL,Ever Bounce,True,0,0,0.0,0.0,0.0,,Ever Bounced,False,0.712,High
PR01100936,45.0,2,18393,196924,SBL,Ever Bounce,True,0,0,0.0,0.0,0.0,,Ever Bounced,False,0.7,High
PR01043154,90.0,3  Above,76120,384487,SBL,Ever Bounce,True,0,0,0.0,0.0,0.0,,Ever Bounced,False,0.75,High
PR01070321,90.0,3  Above,45530,233077,SBL,Ever Bounce,True,0,0,0.0,0.0,0.0,,Ever Bounced,False,0.75,High
PR01043187,90.0,3  Above,25194,286897,Home Loan,Ever Bounce,True,0,0,0.0,0.0,0.0,,Ever Bounced,False,0.75,High
PR01170356,90.0,3  Above,37788,435000,ME,Ever Bounce,True,0,0,0.0,0.0,0.0,,Ever Bounced,False,0.75,High
PR01043233,75.0,3,47556,351964,Micro Loan,Ever Bounce,True,0,0,0.0,0.0,0.0,,Ever Bounced,False,0.711,High
PR01043234,90.0,3  Above,85826,466006,SBL,Ever Bounce,True,0,0,0.0,0.0,0.0,,Ever Bounced,False,0.75,High
PR01043238,90.0,3  Above,54315,114866,Micro Loan,Ever Bounce,True,0,0,0.0,0.0,0.0,,Ever Bounced,False,0.75,High
PR01043248,90.0,3  Above,99568,222953,Micro Loan,Ever Bounce,True,0,0,0.0,0.0,0.0,,Ever Bounced,False,0.75,High
PR01043265,75.0,3,69388,235242,Micro Loan,Ever Bounce,True,0,0,0.0,0.0,0.0,,Ever Bounced,False,0.715,High
PR01043274,90.0,3  Above,132568,271033,Micro Loan,Ever Bounce,True,0,0,0.0,0.0,0.0,,Ever Bounced,False,0.75,High
PR01043378,90.0,3  Above,93639,666680,SBL,Ever Bounce,True,0,0,0.0,0.0,0.0,,Ever Bounced,False,0.75,High
PR01043448,90.0,3  Above,23784,285282,Micro Loan,Ever Bounce,True,0,0,0.0,0.0,0.0,,Ever Bounced,False,0.75,High
PR01074958,90.0,3  Above,34596,282942,Micro Loan,Ever Bounce,True,0,0,0.0,0.0,0.0,,Ever Bounced,False,0.75,High
PR01043471,75.0,3,71904,883533,SBL,Ever Bounce,True,0,0,0.0,0.0,0.0,,Ever Bounced,False,0.716,High
PR01043477,90.0,3  Above,97965,632069,Micro Loan,Ever Bounce,True,0,0,0.0,0.0,0.0,,Ever Bounced,False,0.75,High
PR01043912,90.0,3  Above,226174,1474409,SBL,Ever Bounce,True,0,0,0.0,0.0,0.0,,Ever Bounced,False,0.753,High
PR01111202,90.0,3  Above,10654,377368,SBL,Ever Bounce,True,0,0,0.0,0.0,0.0,,Ever Bounced,False,0.75,High
PR01044099,90.0,3  Above,212537,585849,SBL,Ever Bounce,True,0,0,0.0,0.0,0.0,,Ever Bounced,False,0.752,High
PR01044292,90.0,3  Above,402040,1082940,ME,Ever Bounce,True,0,0,0.0,0.0,0.0,,Ever Bounced,False,0.758,High
PR01044457,90.0,3  Above,173896,1177393,SBL,Ever Bounce,True,0,0,0.0,0.0,0.0,,Ever Bounced,False,0.75,High
PR01260177,90.0,3  Above,251800,1159237,ME,Ever Bounce,True,0,0,0.0,0.0,0.0,,Ever Bounced,False,0.754,High
PR01044497,90.0,3  Above,145200,773533,SBL,Ever Bounce,True,0,0,0.0,0.0,0.0,,Ever Bounced,False,0.75,High
PR01044514,75.0,3,80668,1041383,SBL,Ever Bounce,False,2,0,0.0,1.0,80668.0,2026-09-07 18:30:43,Ever Bounced,False,0.702,High
PR01591170,45.0,2,24957,455935,ME,Ever Bounce,True,0,0,0.0,0.0,0.0,,Ever Bounced,False,0.7,High
PR01226286,90.0,3  Above,226143,1304768,SBL,Ever Bounce,True,0,0,0.0,0.0,0.0,,Ever Bounced,False,0.753,High
PR01047085,90.0,3  Above,51535,91820,Micro Loan,Ever Bounce,True,0,0,0.0,0.0,0.0,,Ever Bounced,False,0.75,High
PR01048544,90.0,3  Above,183060,40921,Home Loan,Ever Bounce,True,0,0,0.0,0.0,0.0,,Ever Bounced,False,0.75,High
PR01106809,90.0,3  Above,63118,394707,Home Loan,Ever Bounce,True,0,0,0.0,0.0,0.0,,Ever Bounced,False,0.75,High
PR01055931,90.0,3  Above,67004,850411,SBL,Ever Bounce,True,0,0,0.0,0.0,0.0,,Ever Bounced,False,0.75,High
PR01056964,90.0,3  Above,87432,232203,Micro Loan,Ever Bounce,True,0,0,0.0,0.0,0.0,,Ever Bounced,False,0.75,High
PR01057564,90.0,3  Above,62120,423929,SBL,Ever Bounce,True,0,0,0.0,0.0,0.0,,Ever Bounced,False,0.75,High
PR01083649,90.0,3  Above,124216,835804,SBL,Ever Bounce,True,0,0,0.0,0.0,0.0,,Ever Bounced,False,0.75,High
PR01057655,90.0,3  Above,100506,858783,SBL,Ever Bounce,True,0,0,0.0,0.0,0.0,,Ever Bounced,False,0.75,High
PR01057737,90.0,3  Above,66785,442863,SBL,Ever Bounce,True,0,0,0.0,0.0,0.0,,Ever Bounced,False,0.75,High
PR01075904,75.0,3,21944,280662,SBL,Ever Bounce,True,0,0,0.0,0.0,0.0,,Ever Bounced,False,0.703,High
PR01314222,90.0,3  Above,156800,542076,Co-Lending,Ever Bounce,True,0,0,0.0,0.0,0.0,,Ever Bounced,False,0.75,High
PR01354661,90.0,3  Above,111232,388127,Co-Lending,Ever Bounce,True,0,0,0.0,0.0,0.0,,Ever Bounced,False,0.75,High
PR01057816,90.0,3  Above,96800,1013225,SBL,Ever Bounce,True,0,0,0.0,0.0,0.0,,Ever Bounced,False,0.75,High
PR01058223,90.0,3  Above,339040,1379742,ME,Ever Bounce,True,0,0,0.0,0.0,0.0,,Ever Bounced,False,0.757,High
PR01058303,75.0,3,60504,474065,Micro Loan,Ever Bounce,True,0,0,0.0,0.0,0.0,,Ever Bounced,False,0.714,High
PR01058325,90.0,3  Above,99216,551680,Micro Loan,Ever Bounce,True,0,0,0.0,0.0,0.0,,Ever Bounced,False,0.75,High
PR01058386,90.0,3  Above,140211,809900,ME,Ever Bounce,True,0,0,0.0,0.0,0.0,,Ever Bounced,False,0.75,High
PR01058466,90.0,3  Above,140560,302607,Micro Loan,Ever Bounce,True,0,0,0.0,0.0,0.0,,Ever Bounced,False,0.75,High
PR01058547,90.0,3  Above,150760,787363,SBL,Ever Bounce,True,0,0,0.0,0.0,0.0,,Ever Bounced,False,0.75,High
PR01058565,90.0,3  Above,235965,226126,Micro Loan,Ever Bounce,True,0,0,0.0,0.0,0.0,,Ever Bounced,False,0.753,High
PR01058571,90.0,3  Above,132568,283562,Micro Loan,Ever Bounce,True,0,0,0.0,0.0,0.0,,Ever Bounced,False,0.75,High
PR01058686,90.0,3  Above,131608,829444,SBL,Ever Bounce,True,0,0,0.0,0.0,0.0,,Ever Bounced,False,0.75,High
PR01058702,90.0,3  Above,89508,494952,SBL,Ever Bounce,True,0,0,0.0,0.0,0.0,,Ever Bounced,False,0.75,High
PR01058705,90.0,3  Above,71525,467654,SBL,Ever Bounce,True,0,0,0.0,0.0,0.0,,Ever Bounced,False,0.75,High
PR01058761,90.0,3  Above,173800,883673,SBL,Ever Bounce,True,0,0,0.0,0.0,0.0,,Ever Bounced,False,0.75,High
PR01058877,90.0,3  Above,166848,333277,SBL,Ever Bounce,True,0,0,0.0,0.0,0.0,,Ever Bounced,False,0.75,High
PR01058987,90.0,3  Above,155580,450766,Micro Loan,Ever Bounce,True,0,0,0.0,0.0,0.0,,Ever Bounced,False,0.75,High
PR01245112,90.0,3  Above,191429,1567682,ME,Ever Bounce,True,0,0,0.0,0.0,0.0,,Ever Bounced,False,0.751,High
PR01059008,45.0,2,62064,1044935,ME,Ever Bounce,True,0,0,0.0,0.0,0.0,,Ever Bounced,False,0.7,High
PR01224917,75.0,3,50780,570691,ME,Ever Bounce,True,0,0,0.0,0.0,0.0,,Ever Bounced,False,0.712,High
PR01059018,90.0,3  Above,93040,1090832,ME,Ever Bounce,True,0,0,0.0,0.0,0.0,,Ever Bounced,False,0.75,High
PR01059084,90.0,3  Above,66336,566774,SBL,Ever Bounce,True,0,0,0.0,0.0,0.0,,Ever Bounced,False,0.75,High
PR01059109,90.0,3  Above,102312,507137,Micro Loan,Ever Bounce,True,0,0,0.0,0.0,0.0,,Ever Bounced,False,0.75,High
PR01552785,90.0,3  Above,58338,270934,ME,Ever Bounce,True,0,0,0.0,0.0,0.0,,Ever Bounced,False,0.75,High
PR01067113,90.0,3  Above,47485,507536,SBL,Ever Bounce,True,0,0,0.0,0.0,0.0,,Ever Bounced,False,0.75,High
PR01093525,90.0,3  Above,52236,456637,SBL,Ever Bounce,True,0,0,0.0,0.0,0.0,,Ever Bounced,False,0.75,High
PR01067748,90.0,3  Above,23256,195062,SBL,Ever Bounce,True,0,0,0.0,0.0,0.0,,Ever Bounced,False,0.75,High
PR01109753,75.0,3,27600,337265,SBL,Ever Bounce,True,0,0,0.0,0.0,0.0,,Ever Bounced,False,0.706,High
PR01071084,90.0,3  Above,183920,654779,SBL,Ever Bounce,True,0,0,0.0,0.0,0.0,,Ever Bounced,False,0.75,High
PR01684255,90.0,3  Above,110916,448370,ME,Ever Bounce,True,0,0,0.0,0.0,0.0,,Ever Bounced,False,0.75,High
PR01072367,90.0,3  Above,88272,489580,SBL,Ever Bounce,True,0,0,0.0,0.0,0.0,,Ever Bounced,False,0.75,High
PR01072617,90.0,3  Above,93704,376734,Micro Loan,Ever Bounce,True,0,0,0.0,0.0,0.0,,Ever Bounced,False,0.75,High
PR01073019,75.0,3,41340,457192,Micro Loan,Ever Bounce,True,0,0,0.0,0.0,0.0,,Ever Bounced,False,0.71,High
PR01073475,90.0,3  Above,52140,522581,ME,Ever Bounce,True,0,0,0.0,0.0,0.0,,Ever Bounced,False,0.75,High
PR01091219,90.0,3  Above,62568,511613,ME,Ever Bounce,True,0,0,0.0,0.0,0.0,,Ever Bounced,False,0.75,High
PR01373343,90.0,3  Above,80248,561240,ME,Ever Bounce,True,0,0,0.0,0.0,0.0,,Ever Bounced,False,0.75,High
PR01073480,90.0,3  Above,117257,869134,SBL,Ever Bounce,True,0,0,0.0,0.0,0.0,,Ever Bounced,False,0.75,High
PR01389491,90.0,3  Above,88122,960147,ME,Ever Bounce,True,0,0,0.0,0.0,0.0,,Ever Bounced,False,0.75,High
PR01073532,90.0,3  Above,164054,294196,Micro Loan,Ever Bounce,True,0,0,0.0,0.0,0.0,,Ever Bounced,False,0.75,High
PR01073547,90.0,3  Above,74960,301408,Micro Loan,Ever Bounce,True,0,0,0.0,0.0,0.0,,Ever Bounced,False,0.75,High
PR01073550,90.0,3  Above,139835,2064923,Co-Lending,Ever Bounce,True,0,0,0.0,0.0,0.0,,Ever Bounced,False,0.75,High
PR01073569,75.0,3,46852,359003,Micro Loan,Ever Bounce,True,0,0,0.0,0.0,0.0,,Ever Bounced,False,0.711,High
PR01244936,75.0,3,107504,1476839,Co-Lending,Ever Bounce,True,0,0,0.0,0.0,0.0,,Ever Bounced,False,0.72,High
PR01410700,75.0,3,43308,590548,Co-Lending,Ever Bounce,True,0,0,0.0,0.0,0.0,,Ever Bounced,False,0.71,High
PR01628191,75.0,3,26892,352950,Co-Lending,Ever Bounce,True,0,0,0.0,0.0,0.0,,Ever Bounced,False,0.706,High
PR01073687,90.0,3  Above,167812,881104,SBL,Ever Bounce,True,0,0,0.0,0.0,0.0,,Ever Bounced,False,0.75,High
PR01073701,75.0,3,52140,650276,SBL,Ever Bounce,True,0,0,0.0,0.0,0.0,,Ever Bounced,False,0.712,High
PR01073702,90.0,3  Above,56220,294456,Micro Loan,Ever Bounce,True,0,0,0.0,0.0,0.0,,Ever Bounced,False,0.75,High
PR01074623,90.0,3  Above,64995,651379,SBL,Ever Bounce,True,0,0,0.0,0.0,0.0,,Ever Bounced,False,0.75,High
PR01074725,90.0,3  Above,157355,515615,Micro Loan,Ever Bounce,True,0,0,0.0,0.0,0.0,,Ever Bounced,False,0.75,High
PR01074882,75.0,3,64532,846626,SBL,Ever Bounce,True,0,0,0.0,0.0,0.0,,Ever Bounced,False,0.715,High
PR01256295,45.0,2,18249,299494,SBL,Ever Bounce,True,0,0,0.0,0.0,0.0,,Ever Bounced,False,0.7,High
PR01074934,90.0,3  Above,71525,476204,SBL,Ever Bounce,True,0,0,0.0,0.0,0.0,,Ever Bounced,False,0.75,High
PR01074991,90.0,3  Above,94581,194262,Micro Loan,Ever Bounce,True,0,0,0.0,0.0,0.0,,Ever Bounced,False,0.75,High
PR01075137,90.0,3  Above,54222,454910,ME,Ever Bounce,True,0,0,0.0,0.0,0.0,,Ever Bounced,False,0.75,High
PR01301076,90.0,3  Above,187429,671089,ME,Ever Bounce,True,0,0,0.0,0.0,0.0,,Ever Bounced,False,0.751,High
PR01075512,90.0,3  Above,151220,538394,SBL,Ever Bounce,True,0,0,0.0,0.0,0.0,,Ever Bounced,False,0.75,High
PR01075571,90.0,3  Above,64085,970642,ME,Ever Bounce,True,0,0,0.0,0.0,0.0,,Ever Bounced,False,0.75,High
PR01699496,45.0,2,18906,385756,ME,Ever Bounce,True,0,0,0.0,0.0,0.0,,Ever Bounced,False,0.7,High
PR01075628,90.0,3  Above,79650,261851,Micro Loan,Ever Bounce,True,0,0,0.0,0.0,0.0,,Ever Bounced,False,0.75,High
PR01075727,90.0,3  Above,24804,274316,Micro Loan,Ever Bounce,True,0,0,0.0,0.0,0.0,,Ever Bounced,False,0.75,High
PR01075749,90.0,3  Above,106330,261353,Micro Loan,Ever Bounce,True,0,0,0.0,0.0,0.0,,Ever Bounced,False,0.75,High
PR01259894,90.0,3  Above,575679,3316835,Co-Lending,Ever Bounce,True,0,0,0.0,0.0,0.0,,Ever Bounced,False,0.762,High
PR01075772,75.0,3,44540,542007,Micro Loan,Ever Bounce,True,0,0,0.0,0.0,0.0,,Ever Bounced,False,0.711,High
PR01075780,90.0,3  Above,91362,478449,Micro Loan,Ever Bounce,True,0,0,0.0,0.0,0.0,,Ever Bounced,False,0.75,High
PR01075924,90.0,3  Above,102180,363756,SBL,Ever Bounce,True,0,0,0.0,0.0,0.0,,Ever Bounced,False,0.75,High
PR01157211,90.0,3  Above,44960,166735,SBL,Ever Bounce,True,0,0,0.0,0.0,0.0,,Ever Bounced,False,0.75,High
PR01387677,90.0,3  Above,186102,754774,ME,Ever Bounce,True,0,0,0.0,0.0,0.0,,Ever Bounced,False,0.751,High
PR01076030,90.0,3  Above,97328,702800,SBL,Ever Bounce,True,0,0,0.0,0.0,0.0,,Ever Bounced,False,0.75,High
PR01076154,90.0,3  Above,91135,414408,SBL,Ever Bounce,True,0,0,0.0,0.0,0.0,,Ever Bounced,False,0.75,High
PR01093452,90.0,3  Above,97330,474405,SBL,Ever Bounce,False,1,0,0.0,1.0,9733.0,2026-09-05 16:58:59,Ever Bounced,False,0.75,High
PR01076442,90.0,3  Above,369045,1870186,Co-Lending,Ever Bounce,True,0,0,0.0,0.0,0.0,,Ever Bounced,False,0.758,High
PR01108520,90.0,3  Above,140868,756580,Co-Lending,Ever Bounce,True,0,0,0.0,0.0,0.0,,Ever Bounced,False,0.75,High
PR01076701,75.0,3,93808,1199691,ME,Ever Bounce,True,0,0,0.0,0.0,0.0,,Ever Bounced,False,0.718,High
PR01076799,90.0,3  Above,153160,763202,ME,Ever Bounce,True,0,0,0.0,0.0,0.0,,Ever Bounced,False,0.75,High
PR01076839,75.0,3,85856,1070803,SBL,Ever Bounce,True,0,0,0.0,0.0,0.0,,Ever Bounced,False,0.718,High
PR01086845,90.0,3  Above,94696,617169,Micro Loan,Ever Bounce,True,0,0,0.0,0.0,0.0,,Ever Bounced,False,0.75,High
PR01087485,75.0,3,58848,464751,Micro Loan,Ever Bounce,True,0,0,0.0,0.0,0.0,,Ever Bounced,False,0.714,High
PR01087787,90.0,3  Above,51405,672090,ME,Ever Bounce,True,0,0,0.0,0.0,0.0,,Ever Bounced,False,0.75,High
PR01089553,90.0,3  Above,92544,565120,ME,Ever Bounce,True,0,0,0.0,0.0,0.0,,Ever Bounced,False,0.75,High
PR01089625,90.0,3  Above,208560,379540,SBL,Ever Bounce,True,0,0,0.0,0.0,0.0,,Ever Bounced,False,0.752,High
PR01089695,90.0,3  Above,129732,1033612,SBL,Ever Bounce,True,0,0,0.0,0.0,0.0,,Ever Bounced,False,0.75,High
PR01090743,90.0,3  Above,187816,255112,Micro Loan,Ever Bounce,True,0,0,0.0,0.0,0.0,,Ever Bounced,False,0.751,High
PR01091855,90.0,3  Above,79230,366138,ME,Ever Bounce,True,0,0,0.0,0.0,0.0,,Ever Bounced,False,0.75,High
PR01124344,90.0,3  Above,30920,283109,ME,Ever Bounce,True,0,0,0.0,0.0,0.0,,Ever Bounced,False,0.75,High
PR01092117,90.0,3  Above,250614,478790,Micro Loan,Ever Bounce,True,0,0,0.0,0.0,0.0,,Ever Bounced,False,0.754,High
PR01092247,90.0,3  Above,102984,486104,SBL,Ever Bounce,True,0,0,0.0,0.0,0.0,,Ever Bounced,False,0.75,High
PR01336054,90.0,3  Above,21020,156658,SBL,Ever Bounce,True,0,0,0.0,0.0,0.0,,Ever Bounced,False,0.75,High
PR01092381,90.0,3  Above,151326,571189,SBL,Ever Bounce,True,0,0,0.0,0.0,0.0,,Ever Bounced,False,0.75,High
PR01279901,90.0,3  Above,147764,1788393,ME,Ever Bounce,True,0,0,0.0,0.0,0.0,,Ever Bounced,False,0.75,High
PR01277541,75.0,3,69520,866002,ME,Ever Bounce,True,0,0,0.0,0.0,0.0,,Ever Bounced,False,0.715,High
PR01093051,90.0,3  Above,79905,1134091,ME,Ever Bounce,True,0,0,0.0,0.0,0.0,,Ever Bounced,False,0.75,High
PR01093213,90.0,3  Above,65730,288369,ME,Ever Bounce,True,0,0,0.0,0.0,0.0,,Ever Bounced,False,0.75,High
PR01126785,90.0,3  Above,58290,258341,ME,Ever Bounce,True,0,0,0.0,0.0,0.0,,Ever Bounced,False,0.75,High
PR01093223,90.0,3  Above,120600,727747,ME,Ever Bounce,True,0,0,0.0,0.0,0.0,,Ever Bounced,False,0.75,High
PR01093321,90.0,3  Above,62565,610698,SBL,Ever Bounce,True,0,0,0.0,0.0,0.0,,Ever Bounced,False,0.75,High
PR01155046,90.0,3  Above,41710,418373,SBL,Ever Bounce,True,0,0,0.0,0.0,0.0,,Ever Bounced,False,0.75,High
PR01093328,90.0,3  Above,101488,222531,Micro Loan,Ever Bounce,True,0,0,0.0,0.0,0.0,,Ever Bounced,False,0.75,High
PR01355491,90.0,3  Above,97970,1330312,ME,Ever Bounce,True,0,0,0.0,0.0,0.0,,Ever Bounced,False,0.75,High
PR01093433,90.0,3  Above,100768,860949,ME,Ever Bounce,True,0,0,0.0,0.0,0.0,,Ever Bounced,False,0.75,High
PR01093482,90.0,3  Above,57714,290463,Micro Loan,Ever Bounce,True,0,0,0.0,0.0,0.0,,Ever Bounced,False,0.75,High
PR01093485,90.0,3  Above,125964,1431134,ME,Ever Bounce,True,0,0,0.0,0.0,0.0,,Ever Bounced,False,0.75,High
PR01093499,90.0,3  Above,516900,2801047,Co-Lending,Ever Bounce,True,0,0,0.0,0.0,0.0,,Ever Bounced,False,0.761,High
PR01093618,90.0,3  Above,156420,866057,ME,Ever Bounce,True,0,0,0.0,0.0,0.0,,Ever Bounced,False,0.75,High
PR01093941,90.0,3  Above,103788,559381,ME,Ever Bounce,True,0,0,0.0,0.0,0.0,,Ever Bounced,False,0.75,High
PR01137880,90.0,3  Above,80720,496322,ME,Ever Bounce,True,0,0,0.0,0.0,0.0,,Ever Bounced,False,0.75,High
PR01094136,90.0,3  Above,195384,846923,ME,Ever Bounce,True,0,0,0.0,0.0,0.0,,Ever Bounced,False,0.751,High
PR01155998,90.0,3  Above,223860,922316,ME,Ever Bounce,True,0,0,0.0,0.0,0.0,,Ever Bounced,False,0.752,High
PR01094186,90.0,3  Above,127545,537982,SBL,Ever Bounce,True,0,0,0.0,0.0,0.0,,Ever Bounced,False,0.75,High
PR01094288,75.0,3,17940,187701,SBL,Ever Bounce,True,0,0,0.0,0.0,0.0,,Ever Bounced,False,0.701,High
PR01123603,75.0,3,17940,189823,ME,Ever Bounce,True,0,0,0.0,0.0,0.0,,Ever Bounced,False,0.701,High
PR01094690,90.0,3  Above,203370,1092150,ME,Ever Bounce,True,0,0,0.0,0.0,0.0,,Ever Bounced,False,0.751,High
PR01118999,90.0,3  Above,33732,299362,ME,Ever Bounce,True,0,0,0.0,0.0,0.0,,Ever Bounced,False,0.75,High
PR01279590,75.0,3,70912,883371,ME,Ever Bounce,True,0,0,0.0,0.0,0.0,,Ever Bounced,False,0.716,High
PR01095673,90.0,3  Above,319620,1910191,ME,Ever Bounce,True,0,0,0.0,0.0,0.0,,Ever Bounced,False,0.756,High
PR01105418,90.0,3  Above,140712,1189913,ME,Ever Bounce,True,0,0,0.0,0.0,0.0,,Ever Bounced,False,0.75,High
PR01107450,90.0,3  Above,201768,602116,SBL,Ever Bounce,True,0,0,0.0,0.0,0.0,,Ever Bounced,False,0.751,High
PR01601136,90.0,3  Above,114064,518761,ME,Ever Bounce,True,0,0,0.0,0.0,0.0,,Ever Bounced,False,0.75,High
PR01108143,90.0,3  Above,59196,167217,Micro Loan,Ever Bounce,True,0,0,0.0,0.0,0.0,,Ever Bounced,False,0.75,High
PR01108604,90.0,3  Above,124504,529736,SBL,Ever Bounce,True,0,0,0.0,0.0,0.0,,Ever Bounced,False,0.75,High
PR01108884,90.0,3  Above,96192,377574,Micro Loan,Ever Bounce,True,0,0,0.0,0.0,0.0,,Ever Bounced,False,0.75,High
PR01409652,90.0,3  Above,394758,2317381,Co-Lending,Ever Bounce,True,0,0,0.0,0.0,0.0,,Ever Bounced,False,0.758,High
PR01108938,90.0,3  Above,148654,665635,SBL,Ever Bounce,True,0,0,0.0,0.0,0.0,,Ever Bounced,False,0.75,High
PR01109699,90.0,3  Above,75080,917547,SBL,Ever Bounce,True,0,0,0.0,0.0,0.0,,Ever Bounced,False,0.75,High
PR01260290,90.0,3  Above,189790,1407835,Co-Lending,Ever Bounce,True,0,0,0.0,0.0,0.0,,Ever Bounced,False,0.751,High
PR01109758,90.0,3  Above,195150,500871,SBL,Ever Bounce,True,0,0,0.0,0.0,0.0,,Ever Bounced,False,0.751,High
PR01126901,90.0,3  Above,151550,417403,ME,Ever Bounce,True,0,0,0.0,0.0,0.0,,Ever Bounced,False,0.75,High
PR01336416,90.0,3  Above,188689,446190,ME,Ever Bounce,True,0,0,0.0,0.0,0.0,,Ever Bounced,False,0.751,High
PR01109789,90.0,3  Above,171336,1408115,ME,Ever Bounce,True,0,0,0.0,0.0,0.0,,Ever Bounced,False,0.75,High
PR01109798,90.0,3  Above,36070,218359,Micro Loan,Ever Bounce,True,0,0,0.0,0.0,0.0,,Ever Bounced,False,0.75,High
PR01368954,45.0,2,18576,209361,ME,Ever Bounce,True,0,0,0.0,0.0,0.0,,Ever Bounced,False,0.7,High
PR01109816,90.0,3  Above,162672,1339424,ME,Ever Bounce,True,0,0,0.0,0.0,0.0,,Ever Bounced,False,0.75,High
PR01110182,90.0,3  Above,79710,472441,Home Loan,Ever Bounce,True,0,0,0.0,0.0,0.0,,Ever Bounced,False,0.75,High
PR01607336,75.0,3,120444,2276395,Co-Lending,Ever Bounce,True,0,0,0.0,0.0,0.0,,Ever Bounced,False,0.721,High
PR01110222,90.0,3  Above,97339,441935,SBL,Ever Bounce,True,0,0,0.0,0.0,0.0,,Ever Bounced,False,0.75,High
PR01110223,90.0,3  Above,166989,431201,Micro Loan,Ever Bounce,True,0,0,0.0,0.0,0.0,,Ever Bounced,False,0.75,High
PR01110352,90.0,3  Above,67333,298492,Micro Loan,Ever Bounce,True,0,0,0.0,0.0,0.0,,Ever Bounced,False,0.75,High
PR01110419,90.0,3  Above,73710,919264,SBL,Ever Bounce,True,0,0,0.0,0.0,0.0,,Ever Bounced,False,0.75,High
PR01110460,90.0,3  Above,182347,816480,ME,Ever Bounce,True,0,0,0.0,0.0,0.0,,Ever Bounced,False,0.75,High
PR01110498,90.0,3  Above,175632,521651,Micro Loan,Ever Bounce,True,0,0,0.0,0.0,0.0,,Ever Bounced,False,0.75,High
PR01260714,90.0,3  Above,173800,890508,ME,Ever Bounce,True,0,0,0.0,0.0,0.0,,Ever Bounced,False,0.75,High
PR01551510,90.0,3  Above,85150,341720,ME,Ever Bounce,True,0,0,0.0,0.0,0.0,,Ever Bounced,False,0.75,High
PR01110731,75.0,3,86708,1060827,SBL,Ever Bounce,True,0,0,0.0,0.0,0.0,,Ever Bounced,False,0.718,High
PR01110873,75.0,3,27172,323615,SBL,Ever Bounce,True,0,0,0.0,0.0,0.0,,Ever Bounced,False,0.706,High
PR01119817,75.0,3,30488,365559,SBL,Ever Bounce,True,0,0,0.0,0.0,0.0,,Ever Bounced,False,0.707,High
PR01110904,90.0,3  Above,162170,795177,SBL,Ever Bounce,True,0,0,0.0,0.0,0.0,,Ever Bounced,False,0.75,High
PR01110910,90.0,3  Above,56370,220101,Micro Loan,Ever Bounce,True,0,0,0.0,0.0,0.0,,Ever Bounced,False,0.75,High
PR01110919,90.0,3  Above,210180,734278,SBL,Ever Bounce,True,0,0,0.0,0.0,0.0,,Ever Bounced,False,0.752,High
PR01244943,90.0,3  Above,493024,1832583,SBL,Ever Bounce,True,0,0,0.0,0.0,0.0,,Ever Bounced,False,0.761,High
PR01111076,90.0,3  Above,148145,1970602,ME,Ever Bounce,True,0,0,0.0,0.0,0.0,,Ever Bounced,False,0.75,High
PR01111086,90.0,3  Above,70532,312667,Micro Loan,Ever Bounce,True,0,0,0.0,0.0,0.0,,Ever Bounced,False,0.75,High
PR01111107,90.0,3  Above,283792,1348372,Co-Lending,Ever Bounce,True,0,0,0.0,0.0,0.0,,Ever Bounced,False,0.755,High
PR01170879,90.0,3  Above,60036,374248,Co-Lending,Ever Bounce,True,0,0,0.0,0.0,0.0,,Ever Bounced,False,0.75,High
PR01323897,90.0,3  Above,88236,598963,Co-Lending,Ever Bounce,True,0,0,0.0,0.0,0.0,,Ever Bounced,False,0.75,High
PR01111114,90.0,3  Above,143004,814485,SBL,Ever Bounce,True,0,0,0.0,0.0,0.0,,Ever Bounced,False,0.75,High
PR01111147,90.0,3  Above,150060,410388,Micro Loan,Ever Bounce,True,0,0,0.0,0.0,0.0,,Ever Bounced,False,0.75,High
PR01111245,90.0,3  Above,184954,594836,SBL,Ever Bounce,True,0,0,0.0,0.0,0.0,,Ever Bounced,False,0.75,High
PR01111252,90.0,3  Above,91362,473868,Micro Loan,Ever Bounce,True,0,0,0.0,0.0,0.0,,Ever Bounced,False,0.75,High
PR01111352,90.0,3  Above,117698,564542,SBL,Ever Bounce,True,0,0,0.0,0.0,0.0,,Ever Bounced,False,0.75,High
PR01389626,90.0,3  Above,349024,1397840,ME,Ever Bounce,True,0,0,0.0,0.0,0.0,,Ever Bounced,False,0.757,High
PR01111476,90.0,3  Above,122130,412469,SBL,Ever Bounce,True,0,0,0.0,0.0,0.0,,Ever Bounced,False,0.75,High
PR01111524,90.0,3  Above,81990,503729,Micro Loan,Ever Bounce,True,0,0,0.0,0.0,0.0,,Ever Bounced,False,0.75,High
PR01111565,90.0,3  Above,72075,690193,SBL,Ever Bounce,True,0,0,0.0,0.0,0.0,,Ever Bounced,False,0.75,High
PR01120430,90.0,3  Above,72075,694668,SBL,Ever Bounce,True,0,0,0.0,0.0,0.0,,Ever Bounced,False,0.75,High
PR01120444,75.0,3,79028,645872,SBL,Ever Bounce,True,0,0,0.0,0.0,0.0,,Ever Bounced,False,0.717,High
PR01120445,90.0,3  Above,124040,102775,Micro Loan,Ever Bounce,True,0,0,0.0,0.0,0.0,,Ever Bounced,False,0.75,High
PR01120454,90.0,3  Above,72144,373833,Micro Loan,Ever Bounce,True,0,0,0.0,0.0,0.0,,Ever Bounced,False,0.75,High
PR01603849,90.0,3  Above,485790,2771932,SBL,Ever Bounce,True,0,0,0.0,0.0,0.0,,Ever Bounced,False,0.76,High
PR01121927,90.0,3  Above,202440,1895140,Co-Lending,Ever Bounce,True,0,0,0.0,0.0,0.0,,Ever Bounced,False,0.751,High
PR01141748,90.0,3  Above,101216,950031,Co-Lending,Ever Bounce,True,0,0,0.0,0.0,0.0,,Ever Bounced,False,0.75,High
PR01122665,75.0,3,158604,2877020,Co-Lending,Ever Bounce,True,0,0,0.0,0.0,0.0,,Ever Bounced,False,0.724,High
PR01122892,75.0,3,77772,1385812,ME,Ever Bounce,True,0,0,0.0,0.0,0.0,,Ever Bounced,False,0.716,High
PR01122885,75.0,3,86488,1036906,SBL,Ever Bounce,True,0,0,0.0,0.0,0.0,,Ever Bounced,False,0.718,High
PR01122895,90.0,3  Above,646032,1317354,ME,Ever Bounce,True,0,0,0.0,0.0,0.0,,Ever Bounced,False,0.763,High
PR01122901,90.0,3  Above,103884,287510,Micro Loan,Ever Bounce,True,0,0,0.0,0.0,0.0,,Ever Bounced,False,0.75,High
PR01123053,90.0,3  Above,191180,885410,SBL,Ever Bounce,True,0,0,0.0,0.0,0.0,,Ever Bounced,False,0.751,High
PR01123617,90.0,3  Above,143052,708299,SBL,Ever Bounce,True,0,0,0.0,0.0,0.0,,Ever Bounced,False,0.75,High
PR01123986,90.0,3  Above,184960,798703,SBL,Ever Bounce,True,0,0,0.0,0.0,0.0,,Ever Bounced,False,0.75,High
PR01123990,90.0,3  Above,201768,871358,SBL,Ever Bounce,True,0,0,0.0,0.0,0.0,,Ever Bounced,False,0.751,High
PR01124330,90.0,3  Above,86405,698031,SBL,Ever Bounce,True,0,0,0.0,0.0,0.0,,Ever Bounced,False,0.75,High
PR01124352,90.0,3  Above,155045,291753,Micro Loan,Ever Bounce,True,0,0,0.0,0.0,0.0,,Ever Bounced,False,0.75,High
PR01124353,75.0,3,37960,296472,Micro Loan,Ever Bounce,True,0,0,0.0,0.0,0.0,,Ever Bounced,False,0.709,High
PR01124362,90.0,3  Above,73560,487998,SBL,Ever Bounce,True,0,0,0.0,0.0,0.0,,Ever Bounced,False,0.75,High
PR01124815,90.0,3  Above,184954,603050,SBL,Ever Bounce,True,0,0,0.0,0.0,0.0,,Ever Bounced,False,0.75,High
PR01124874,90.0,3  Above,230640,728907,SBL,Ever Bounce,True,0,0,0.0,0.0,0.0,,Ever Bounced,False,0.753,High
PR01124892,90.0,3  Above,44328,357721,SBL,Ever Bounce,True,0,0,0.0,0.0,0.0,,Ever Bounced,False,0.75,High
PR01139629,90.0,3  Above,44760,363495,ME,Ever Bounce,True,0,0,0.0,0.0,0.0,,Ever Bounced,False,0.75,High
PR01124948,90.0,3  Above,195940,1349416,ME,Ever Bounce,True,0,0,0.0,0.0,0.0,,Ever Bounced,False,0.751,High
PR01124956,90.0,3  Above,224796,746117,SBL,Ever Bounce,False,1,0,0.0,1.0,122616.0,2026-09-16 15:27:12,Ever Bounced,False,0.75,High
PR01124981,90.0,3  Above,143737,629687,SBL,Ever Bounce,True,0,0,0.0,0.0,0.0,,Ever Bounced,False,0.75,High
PR01355927,90.0,3  Above,99099,463072,ME,Ever Bounce,True,0,0,0.0,0.0,0.0,,Ever Bounced,False,0.75,High
PR01124992,90.0,3  Above,408720,823403,SBL,Ever Bounce,True,0,0,0.0,0.0,0.0,,Ever Bounced,False,0.759,High
PR01125009,45.0,2,12051,207315,ME,Ever Bounce,True,0,0,0.0,0.0,0.0,,Ever Bounced,False,0.7,High
PR01157104,90.0,3  Above,48464,638300,ME,Ever Bounce,True,0,0,0.0,0.0,0.0,,Ever Bounced,False,0.75,High
PR01125072,90.0,3  Above,89946,725983,SBL,Ever Bounce,True,0,0,0.0,0.0,0.0,,Ever Bounced,False,0.75,High
PR01125076,90.0,3  Above,137812,1365885,ME,Ever Bounce,True,0,0,0.0,0.0,0.0,,Ever Bounced,False,0.75,High
PR01126060,90.0,3  Above,114440,502587,SBL,Ever Bounce,True,0,0,0.0,0.0,0.0,,Ever Bounced,False,0.75,High
PR01126107,75.0,3,129144,2419535,Co-Lending,Ever Bounce,True,0,0,0.0,0.0,0.0,,Ever Bounced,False,0.722,High
PR01155723,75.0,3,50688,935315,Co-Lending,Ever Bounce,True,0,0,0.0,0.0,0.0,,Ever Bounced,False,0.712,High
PR01245076,75.0,3,29864,410216,Co-Lending,Ever Bounce,True,0,0,0.0,0.0,0.0,,Ever Bounced,False,0.707,High
PR01260212,90.0,3  Above,166551,1604432,ME,Ever Bounce,True,0,0,0.0,0.0,0.0,,Ever Bounced,False,0.75,High
PR01126706,90.0,3  Above,186054,350100,Micro Loan,Ever Bounce,True,0,0,0.0,0.0,0.0,,Ever Bounced,False,0.751,High
PR01126716,90.0,3  Above,89190,719872,SBL,Ever Bounce,True,0,0,0.0,0.0,0.0,,Ever Bounced,False,0.75,High
PR01126743,90.0,3  Above,104280,1031853,SBL,Ever Bounce,True,0,0,0.0,0.0,0.0,,Ever Bounced,False,0.75,High
PR01126944,90.0,3  Above,147141,581982,SBL,Ever Bounce,True,0,0,0.0,0.0,0.0,,Ever Bounced,False,0.75,High
PR01127004,90.0,3  Above,108537,204201,Micro Loan,Ever Bounce,True,0,0,0.0,0.0,0.0,,Ever Bounced,False,0.75,High
PR01259963,90.0,3  Above,1918440,4977798,ME,Ever Bounce,True,0,0,0.0,0.0,0.0,,Ever Bounced,False,0.775,High
PR01127266,90.0,3  Above,127422,1042115,SBL,Ever Bounce,True,0,0,0.0,0.0,0.0,,Ever Bounced,False,0.75,High
PR01127362,90.0,3  Above,159500,736125,ME,Ever Bounce,True,0,0,0.0,0.0,0.0,,Ever Bounced,False,0.75,High
PR01127377,90.0,3  Above,552083,2012007,Co-Lending,Ever Bounce,True,0,0,0.0,0.0,0.0,,Ever Bounced,False,0.762,High
PR01159792,90.0,3  Above,260118,1025543,Co-Lending,Ever Bounce,True,0,0,0.0,0.0,0.0,,Ever Bounced,False,0.754,High
PR01127457,90.0,3  Above,122615,826186,SBL,Ever Bounce,True,0,0,0.0,0.0,0.0,,Ever Bounced,False,0.75,High
PR01127506,90.0,3  Above,453034,1132942,Co-Lending,Ever Bounce,True,0,0,0.0,0.0,0.0,,Ever Bounced,False,0.76,High
PR01178119,90.0,3  Above,370667,927473,Co-Lending,Ever Bounce,True,0,0,0.0,0.0,0.0,,Ever Bounced,False,0.758,High
PR01127586,90.0,3  Above,63246,510431,SBL,Ever Bounce,True,0,0,0.0,0.0,0.0,,Ever Bounced,False,0.75,High
PR01172143,90.0,3  Above,61080,491416,SBL,Ever Bounce,True,0,0,0.0,0.0,0.0,,Ever Bounced,False,0.75,High
PR01127754,90.0,3  Above,82485,435272,ME,Ever Bounce,True,0,0,0.0,0.0,0.0,,Ever Bounced,False,0.75,High
PR01137269,90.0,3  Above,67656,165500,Micro Loan,Ever Bounce,True,0,0,0.0,0.0,0.0,,Ever Bounced,False,0.75,High
PR01137878,90.0,3  Above,96537,1033053,Co-Lending,Ever Bounce,True,0,0,0.0,0.0,0.0,,Ever Bounced,False,0.75,High
PR01169596,90.0,3  Above,231920,1340357,Co-Lending,Ever Bounce,True,0,0,0.0,0.0,0.0,,Ever Bounced,False,0.753,High
PR01138330,90.0,3  Above,145953,801043,SBL,Ever Bounce,True,0,0,0.0,0.0,0.0,,Ever Bounced,False,0.75,High
PR01138526,90.0,3  Above,117698,582005,SBL,Ever Bounce,True,0,0,0.0,0.0,0.0,,Ever Bounced,False,0.75,High
PR01374168,90.0,3  Above,63054,405174,ME,Ever Bounce,True,0,0,0.0,0.0,0.0,,Ever Bounced,False,0.75,High
PR01139345,90.0,3  Above,69370,485191,SBL,Ever Bounce,True,0,0,0.0,0.0,0.0,,Ever Bounced,False,0.75,High
PR01139352,90.0,3  Above,161840,581424,SBL,Ever Bounce,True,0,0,0.0,0.0,0.0,,Ever Bounced,False,0.75,High
PR01139383,90.0,3  Above,249029,1092360,ME,Ever Bounce,True,0,0,0.0,0.0,0.0,,Ever Bounced,False,0.754,High
PR01139511,90.0,3  Above,132408,522261,SBL,Ever Bounce,True,0,0,0.0,0.0,0.0,,Ever Bounced,False,0.75,High
PR01139620,75.0,3,63052,523927,SBL,Ever Bounce,True,0,0,0.0,0.0,0.0,,Ever Bounced,False,0.714,High
PR01742044,75.0,3,69520,954486,SBL,Ever Bounce,True,0,0,0.0,0.0,0.0,,Ever Bounced,False,0.715,High
PR01140387,90.0,3  Above,170244,671443,SBL,Ever Bounce,True,0,0,0.0,0.0,0.0,,Ever Bounced,False,0.75,High
PR01140396,90.0,3  Above,144152,886120,SBL,Ever Bounce,True,0,0,0.0,0.0,0.0,,Ever Bounced,False,0.75,High
PR01140852,90.0,3  Above,100905,705714,SBL,Ever Bounce,True,0,0,0.0,0.0,0.0,,Ever Bounced,False,0.75,High
PR01141035,90.0,3  Above,87934,583142,SBL,Ever Bounce,True,0,0,0.0,0.0,0.0,,Ever Bounced,False,0.75,High
PR01141242,90.0,3  Above,103411,743146,SBL,Ever Bounce,True,0,0,0.0,0.0,0.0,,Ever Bounced,False,0.75,High
PR01141249,90.0,3  Above,139896,613043,SBL,Ever Bounce,True,0,0,0.0,0.0,0.0,,Ever Bounced,False,0.75,High
PR01141290,90.0,3  Above,92525,896628,SBL,Ever Bounce,True,0,0,0.0,0.0,0.0,,Ever Bounced,False,0.75,High
PR01141747,90.0,3  Above,210420,1340454,ME,Ever Bounce,True,0,0,0.0,0.0,0.0,,Ever Bounced,False,0.752,High
PR01141757,90.0,3  Above,198209,897717,SBL,Ever Bounce,True,0,0,0.0,0.0,0.0,,Ever Bounced,False,0.751,High
PR01141780,90.0,3  Above,100905,705714,SBL,Ever Bounce,True,0,0,0.0,0.0,0.0,,Ever Bounced,False,0.75,High
PR01141983,90.0,3  Above,223970,1285119,Co-Lending,Ever Bounce,True,0,0,0.0,0.0,0.0,,Ever Bounced,False,0.752,High
PR01185299,90.0,3  Above,223970,1274018,Co-Lending,Ever Bounce,True,0,0,0.0,0.0,0.0,,Ever Bounced,False,0.752,High
PR01142236,90.0,3  Above,110136,10438,SBL,Ever Bounce,True,0,0,0.0,0.0,0.0,,Ever Bounced,False,0.75,High
PR01142387,90.0,3  Above,170811,963828,SBL,Ever Bounce,True,0,0,0.0,0.0,0.0,,Ever Bounced,False,0.75,High
PR01301025,90.0,3  Above,51894,288136,ME,Ever Bounce,True,0,0,0.0,0.0,0.0,,Ever Bounced,False,0.75,High
PR01142438,90.0,3  Above,118920,495820,SBL,Ever Bounce,True,0,0,0.0,0.0,0.0,,Ever Bounced,False,0.75,High
PR01205745,90.0,3  Above,97296,407250,ME,Ever Bounce,True,0,0,0.0,0.0,0.0,,Ever Bounced,False,0.75,High
PR01142455,75.0,3,51460,396077,Micro Loan,Ever Bounce,True,0,0,0.0,0.0,0.0,,Ever Bounced,False,0.712,High
PR01142478,90.0,3  Above,369492,2134423,Co-Lending,Ever Bounce,True,0,0,0.0,0.0,0.0,,Ever Bounced,False,0.758,High
PR01142555,75.0,3,95508,1171384,ME,Ever Bounce,True,0,0,0.0,0.0,0.0,,Ever Bounced,False,0.719,High
PR01301182,75.0,3,53604,691754,ME,Ever Bounce,True,0,0,0.0,0.0,0.0,,Ever Bounced,False,0.713,High
PR01142559,75.0,3,60328,728033,SBL,Ever Bounce,True,0,0,0.0,0.0,0.0,,Ever Bounced,False,0.714,High
PR01405627,75.0,3,100508,1341919,ME,Ever Bounce,True,0,0,0.0,0.0,0.0,,Ever Bounced,False,0.719,High
PR01142718,90.0,3  Above,129735,712046,SBL,Ever Bounce,True,0,0,0.0,0.0,0.0,,Ever Bounced,False,0.75,High
PR01142738,90.0,3  Above,179888,1105799,SBL,Ever Bounce,True,0,0,0.0,0.0,0.0,,Ever Bounced,False,0.75,High
PR01142872,90.0,3  Above,203148,1276427,ME,Ever Bounce,True,0,0,0.0,0.0,0.0,,Ever Bounced,False,0.751,High
PR01172114,90.0,3  Above,57450,391816,ME,Ever Bounce,True,0,0,0.0,0.0,0.0,,Ever Bounced,False,0.75,High
PR01143440,90.0,3  Above,394368,1737812,ME,Ever Bounce,True,0,0,0.0,0.0,0.0,,Ever Bounced,False,0.758,High
PR01374177,90.0,3  Above,183598,1101397,ME,Ever Bounce,True,0,0,0.0,0.0,0.0,,Ever Bounced,False,0.75,High
PR01143558,90.0,3  Above,60830,605983,SBL,Ever Bounce,True,0,0,0.0,0.0,0.0,,Ever Bounced,False,0.75,High
PR01745777,75.0,3,27764,350196,ME,Ever Bounce,True,0,0,0.0,0.0,0.0,,Ever Bounced,False,0.706,High
PR01143592,90.0,3  Above,99645,468900,SBL,Ever Bounce,True,0,0,0.0,0.0,0.0,,Ever Bounced,False,0.75,High
PR01143622,90.0,3  Above,144285,332292,Micro Loan,Ever Bounce,True,0,0,0.0,0.0,0.0,,Ever Bounced,False,0.75,High
PR01336520,90.0,3  Above,86520,885744,ME,Ever Bounce,True,0,0,0.0,0.0,0.0,,Ever Bounced,False,0.75,High
PR01143720,90.0,3  Above,74960,307204,Micro Loan,Ever Bounce,True,0,0,0.0,0.0,0.0,,Ever Bounced,False,0.75,High
PR01145894,90.0,3  Above,252160,909857,ME,Ever Bounce,True,0,0,0.0,0.0,0.0,,Ever Bounced,False,0.754,High
PR01388634,90.0,3  Above,209072,739181,ME,Ever Bounce,True,0,0,0.0,0.0,0.0,,Ever Bounced,False,0.752,High
PR01145871,90.0,3  Above,78932,221302,Micro Loan,Ever Bounce,True,0,0,0.0,0.0,0.0,,Ever Bounced,False,0.75,High
PR01143828,90.0,3  Above,221715,880371,ME,Ever Bounce,True,0,0,0.0,0.0,0.0,,Ever Bounced,False,0.752,High
PR01143849,90.0,3  Above,288408,1862127,Co-Lending,Ever Bounce,True,0,0,0.0,0.0,0.0,,Ever Bounced,False,0.755,High
PR01189470,90.0,3  Above,73956,469333,Co-Lending,Ever Bounce,True,0,0,0.0,0.0,0.0,,Ever Bounced,False,0.75,High
PR01143864,90.0,3  Above,143058,1841110,Co-Lending,Ever Bounce,True,0,0,0.0,0.0,0.0,,Ever Bounced,False,0.75,High
PR01553936,90.0,3  Above,55335,456515,SBL,Ever Bounce,True,0,0,0.0,0.0,0.0,,Ever Bounced,False,0.75,High
PR01567132,90.0,3  Above,96558,800353,SBL,Ever Bounce,True,0,0,0.0,0.0,0.0,,Ever Bounced,False,0.75,High
PR01836430,90.0,3  Above,38213,384906,Co-Lending,Ever Bounce,True,0,0,0.0,0.0,0.0,,Ever Bounced,False,0.75,High
PR01143871,90.0,3  Above,72144,379101,Micro Loan,Ever Bounce,True,0,0,0.0,0.0,0.0,,Ever Bounced,False,0.75,High
PR01143896,90.0,3  Above,86900,865686,SBL,Ever Bounce,True,0,0,0.0,0.0,0.0,,Ever Bounced,False,0.75,High
PR01144598,90.0,3  Above,86760,69144,SBL,Ever Bounce,True,0,0,0.0,0.0,0.0,,Ever Bounced,False,0.75,High
PR01144627,75.0,3,30868,382459,SBL,Ever Bounce,True,0,0,0.0,0.0,0.0,,Ever Bounced,False,0.707,High
PR01172511,75.0,3,26972,330873,ME,Ever Bounce,True,0,0,0.0,0.0,0.0,,Ever Bounced,False,0.706,High
PR01319374,90.0,3  Above,297330,2222562,Co-Lending,Ever Bounce,True,0,0,0.0,0.0,0.0,,Ever Bounced,False,0.755,High
PR01479049,90.0,3  Above,609282,1916257,ME,Ever Bounce,True,0,0,0.0,0.0,0.0,,Ever Bounced,False,0.763,High
PR01153562,90.0,3  Above,115470,495871,SBL,Ever Bounce,True,0,0,0.0,0.0,0.0,,Ever Bounced,False,0.75,High
PR01153578,90.0,3  Above,101038,490138,Micro Loan,Ever Bounce,True,0,0,0.0,0.0,0.0,,Ever Bounced,False,0.75,High
PR01154643,90.0,3  Above,91469,626463,SBL,Ever Bounce,True,0,0,0.0,0.0,0.0,,Ever Bounced,False,0.75,High
PR01154706,90.0,3  Above,147138,864765,SBL,Ever Bounce,True,0,0,0.0,0.0,0.0,,Ever Bounced,False,0.75,High
PR01155159,90.0,3  Above,164736,1037546,ME,Ever Bounce,True,0,0,0.0,0.0,0.0,,Ever Bounced,False,0.75,High
PR01187561,90.0,3  Above,104553,792684,ME,Ever Bounce,True,0,0,0.0,0.0,0.0,,Ever Bounced,False,0.75,High
PR01155197,90.0,3  Above,113625,416633,Micro Loan,Ever Bounce,True,0,0,0.0,0.0,0.0,,Ever Bounced,False,0.75,High
PR01477976,90.0,3  Above,226143,1396473,ME,Ever Bounce,True,0,0,0.0,0.0,0.0,,Ever Bounced,False,0.753,High
PR01155323,90.0,3  Above,239538,986761,SBL,Ever Bounce,True,0,0,0.0,0.0,0.0,,Ever Bounced,False,0.753,High
PR01222405,90.0,3  Above,80412,353945,Home Loan,Ever Bounce,True,0,0,0.0,0.0,0.0,,Ever Bounced,False,0.75,High
PR01155569,90.0,3  Above,248751,520833,Home Loan,Ever Bounce,True,0,0,0.0,0.0,0.0,,Ever Bounced,False,0.754,High
PR01205809,90.0,3  Above,124389,262180,ME,Ever Bounce,True,0,0,0.0,0.0,0.0,,Ever Bounced,False,0.75,High
PR01155629,90.0,3  Above,271040,1060187,Co-Lending,Ever Bounce,True,0,0,0.0,0.0,0.0,,Ever Bounced,False,0.754,High
PR01388820,90.0,3  Above,158102,652125,Co-Lending,Ever Bounce,True,0,0,0.0,0.0,0.0,,Ever Bounced,False,0.75,High
PR01155754,90.0,3  Above,143892,555556,SBL,Ever Bounce,True,0,0,0.0,0.0,0.0,,Ever Bounced,False,0.75,High
PR01155812,90.0,3  Above,115424,471268,Micro Loan,Ever Bounce,True,0,0,0.0,0.0,0.0,,Ever Bounced,False,0.75,High
PR01155820,90.0,3  Above,48096,375503,Micro Loan,Ever Bounce,True,0,0,0.0,0.0,0.0,,Ever Bounced,False,0.75,High
PR01155919,75.0,3,74332,914813,SBL,Ever Bounce,False,1,0,0.0,1.0,18583.0,2026-09-11 16:53:09,Ever Bounced,False,0.701,High
PR01155999,75.0,3,74836,908898,SBL,Ever Bounce,True,0,0,0.0,0.0,0.0,,Ever Bounced,False,0.716,High
PR01371058,75.0,3,22252,276624,ME,Ever Bounce,True,0,0,0.0,0.0,0.0,,Ever Bounced,False,0.704,High
PR01156030,90.0,3  Above,162170,809106,SBL,Ever Bounce,True,0,0,0.0,0.0,0.0,,Ever Bounced,False,0.75,High
PR01156053,90.0,3  Above,236796,304189,Micro Loan,Ever Bounce,True,0,0,0.0,0.0,0.0,,Ever Bounced,False,0.753,High
PR01156073,90.0,3  Above,65990,644215,SBL,Ever Bounce,True,0,0,0.0,0.0,0.0,,Ever Bounced,False,0.75,High
PR01278603,90.0,3  Above,27030,263137,ME,Ever Bounce,True,0,0,0.0,0.0,0.0,,Ever Bounced,False,0.75,High
PR01156104,15.0,1,13226,201570,ME,Ever Bounce,True,0,0,0.0,0.0,0.0,,Ever Bounced,False,0.7,High
PR01188665,15.0,1,8416,128023,ME,Ever Bounce,True,0,0,0.0,0.0,0.0,,Ever Bounced,False,0.7,High
PR01156111,90.0,3  Above,130576,1206853,Co-Lending,Ever Bounce,True,0,0,0.0,0.0,0.0,,Ever Bounced,False,0.75,High
PR01156119,75.0,3,48096,375503,Micro Loan,Ever Bounce,True,0,0,0.0,0.0,0.0,,Ever Bounced,False,0.712,High
PR01156145,90.0,3  Above,55755,261626,ME,Ever Bounce,True,0,0,0.0,0.0,0.0,,Ever Bounced,False,0.75,High
PR01185539,90.0,3  Above,42637,200299,ME,Ever Bounce,True,0,0,0.0,0.0,0.0,,Ever Bounced,False,0.75,High
PR01156251,90.0,3  Above,174969,699693,SBL,Ever Bounce,True,0,0,0.0,0.0,0.0,,Ever Bounced,False,0.75,High
PR01156323,75.0,3,73988,910650,SBL,Ever Bounce,True,0,0,0.0,0.0,0.0,,Ever Bounced,False,0.716,High
PR01156524,90.0,3  Above,117696,523178,SBL,Ever Bounce,True,0,0,0.0,0.0,0.0,,Ever Bounced,False,0.75,High
PR01156538,90.0,3  Above,88272,510316,SBL,Ever Bounce,True,0,0,0.0,0.0,0.0,,Ever Bounced,False,0.75,High
PR01156575,90.0,3  Above,139888,621788,SBL,Ever Bounce,True,0,0,0.0,0.0,0.0,,Ever Bounced,False,0.75,High
PR01156706,90.0,3  Above,92232,376552,Micro Loan,Ever Bounce,True,0,0,0.0,0.0,0.0,,Ever Bounced,False,0.75,High
PR01156842,90.0,3  Above,67570,659722,ME,Ever Bounce,True,0,0,0.0,0.0,0.0,,Ever Bounced,False,0.75,High
PR01157098,90.0,3  Above,214410,2160744,Co-Lending,Ever Bounce,True,0,0,0.0,0.0,0.0,,Ever Bounced,False,0.752,High
PR01157153,90.0,3  Above,705404,1764988,Co-Lending,Ever Bounce,True,0,0,0.0,0.0,0.0,,Ever Bounced,False,0.764,High
PR01157169,90.0,3  Above,152744,1264074,ME,Ever Bounce,True,0,0,0.0,0.0,0.0,,Ever Bounced,False,0.75,High
PR01157202,90.0,3  Above,151354,1065000,SBL,Ever Bounce,True,0,0,0.0,0.0,0.0,,Ever Bounced,False,0.75,High
PR01157238,90.0,3  Above,164244,482256,Micro Loan,Ever Bounce,True,0,0,0.0,0.0,0.0,,Ever Bounced,False,0.75,High
PR01582175,90.0,3  Above,67518,196131,ME,Ever Bounce,True,0,0,0.0,0.0,0.0,,Ever Bounced,False,0.75,High
PR01157374,75.0,3,24072,316941,SBL,Ever Bounce,True,0,0,0.0,0.0,0.0,,Ever Bounced,False,0.704,High
PR01157431,90.0,3  Above,78872,322041,Micro Loan,Ever Bounce,True,0,0,0.0,0.0,0.0,,Ever Bounced,False,0.75,High
PR01157453,90.0,3  Above,138278,1306538,ME,Ever Bounce,True,0,0,0.0,0.0,0.0,,Ever Bounced,False,0.75,High
PR01157556,90.0,3  Above,93696,579412,SBL,Ever Bounce,True,0,0,0.0,0.0,0.0,,Ever Bounced,False,0.75,High
PR01160765,90.0,3  Above,102534,813586,ME,Ever Bounce,True,0,0,0.0,0.0,0.0,,Ever Bounced,False,0.75,High
PR01525239,90.0,3  Above,53508,589559,ME,Ever Bounce,True,0,0,0.0,0.0,0.0,,Ever Bounced,False,0.75,High
PR01162861,90.0,3  Above,79277,363106,SBL,Ever Bounce,True,0,0,0.0,0.0,0.0,,Ever Bounced,False,0.75,High
PR01208336,90.0,3  Above,39644,180174,ME,Ever Bounce,True,0,0,0.0,0.0,0.0,,Ever Bounced,False,0.75,High
PR01163483,90.0,3  Above,59460,488910,SBL,Ever Bounce,True,0,0,0.0,0.0,0.0,,Ever Bounced,False,0.75,High
PR01165194,90.0,3  Above,88780,921022,SBL,Ever Bounce,True,0,0,0.0,0.0,0.0,,Ever Bounced,False,0.75,High
PR01165200,90.0,3  Above,84330,468181,SBL,Ever Bounce,True,0,0,0.0,0.0,0.0,,Ever Bounced,False,0.75,High
PR01172731,90.0,3  Above,29187,158981,ME,Ever Bounce,True,0,0,0.0,0.0,0.0,,Ever Bounced,False,0.75,High
PR01407460,90.0,3  Above,46269,256137,ME,Ever Bounce,True,0,0,0.0,0.0,0.0,,Ever Bounced,False,0.75,High
PR01167176,90.0,3  Above,92582,432864,Micro Loan,Ever Bounce,True,0,0,0.0,0.0,0.0,,Ever Bounced,False,0.75,High
PR01167905,90.0,3  Above,89454,482814,Micro Loan,Ever Bounce,True,0,0,0.0,0.0,0.0,,Ever Bounced,False,0.75,High
PR01168230,90.0,3  Above,164241,937969,SBL,Ever Bounce,True,0,0,0.0,0.0,0.0,,Ever Bounced,False,0.75,High
PR01168561,75.0,3,76472,960080,SBL,Ever Bounce,True,0,0,0.0,0.0,0.0,,Ever Bounced,False,0.716,High
PR01169046,90.0,3  Above,139896,547100,SBL,Ever Bounce,True,0,0,0.0,0.0,0.0,,Ever Bounced,False,0.75,High
PR01381792,90.0,3  Above,251928,1450906,Co-Lending,Ever Bounce,True,0,0,0.0,0.0,0.0,,Ever Bounced,False,0.754,High
PR01657355,90.0,3  Above,89592,482607,Co-Lending,Ever Bounce,True,0,0,0.0,0.0,0.0,,Ever Bounced,False,0.75,High
PR01169682,90.0,3  Above,88800,291296,Micro Loan,Ever Bounce,True,0,0,0.0,0.0,0.0,,Ever Bounced,False,0.75,High
PR01169875,75.0,3,43284,342735,Micro Loan,Ever Bounce,True,0,0,0.0,0.0,0.0,,Ever Bounced,False,0.71,High
PR01169911,90.0,3  Above,158712,454398,Micro Loan,Ever Bounce,True,0,0,0.0,0.0,0.0,,Ever Bounced,False,0.75,High
PR01170408,75.0,3,54748,447372,Micro Loan,Ever Bounce,True,0,0,0.0,0.0,0.0,,Ever Bounced,False,0.713,High
PR01170502,90.0,3  Above,100998,545106,Micro Loan,Ever Bounce,True,0,0,0.0,0.0,0.0,,Ever Bounced,False,0.75,High
PR01170894,75.0,3,48096,380783,Micro Loan,Ever Bounce,True,0,0,0.0,0.0,0.0,,Ever Bounced,False,0.712,High
PR01170995,90.0,3  Above,173136,495724,Micro Loan,Ever Bounce,True,0,0,0.0,0.0,0.0,,Ever Bounced,False,0.75,High
PR01171030,90.0,3  Above,100884,591691,SBL,Ever Bounce,True,0,0,0.0,0.0,0.0,,Ever Bounced,False,0.75,High
PR01171033,90.0,3  Above,187704,1071970,SBL,Ever Bounce,True,0,0,0.0,0.0,0.0,,Ever Bounced,False,0.751,High
PR01411202,90.0,3  Above,80406,723256,ME,Ever Bounce,True,0,0,0.0,0.0,0.0,,Ever Bounced,False,0.75,High
PR01171135,75.0,3,51172,625494,SBL,Ever Bounce,True,0,0,0.0,0.0,0.0,,Ever Bounced,False,0.712,High
PR01171261,90.0,3  Above,117696,530466,SBL,Ever Bounce,True,0,0,0.0,0.0,0.0,,Ever Bounced,False,0.75,High
PR01171578,90.0,3  Above,166848,1046135,SBL,Ever Bounce,True,0,0,0.0,0.0,0.0,,Ever Bounced,False,0.75,High
PR01171598,90.0,3  Above,190930,1247577,ME,Ever Bounce,True,0,0,0.0,0.0,0.0,,Ever Bounced,False,0.751,High
PR01171667,90.0,3  Above,173136,486175,Micro Loan,Ever Bounce,True,0,0,0.0,0.0,0.0,,Ever Bounced,False,0.75,High
PR01354756,90.0,3  Above,271264,1294736,Co-Lending,Ever Bounce,True,0,0,0.0,0.0,0.0,,Ever Bounced,False,0.754,High
PR01171958,90.0,3  Above,144150,709980,SBL,Ever Bounce,True,0,0,0.0,0.0,0.0,,Ever Bounced,False,0.75,High
PR01172055,90.0,3  Above,125172,1007014,SBL,Ever Bounce,True,0,0,0.0,0.0,0.0,,Ever Bounced,False,0.75,High
PR01172166,90.0,3  Above,216900,183605,ME,Ever Bounce,True,0,0,0.0,0.0,0.0,,Ever Bounced,False,0.752,High
PR01172464,90.0,3  Above,355498,1494333,ME,Ever Bounce,True,0,0,0.0,0.0,0.0,,Ever Bounced,False,0.757,High
PR01717954,90.0,3  Above,53008,329190,ME,Ever Bounce,True,0,0,0.0,0.0,0.0,,Ever Bounced,False,0.75,High
PR01981213,75.0,3,99288,1678248,ME,Ever Bounce,True,0,0,0.0,0.0,0.0,,Ever Bounced,False,0.719,High
PR01172646,90.0,3  Above,115430,380986,Micro Loan,Ever Bounce,True,0,0,0.0,0.0,0.0,,Ever Bounced,False,0.75,High
PR01172658,90.0,3  Above,134512,592779,SBL,Ever Bounce,True,0,0,0.0,0.0,0.0,,Ever Bounced,False,0.75,High
PR01173079,75.0,3,79948,980603,SBL,Ever Bounce,True,0,0,0.0,0.0,0.0,,Ever Bounced,False,0.717,High
PR01174129,90.0,3  Above,94332,872811,Co-Lending,Ever Bounce,True,0,0,0.0,0.0,0.0,,Ever Bounced,False,0.75,High
PR01205198,90.0,3  Above,115920,560774,Co-Lending,Ever Bounce,True,0,0,0.0,0.0,0.0,,Ever Bounced,False,0.75,High
PR01527726,90.0,3  Above,31977,625198,Co-Lending,Ever Bounce,True,0,0,0.0,0.0,0.0,,Ever Bounced,False,0.75,High
PR01896863,90.0,3  Above,72175,623491,SBL,Ever Bounce,True,0,0,0.0,0.0,0.0,,Ever Bounced,False,0.75,High
PR01178373,90.0,3  Above,142296,560805,Home Loan,Ever Bounce,True,0,0,0.0,0.0,0.0,,Ever Bounced,False,0.75,High
PR01180959,90.0,3  Above,217932,1259418,Co-Lending,Ever Bounce,True,0,0,0.0,0.0,0.0,,Ever Bounced,False,0.752,High
PR01200279,90.0,3  Above,117030,867669,Co-Lending,Ever Bounce,True,0,0,0.0,0.0,0.0,,Ever Bounced,False,0.75,High
PR01183402,90.0,3  Above,64925,410177,Micro Loan,Ever Bounce,True,0,0,0.0,0.0,0.0,,Ever Bounced,False,0.75,High
PR01656762,90.0,3  Above,144344,994852,SBL,Ever Bounce,True,0,0,0.0,0.0,0.0,,Ever Bounced,False,0.75,High
PR01184196,90.0,3  Above,256529,467007,Micro Loan,Ever Bounce,True,0,0,0.0,0.0,0.0,,Ever Bounced,False,0.754,High
PR01185141,90.0,3  Above,88291,615595,SBL,Ever Bounce,True,0,0,0.0,0.0,0.0,,Ever Bounced,False,0.75,High
PR02045691,90.0,3  Above,50911,150000,ME,Ever Bounce,True,0,0,0.0,0.0,0.0,,Ever Bounced,False,0.75,High
PR01185277,75.0,3,56224,445766,Micro Loan,Ever Bounce,True,0,0,0.0,0.0,0.0,,Ever Bounced,False,0.713,High
PR01186026,90.0,3  Above,792509,2287474,ME,Ever Bounce,True,0,0,0.0,0.0,0.0,,Ever Bounced,False,0.766,High
PR01186128,90.0,3  Above,96192,392984,Micro Loan,Ever Bounce,True,0,0,0.0,0.0,0.0,,Ever Bounced,False,0.75,High
PR01186248,90.0,3  Above,94598,659563,SBL,Ever Bounce,True,0,0,0.0,0.0,0.0,,Ever Bounced,False,0.75,High
PR01432513,90.0,3  Above,44225,425749,ME,Ever Bounce,True,0,0,0.0,0.0,0.0,,Ever Bounced,False,0.75,High
PR01186808,90.0,3  Above,381862,1916783,Co-Lending,Ever Bounce,True,0,0,0.0,0.0,0.0,,Ever Bounced,False,0.758,High
PR01186837,90.0,3  Above,105232,645168,SBL,Ever Bounce,True,0,0,0.0,0.0,0.0,,Ever Bounced,False,0.75,High
PR01186921,90.0,3  Above,127168,341967,Micro Loan,Ever Bounce,True,0,0,0.0,0.0,0.0,,Ever Bounced,False,0.75,High
PR01187242,90.0,3  Above,146564,475107,Micro Loan,Ever Bounce,True,0,0,0.0,0.0,0.0,,Ever Bounced,False,0.75,High
PR01187329,90.0,3  Above,69520,690451,SBL,Ever Bounce,True,0,0,0.0,0.0,0.0,,Ever Bounced,False,0.75,High
PR01187540,90.0,3  Above,129732,104933,SBL,Ever Bounce,True,0,0,0.0,0.0,0.0,,Ever Bounced,False,0.75,High
PR01187571,75.0,3,60108,722129,SBL,Ever Bounce,True,0,0,0.0,0.0,0.0,,Ever Bounced,False,0.714,High
PR01368597,75.0,3,37336,450548,ME,Ever Bounce,True,0,0,0.0,0.0,0.0,,Ever Bounced,False,0.709,High
PR01187591,75.0,3,69520,858266,SBL,Ever Bounce,True,0,0,0.0,0.0,0.0,,Ever Bounced,False,0.715,High
PR01633701,90.0,3  Above,144455,1541681,ME,Ever Bounce,True,0,0,0.0,0.0,0.0,,Ever Bounced,False,0.75,High
PR01665970,45.0,2,15297,270125,ME,Ever Bounce,True,0,0,0.0,0.0,0.0,,Ever Bounced,False,0.7,High
PR01187653,90.0,3  Above,94640,496636,SBL,Ever Bounce,True,0,0,0.0,0.0,0.0,,Ever Bounced,False,0.75,High
PR01243838,90.0,3  Above,80658,468088,ME,Ever Bounce,True,0,0,0.0,0.0,0.0,,Ever Bounced,False,0.75,High
PR01187756,75.0,3,55788,435232,Micro Loan,Ever Bounce,True,0,0,0.0,0.0,0.0,,Ever Bounced,False,0.713,High
PR01188312,90.0,3  Above,108565,745707,SBL,Ever Bounce,True,0,0,0.0,0.0,0.0,,Ever Bounced,False,0.75,High
PR01188353,90.0,3  Above,96192,392984,Micro Loan,Ever Bounce,True,0,0,0.0,0.0,0.0,,Ever Bounced,False,0.75,High
PR01188410,90.0,3  Above,129064,862892,ME,Ever Bounce,True,0,0,0.0,0.0,0.0,,Ever Bounced,False,0.75,High
PR01398750,90.0,3  Above,108312,711019,ME,Ever Bounce,True,0,0,0.0,0.0,0.0,,Ever Bounced,False,0.75,High
PR01188438,90.0,3  Above,207720,1346361,ME,Ever Bounce,True,0,0,0.0,0.0,0.0,,Ever Bounced,False,0.752,High
PR01374254,90.0,3  Above,112160,705885,ME,Ever Bounce,True,0,0,0.0,0.0,0.0,,Ever Bounced,False,0.75,High
PR01188453,90.0,3  Above,185055,714417,ME,Ever Bounce,True,0,0,0.0,0.0,0.0,,Ever Bounced,False,0.75,High
PR01239832,90.0,3  Above,96044,370983,ME,Ever Bounce,True,0,0,0.0,0.0,0.0,,Ever Bounced,False,0.75,High
PR01188475,90.0,3  Above,144288,409480,Micro Loan,Ever Bounce,True,0,0,0.0,0.0,0.0,,Ever Bounced,False,0.75,High
PR01353873,90.0,3  Above,273294,3377018,Co-Lending,Ever Bounce,True,0,0,0.0,0.0,0.0,,Ever Bounced,False,0.754,High
PR01390097,90.0,3  Above,607312,2911637,Co-Lending,Ever Bounce,True,0,0,0.0,0.0,0.0,,Ever Bounced,False,0.763,High
PR01188928,90.0,3  Above,157808,704919,SBL,Ever Bounce,True,0,0,0.0,0.0,0.0,,Ever Bounced,False,0.75,High
PR01188999,90.0,3  Above,162170,803150,SBL,Ever Bounce,True,0,0,0.0,0.0,0.0,,Ever Bounced,False,0.75,High
PR01189118,90.0,3  Above,140950,310438,Micro Loan,Ever Bounce,True,0,0,0.0,0.0,0.0,,Ever Bounced,False,0.75,High
PR01189184,90.0,3  Above,199584,384701,Micro Loan,Ever Bounce,True,0,0,0.0,0.0,0.0,,Ever Bounced,False,0.751,High
PR01434358,90.0,3  Above,49330,139221,Micro Loan,Ever Bounce,True,0,0,0.0,0.0,0.0,,Ever Bounced,False,0.75,High
PR01189233,75.0,3,47304,309841,Micro Loan,Ever Bounce,True,0,0,0.0,0.0,0.0,,Ever Bounced,False,0.711,High
PR01189237,90.0,3  Above,121429,506115,ME,Ever Bounce,True,0,0,0.0,0.0,0.0,,Ever Bounced,False,0.75,High
PR01189328,90.0,3  Above,259464,1080888,SBL,Ever Bounce,True,0,0,0.0,0.0,0.0,,Ever Bounced,False,0.754,High
PR01189334,90.0,3  Above,262368,590924,Micro Loan,Ever Bounce,True,0,0,0.0,0.0,0.0,,Ever Bounced,False,0.754,High
PR01189473,90.0,3  Above,301524,1332825,SBL,Ever Bounce,True,0,0,0.0,0.0,0.0,,Ever Bounced,False,0.756,High
PR01189476,90.0,3  Above,107190,622251,SBL,Ever Bounce,True,0,0,0.0,0.0,0.0,,Ever Bounced,False,0.75,High
PR01189619,90.0,3  Above,86568,353716,Micro Loan,Ever Bounce,True,0,0,0.0,0.0,0.0,,Ever Bounced,False,0.75,High
PR01189879,90.0,3  Above,310530,1731224,ME,Ever Bounce,True,0,0,0.0,0.0,0.0,,Ever Bounced,False,0.756,High
PR01189910,90.0,3  Above,126855,120969,Micro Loan,Ever Bounce,True,0,0,0.0,0.0,0.0,,Ever Bounced,False,0.75,High
PR01190136,90.0,3  Above,96192,392706,Micro Loan,Ever Bounce,True,0,0,0.0,0.0,0.0,,Ever Bounced,False,0.75,High
PR01190156,90.0,3  Above,212964,969868,ME,Ever Bounce,True,0,0,0.0,0.0,0.0,,Ever Bounced,False,0.752,High
PR01190300,90.0,3  Above,128240,896867,SBL,Ever Bounce,True,0,0,0.0,0.0,0.0,,Ever Bounced,False,0.75,High
PR01433919,90.0,3  Above,103920,787869,ME,Ever Bounce,True,0,0,0.0,0.0,0.0,,Ever Bounced,False,0.75,High
PR01190332,90.0,3  Above,97208,563774,SBL,Ever Bounce,True,0,0,0.0,0.0,0.0,,Ever Bounced,False,0.75,High
PR01190369,90.0,3  Above,80004,684132,SBL,Ever Bounce,True,0,0,0.0,0.0,0.0,,Ever Bounced,False,0.75,High
PR01259918,90.0,3  Above,15410,158151,SBL,Ever Bounce,True,0,0,0.0,0.0,0.0,,Ever Bounced,False,0.75,High
PR01190492,90.0,3  Above,141471,658912,SBL,Ever Bounce,True,0,0,0.0,0.0,0.0,,Ever Bounced,False,0.75,High
PR01190516,75.0,3,35492,311204,SBL,Ever Bounce,True,0,0,0.0,0.0,0.0,,Ever Bounced,False,0.708,High
PR01207259,75.0,3,50912,453310,SBL,Ever Bounce,True,0,0,0.0,0.0,0.0,,Ever Bounced,False,0.712,High
PR01318512,75.0,3,78808,730900,ME,Ever Bounce,True,0,0,0.0,0.0,0.0,,Ever Bounced,False,0.717,High
PR01387712,75.0,3,52392,717848,ME,Ever Bounce,True,0,0,0.0,0.0,0.0,,Ever Bounced,False,0.712,High
PR01190517,90.0,3  Above,100904,618322,SBL,Ever Bounce,True,0,0,0.0,0.0,0.0,,Ever Bounced,False,0.75,High
PR01190562,90.0,3  Above,131285,348705,Micro Loan,Ever Bounce,True,0,0,0.0,0.0,0.0,,Ever Bounced,False,0.75,High
PR01201798,90.0,3  Above,90095,875647,SBL,Ever Bounce,True,0,0,0.0,0.0,0.0,,Ever Bounced,False,0.75,High
PR01203452,90.0,3  Above,158708,491844,Micro Loan,Ever Bounce,True,0,0,0.0,0.0,0.0,,Ever Bounced,False,0.75,High
PR01204193,75.0,3,100904,1218870,SBL,Ever Bounce,True,0,0,0.0,0.0,0.0,,Ever Bounced,False,0.719,High
PR01204317,75.0,3,75664,650264,SBL,Ever Bounce,True,0,0,0.0,0.0,0.0,,Ever Bounced,False,0.716,High
PR01204371,90.0,3  Above,115317,552756,SBL,Ever Bounce,True,0,0,0.0,0.0,0.0,,Ever Bounced,False,0.75,High
PR01502568,90.0,3  Above,38439,191303,ME,Ever Bounce,True,0,0,0.0,0.0,0.0,,Ever Bounced,False,0.75,High
PR01204374,90.0,3  Above,108112,666236,SBL,Ever Bounce,True,0,0,0.0,0.0,0.0,,Ever Bounced,False,0.75,High
PR01204375,90.0,3  Above,324330,1100174,SBL,Ever Bounce,True,0,0,0.0,0.0,0.0,,Ever Bounced,False,0.756,High
PR01204390,90.0,3  Above,233823,940060,SBL,Ever Bounce,True,0,0,0.0,0.0,0.0,,Ever Bounced,False,0.753,High
PR01204637,90.0,3  Above,194598,1071107,SBL,Ever Bounce,True,0,0,0.0,0.0,0.0,,Ever Bounced,False,0.751,High
PR01205151,90.0,3  Above,381440,1316300,ME,Ever Bounce,True,0,0,0.0,0.0,0.0,,Ever Bounced,False,0.758,High
PR01405404,90.0,3  Above,216896,741497,ME,Ever Bounce,True,0,0,0.0,0.0,0.0,,Ever Bounced,False,0.752,High
PR01205155,75.0,3,83424,1035893,SBL,Ever Bounce,True,0,0,0.0,0.0,0.0,,Ever Bounced,False,0.717,High
PR01407229,75.0,3,33504,447298,ME,Ever Bounce,True,0,0,0.0,0.0,0.0,,Ever Bounced,False,0.708,High
PR01205166,75.0,3,44976,361227,Micro Loan,Ever Bounce,True,0,0,0.0,0.0,0.0,,Ever Bounced,False,0.711,High
PR01205188,75.0,3,43244,522380,SBL,Ever Bounce,True,0,0,0.0,0.0,0.0,,Ever Bounced,False,0.71,High
PR01205205,75.0,3,67332,531831,Micro Loan,Ever Bounce,True,0,0,0.0,0.0,0.0,,Ever Bounced,False,0.715,High
PR01205481,90.0,3  Above,94045,590796,SBL,Ever Bounce,True,0,0,0.0,0.0,0.0,,Ever Bounced,False,0.75,High
PR01205761,90.0,3  Above,142920,646472,SBL,Ever Bounce,True,0,0,0.0,0.0,0.0,,Ever Bounced,False,0.75,High
PR01205801,90.0,3  Above,425601,684730,SBL,Ever Bounce,True,0,0,0.0,0.0,0.0,,Ever Bounced,False,0.759,High
PR01205817,90.0,3  Above,84070,585806,SBL,Ever Bounce,True,0,0,0.0,0.0,0.0,,Ever Bounced,False,0.75,High
PR01205925,90.0,3  Above,66620,448277,Micro Loan,Ever Bounce,True,0,0,0.0,0.0,0.0,,Ever Bounced,False,0.75,High
PR01205949,90.0,3  Above,324330,1003939,SBL,Ever Bounce,True,0,0,0.0,0.0,0.0,,Ever Bounced,False,0.756,High
PR01205994,90.0,3  Above,191048,1011354,ME,Ever Bounce,True,0,0,0.0,0.0,0.0,,Ever Bounced,False,0.751,High
PR01206023,90.0,3  Above,84570,286022,Micro Loan,Ever Bounce,True,0,0,0.0,0.0,0.0,,Ever Bounced,False,0.75,High
PR01408281,75.0,3,41196,397066,ME,Ever Bounce,True,0,0,0.0,0.0,0.0,,Ever Bounced,False,0.71,High
PR01432012,75.0,3,76128,1427867,Co-Lending,Ever Bounce,True,0,0,0.0,0.0,0.0,,Ever Bounced,False,0.716,High
PR01206034,75.0,3,84072,722504,SBL,Ever Bounce,True,0,0,0.0,0.0,0.0,,Ever Bounced,False,0.717,High
PR01206058,75.0,3,64868,783544,SBL,Ever Bounce,True,0,0,0.0,0.0,0.0,,Ever Bounced,False,0.715,High
PR01206105,90.0,3  Above,27027,433028,ME,Ever Bounce,True,0,0,0.0,0.0,0.0,,Ever Bounced,False,0.75,High
PR01241726,90.0,3  Above,27027,428659,ME,Ever Bounce,True,0,0,0.0,0.0,0.0,,Ever Bounced,False,0.75,High
PR01206158,90.0,3  Above,108110,1050193,SBL,Ever Bounce,True,0,0,0.0,0.0,0.0,,Ever Bounced,False,0.75,High
PR01206291,90.0,3  Above,144152,888302,SBL,Ever Bounce,True,0,0,0.0,0.0,0.0,,Ever Bounced,False,0.75,High
PR01410894,90.0,3  Above,112470,1714972,Co-Lending,Ever Bounce,True,0,0,0.0,0.0,0.0,,Ever Bounced,False,0.75,High
PR01719718,90.0,3  Above,29215,436305,Co-Lending,Ever Bounce,True,0,0,0.0,0.0,0.0,,Ever Bounced,False,0.75,High
PR01206718,75.0,3,83424,1035893,SBL,Ever Bounce,True,0,0,0.0,0.0,0.0,,Ever Bounced,False,0.717,High
PR01206923,90.0,3  Above,292237,1014984,SBL,Ever Bounce,True,0,0,0.0,0.0,0.0,,Ever Bounced,False,0.755,High
PR01207024,90.0,3  Above,275400,642951,Co-Lending,Ever Bounce,True,0,0,0.0,0.0,0.0,,Ever Bounced,False,0.755,High
PR01275536,90.0,3  Above,190550,434906,Co-Lending,Ever Bounce,True,0,0,0.0,0.0,0.0,,Ever Bounced,False,0.751,High
PR01207055,90.0,3  Above,310704,1779068,ME,Ever Bounce,True,0,0,0.0,0.0,0.0,,Ever Bounced,False,0.756,High
PR01207056,90.0,3  Above,235662,589608,Micro Loan,Ever Bounce,True,0,0,0.0,0.0,0.0,,Ever Bounced,False,0.753,High
PR01207152,90.0,3  Above,78210,781170,SBL,Ever Bounce,True,0,0,0.0,0.0,0.0,,Ever Bounced,False,0.75,High
PR01207276,90.0,3  Above,102984,525571,SBL,Ever Bounce,True,0,0,0.0,0.0,0.0,,Ever Bounced,False,0.75,High
PR01207356,90.0,3  Above,367574,1109285,SBL,Ever Bounce,True,0,0,0.0,0.0,0.0,,Ever Bounced,False,0.758,High
PR01409608,90.0,3  Above,177130,1896672,Co-Lending,Ever Bounce,True,0,0,0.0,0.0,0.0,,Ever Bounced,False,0.75,High
PR01631191,90.0,3  Above,44961,482619,Co-Lending,Ever Bounce,True,0,0,0.0,0.0,0.0,,Ever Bounced,False,0.75,High
PR01207524,90.0,3  Above,87535,408531,Micro Loan,Ever Bounce,True,0,0,0.0,0.0,0.0,,Ever Bounced,False,0.75,High
PR01403272,90.0,3  Above,156420,833673,ME,Ever Bounce,True,0,0,0.0,0.0,0.0,,Ever Bounced,False,0.75,High
PR01207709,75.0,3,62676,538644,SBL,Ever Bounce,True,0,0,0.0,0.0,0.0,,Ever Bounced,False,0.714,High
PR01333638,90.0,3  Above,152944,730680,ME,Ever Bounce,True,0,0,0.0,0.0,0.0,,Ever Bounced,False,0.75,High
PR01692728,90.0,3  Above,354398,2412139,Co-Lending,Ever Bounce,True,0,0,0.0,0.0,0.0,,Ever Bounced,False,0.757,High
PR01208085,90.0,3  Above,115320,710649,SBL,Ever Bounce,True,0,0,0.0,0.0,0.0,,Ever Bounced,False,0.75,High
PR01208124,90.0,3  Above,54351,338743,ME,Ever Bounce,True,0,0,0.0,0.0,0.0,,Ever Bounced,False,0.75,High
PR01259052,90.0,3  Above,68816,425689,ME,Ever Bounce,True,0,0,0.0,0.0,0.0,,Ever Bounced,False,0.75,High
PR01208128,90.0,3  Above,288304,920673,ME,Ever Bounce,True,0,0,0.0,0.0,0.0,,Ever Bounced,False,0.755,High
PR01387728,90.0,3  Above,135024,1236299,Co-Lending,Ever Bounce,True,0,0,0.0,0.0,0.0,,Ever Bounced,False,0.75,High
PR01740675,90.0,3  Above,42616,381067,Co-Lending,Ever Bounce,True,0,0,0.0,0.0,0.0,,Ever Bounced,False,0.75,High
PR01208201,90.0,3  Above,55278,475462,Home Loan,Ever Bounce,True,0,0,0.0,0.0,0.0,,Ever Bounced,False,0.75,High
PR01314973,90.0,3  Above,33000,344722,Home Loan,Ever Bounce,True,0,0,0.0,0.0,0.0,,Ever Bounced,False,0.75,High
PR01208273,90.0,3  Above,63035,385670,Micro Loan,Ever Bounce,True,0,0,0.0,0.0,0.0,,Ever Bounced,False,0.75,High
PR01208304,90.0,3  Above,178387,810401,SBL,Ever Bounce,True,0,0,0.0,0.0,0.0,,Ever Bounced,False,0.75,High
PR01208380,90.0,3  Above,86900,867490,SBL,Ever Bounce,True,0,0,0.0,0.0,0.0,,Ever Bounced,False,0.75,High
PR01208393,90.0,3  Above,65335,617466,SBL,Ever Bounce,True,0,0,0.0,0.0,0.0,,Ever Bounced,False,0.75,High
PR01208409,90.0,3  Above,170244,692734,SBL,Ever Bounce,True,0,0,0.0,0.0,0.0,,Ever Bounced,False,0.75,High
PR01208442,90.0,3  Above,151326,615404,SBL,Ever Bounce,True,0,0,0.0,0.0,0.0,,Ever Bounced,False,0.75,High
PR01208488,90.0,3  Above,315090,959760,ME,Ever Bounce,True,0,0,0.0,0.0,0.0,,Ever Bounced,False,0.756,High
PR01296269,90.0,3  Above,186524,606954,ME,Ever Bounce,True,0,0,0.0,0.0,0.0,,Ever Bounced,False,0.751,High
PR01208490,90.0,3  Above,110472,299476,Micro Loan,Ever Bounce,True,0,0,0.0,0.0,0.0,,Ever Bounced,False,0.75,High
PR01389395,90.0,3  Above,65392,332388,ME,Ever Bounce,True,0,0,0.0,0.0,0.0,,Ever Bounced,False,0.75,High
PR01208576,90.0,3  Above,189162,760562,SBL,Ever Bounce,True,0,0,0.0,0.0,0.0,,Ever Bounced,False,0.751,High
PR01208580,45.0,2,65010,1131846,ME,Ever Bounce,True,0,0,0.0,0.0,0.0,,Ever Bounced,False,0.7,High
PR01579682,90.0,3  Above,83090,954966,ME,Ever Bounce,True,0,0,0.0,0.0,0.0,,Ever Bounced,False,0.75,High
PR01208586,90.0,3  Above,147580,507112,Micro Loan,Ever Bounce,True,0,0,0.0,0.0,0.0,,Ever Bounced,False,0.75,High
PR01208612,90.0,3  Above,77720,523030,Micro Loan,Ever Bounce,True,0,0,0.0,0.0,0.0,,Ever Bounced,False,0.75,High
PR01208630,90.0,3  Above,238952,515455,Micro Loan,Ever Bounce,True,0,0,0.0,0.0,0.0,,Ever Bounced,False,0.753,High
PR01208666,90.0,3  Above,140950,318398,Micro Loan,Ever Bounce,True,0,0,0.0,0.0,0.0,,Ever Bounced,False,0.75,High
PR01208756,90.0,3  Above,52140,520781,SBL,Ever Bounce,True,0,0,0.0,0.0,0.0,,Ever Bounced,False,0.75,High
PR01356580,90.0,3  Above,38236,184409,ME,Ever Bounce,True,0,0,0.0,0.0,0.0,,Ever Bounced,False,0.75,High
PR01427547,90.0,3  Above,62505,932348,Co-Lending,Ever Bounce,True,0,0,0.0,0.0,0.0,,Ever Bounced,False,0.75,High
PR01432675,90.0,3  Above,335604,2033680,Co-Lending,Ever Bounce,True,0,0,0.0,0.0,0.0,,Ever Bounced,False,0.757,High
PR01222220,90.0,3  Above,138288,609437,SBL,Ever Bounce,True,0,0,0.0,0.0,0.0,,Ever Bounced,False,0.75,High
PR01222985,90.0,3  Above,145026,845939,SBL,Ever Bounce,True,0,0,0.0,0.0,0.0,,Ever Bounced,False,0.75,High
PR01524962,90.0,3  Above,41616,286713,ME,Ever Bounce,True,0,0,0.0,0.0,0.0,,Ever Bounced,False,0.75,High
PR01223554,90.0,3  Above,239535,579774,SBL,Ever Bounce,True,0,0,0.0,0.0,0.0,,Ever Bounced,False,0.753,High
PR01223578,90.0,3  Above,120240,402270,Micro Loan,Ever Bounce,True,0,0,0.0,0.0,0.0,,Ever Bounced,False,0.75,High
PR01223592,75.0,3,49608,529399,SBL,Ever Bounce,True,0,0,0.0,0.0,0.0,,Ever Bounced,False,0.712,High
PR01223608,90.0,3  Above,117831,544731,Micro Loan,Ever Bounce,True,0,0,0.0,0.0,0.0,,Ever Bounced,False,0.75,High
PR01223609,90.0,3  Above,161249,340244,Micro Loan,Ever Bounce,True,0,0,0.0,0.0,0.0,,Ever Bounced,False,0.75,High
PR01223661,90.0,3  Above,252210,655274,SBL,Ever Bounce,True,0,0,0.0,0.0,0.0,,Ever Bounced,False,0.754,High
PR01223713,90.0,3  Above,656656,1338173,SBL,Ever Bounce,True,0,0,0.0,0.0,0.0,,Ever Bounced,False,0.764,High
PR01478743,90.0,3  Above,140714,1101453,Co-Lending,Ever Bounce,True,0,0,0.0,0.0,0.0,,Ever Bounced,False,0.75,High
PR01223734,90.0,3  Above,48096,375114,Micro Loan,Ever Bounce,True,0,0,0.0,0.0,0.0,,Ever Bounced,False,0.75,High
PR01223746,90.0,3  Above,280856,1074224,ME,Ever Bounce,True,0,0,0.0,0.0,0.0,,Ever Bounced,False,0.755,High
PR01223771,90.0,3  Above,62466,222803,SBL,Ever Bounce,True,0,0,0.0,0.0,0.0,,Ever Bounced,False,0.75,High
PR01675320,90.0,3  Above,26988,194100,SBL,Ever Bounce,True,0,0,0.0,0.0,0.0,,Ever Bounced,False,0.75,High
PR01223779,90.0,3  Above,151356,1214338,SBL,Ever Bounce,True,0,0,0.0,0.0,0.0,,Ever Bounced,False,0.75,High
PR01223855,90.0,3  Above,97328,692800,SBL,Ever Bounce,True,0,0,0.0,0.0,0.0,,Ever Bounced,False,0.75,High
PR01337752,90.0,3  Above,125136,809853,ME,Ever Bounce,True,0,0,0.0,0.0,0.0,,Ever Bounced,False,0.75,High
PR01223873,90.0,3  Above,114786,540321,SBL,Ever Bounce,True,0,0,0.0,0.0,0.0,,Ever Bounced,False,0.75,High
PR01223878,90.0,3  Above,144150,709344,ME,Ever Bounce,True,0,0,0.0,0.0,0.0,,Ever Bounced,False,0.75,High
PR01259139,90.0,3  Above,70270,349414,ME,Ever Bounce,True,0,0,0.0,0.0,0.0,,Ever Bounced,False,0.75,High
PR01223880,90.0,3  Above,281900,391284,Micro Loan,Ever Bounce,True,0,0,0.0,0.0,0.0,,Ever Bounced,False,0.755,High
PR01223921,90.0,3  Above,110341,559106,SBL,Ever Bounce,True,0,0,0.0,0.0,0.0,,Ever Bounced,False,0.75,High
PR01224219,75.0,3,67256,572410,SBL,Ever Bounce,True,0,0,0.0,0.0,0.0,,Ever Bounced,False,0.715,High
PR01224310,90.0,3  Above,223910,1101852,SBL,Ever Bounce,True,0,0,0.0,0.0,0.0,,Ever Bounced,False,0.752,High
PR01224420,90.0,3  Above,103425,715311,SBL,Ever Bounce,True,0,0,0.0,0.0,0.0,,Ever Bounced,False,0.75,High
PR01224623,90.0,3  Above,262171,1105198,ME,Ever Bounce,True,0,0,0.0,0.0,0.0,,Ever Bounced,False,0.754,High
PR01224674,90.0,3  Above,76116,257843,Micro Loan,Ever Bounce,True,0,0,0.0,0.0,0.0,,Ever Bounced,False,0.75,High
PR01224680,90.0,3  Above,108216,397956,SBL,Ever Bounce,True,0,0,0.0,0.0,0.0,,Ever Bounced,False,0.75,High
PR01224759,90.0,3  Above,151354,1046803,SBL,Ever Bounce,True,0,0,0.0,0.0,0.0,,Ever Bounced,False,0.75,High
PR01224803,90.0,3  Above,100904,614024,SBL,Ever Bounce,True,0,0,0.0,0.0,0.0,,Ever Bounced,False,0.75,High
PR01224909,75.0,3,62280,530018,SBL,Ever Bounce,True,0,0,0.0,0.0,0.0,,Ever Bounced,False,0.714,High
PR01405324,90.0,3  Above,692200,2167977,Co-Lending,Ever Bounce,True,0,0,0.0,0.0,0.0,,Ever Bounced,False,0.764,High
PR01225084,90.0,3  Above,175908,348229,Micro Loan,Ever Bounce,True,0,0,0.0,0.0,0.0,,Ever Bounced,False,0.75,High
PR01225229,90.0,3  Above,84165,531824,Micro Loan,Ever Bounce,True,0,0,0.0,0.0,0.0,,Ever Bounced,False,0.75,High
PR01628164,90.0,3  Above,48095,363842,ME,Ever Bounce,True,0,0,0.0,0.0,0.0,,Ever Bounced,False,0.75,High
PR01225246,90.0,3  Above,122320,1451840,ME,Ever Bounce,True,0,0,0.0,0.0,0.0,,Ever Bounced,False,0.75,High
PR01225992,90.0,3  Above,143950,649967,SBL,Ever Bounce,True,0,0,0.0,0.0,0.0,,Ever Bounced,False,0.75,High
PR01226044,90.0,3  Above,201992,502501,Micro Loan,Ever Bounce,True,0,0,0.0,0.0,0.0,,Ever Bounced,False,0.751,High
PR01245301,90.0,3  Above,178750,832631,ME,Ever Bounce,True,0,0,0.0,0.0,0.0,,Ever Bounced,False,0.75,High
PR01226064,75.0,3,100508,1265073,SBL,Ever Bounce,True,0,0,0.0,0.0,0.0,,Ever Bounced,False,0.719,High
PR01226134,90.0,3  Above,70090,936285,ME,Ever Bounce,True,0,0,0.0,0.0,0.0,,Ever Bounced,False,0.75,High
PR01226179,90.0,3  Above,459800,1370025,Co-Lending,Ever Bounce,True,0,0,0.0,0.0,0.0,,Ever Bounced,False,0.76,High
PR01226269,90.0,3  Above,84570,286515,Micro Loan,Ever Bounce,True,0,0,0.0,0.0,0.0,,Ever Bounced,False,0.75,High
PR01226361,90.0,3  Above,129852,477580,Micro Loan,Ever Bounce,True,0,0,0.0,0.0,0.0,,Ever Bounced,False,0.75,High
PR01226449,75.0,3,137052,1725042,ME,Ever Bounce,True,0,0,0.0,0.0,0.0,,Ever Bounced,False,0.722,High
PR01226462,45.0,2,21705,520194,Co-Lending,Ever Bounce,True,0,0,0.0,0.0,0.0,,Ever Bounced,False,0.7,High
PR01253999,75.0,3,44185,851960,Co-Lending,Ever Bounce,True,0,0,0.0,0.0,0.0,,Ever Bounced,False,0.711,High
PR01226486,90.0,3  Above,117603,621394,SBL,Ever Bounce,True,0,0,0.0,0.0,0.0,,Ever Bounced,False,0.75,High
PR01226496,90.0,3  Above,151326,611760,SBL,Ever Bounce,True,0,0,0.0,0.0,0.0,,Ever Bounced,False,0.75,High
PR01226511,75.0,3,62176,510839,SBL,Ever Bounce,True,0,0,0.0,0.0,0.0,,Ever Bounced,False,0.714,High
PR01226639,90.0,3  Above,72140,455870,Micro Loan,Ever Bounce,True,0,0,0.0,0.0,0.0,,Ever Bounced,False,0.75,High
PR01226684,90.0,3  Above,66856,373808,Micro Loan,Ever Bounce,True,0,0,0.0,0.0,0.0,,Ever Bounced,False,0.75,High
PR01242884,90.0,3  Above,45104,253383,ME,Ever Bounce,True,0,0,0.0,0.0,0.0,,Ever Bounced,False,0.75,High
PR01226771,90.0,3  Above,64926,346086,Micro Loan,Ever Bounce,True,0,0,0.0,0.0,0.0,,Ever Bounced,False,0.75,High
PR01226987,90.0,3  Above,398502,1679098,Co-Lending,Ever Bounce,True,0,0,0.0,0.0,0.0,,Ever Bounced,False,0.758,High
PR01227012,90.0,3  Above,70860,1042560,ME,Ever Bounce,True,0,0,0.0,0.0,0.0,,Ever Bounced,False,0.75,High
PR01227285,75.0,3,69144,578158,SBL,Ever Bounce,True,0,0,0.0,0.0,0.0,,Ever Bounced,False,0.715,High
PR01239006,90.0,3  Above,144328,1216522,ME,Ever Bounce,True,0,0,0.0,0.0,0.0,,Ever Bounced,False,0.75,High
PR01272106,90.0,3  Above,57216,484478,ME,Ever Bounce,True,0,0,0.0,0.0,0.0,,Ever Bounced,False,0.75,High
PR01239520,90.0,3  Above,345952,1101397,SBL,Ever Bounce,True,0,0,0.0,0.0,0.0,,Ever Bounced,False,0.757,High
PR01239906,90.0,3  Above,119916,471975,SBL,Ever Bounce,True,0,0,0.0,0.0,0.0,,Ever Bounced,False,0.75,High
PR01240418,90.0,3  Above,132264,410656,Micro Loan,Ever Bounce,True,0,0,0.0,0.0,0.0,,Ever Bounced,False,0.75,High
PR01240477,90.0,3  Above,99320,607673,SBL,Ever Bounce,True,0,0,0.0,0.0,0.0,,Ever Bounced,False,0.75,High
PR01278932,90.0,3  Above,80576,498270,SBL,Ever Bounce,True,0,0,0.0,0.0,0.0,,Ever Bounced,False,0.75,High
PR01240765,90.0,3  Above,155045,334842,Micro Loan,Ever Bounce,True,0,0,0.0,0.0,0.0,,Ever Bounced,False,0.75,High
PR01241484,90.0,3  Above,173136,497704,Micro Loan,Ever Bounce,True,0,0,0.0,0.0,0.0,,Ever Bounced,False,0.75,High
PR01241978,90.0,3  Above,172976,1058381,SBL,Ever Bounce,True,0,0,0.0,0.0,0.0,,Ever Bounced,False,0.75,High
PR01242005,75.0,3,57660,689896,SBL,Ever Bounce,True,0,0,0.0,0.0,0.0,,Ever Bounced,False,0.713,High
PR01242132,90.0,3  Above,151326,894565,SBL,Ever Bounce,True,0,0,0.0,0.0,0.0,,Ever Bounced,False,0.75,High
PR01242172,75.0,3,54748,447878,Micro Loan,Ever Bounce,True,0,0,0.0,0.0,0.0,,Ever Bounced,False,0.713,High
PR01242294,90.0,3  Above,134664,557157,Micro Loan,Ever Bounce,True,0,0,0.0,0.0,0.0,,Ever Bounced,False,0.75,High
PR01242604,90.0,3  Above,162171,354668,SBL,Ever Bounce,True,0,0,0.0,0.0,0.0,,Ever Bounced,False,0.75,High
PR01243012,90.0,3  Above,252216,801486,SBL,Ever Bounce,True,0,0,0.0,0.0,0.0,,Ever Bounced,False,0.754,High
PR01243017,75.0,3,65592,527218,Micro Loan,Ever Bounce,True,0,0,0.0,0.0,0.0,,Ever Bounced,False,0.715,High
PR01243053,90.0,3  Above,105668,1126894,Co-Lending,Ever Bounce,True,0,0,0.0,0.0,0.0,,Ever Bounced,False,0.75,High
PR01243508,90.0,3  Above,102080,422314,Micro Loan,Ever Bounce,True,0,0,0.0,0.0,0.0,,Ever Bounced,False,0.75,High
PR01243738,90.0,3  Above,50022,256752,Micro Loan,Ever Bounce,True,0,0,0.0,0.0,0.0,,Ever Bounced,False,0.75,High
PR01244042,90.0,3  Above,63060,310663,ME,Ever Bounce,True,0,0,0.0,0.0,0.0,,Ever Bounced,False,0.75,High
PR01297676,90.0,3  Above,99100,497689,ME,Ever Bounce,True,0,0,0.0,0.0,0.0,,Ever Bounced,False,0.75,High
PR01244055,90.0,3  Above,194598,1064042,SBL,Ever Bounce,True,0,0,0.0,0.0,0.0,,Ever Bounced,False,0.751,High
PR01244103,75.0,3,67760,883777,ME,Ever Bounce,True,0,0,0.0,0.0,0.0,,Ever Bounced,False,0.715,High
PR01244314,90.0,3  Above,194506,751417,SBL,Ever Bounce,True,0,0,0.0,0.0,0.0,,Ever Bounced,False,0.751,High
PR01274189,0.0,0,7539,358702,SBL,Ever Bounce,True,0,0,0.0,0.0,0.0,,Ever Bounced,False,0.7,High
PR01244367,90.0,3  Above,115320,705569,SBL,Ever Bounce,True,0,0,0.0,0.0,0.0,,Ever Bounced,False,0.75,High
PR01244410,90.0,3  Above,132408,541892,SBL,Ever Bounce,True,0,0,0.0,0.0,0.0,,Ever Bounced,False,0.75,High
PR01244440,90.0,3  Above,104970,1405655,ME,Ever Bounce,True,0,0,0.0,0.0,0.0,,Ever Bounced,False,0.75,High
PR01244456,90.0,3  Above,104538,706467,SBL,Ever Bounce,True,0,0,0.0,0.0,0.0,,Ever Bounced,False,0.75,High
PR01244473,90.0,3  Above,97972,941580,ME,Ever Bounce,True,0,0,0.0,0.0,0.0,,Ever Bounced,False,0.75,High
PR01270537,90.0,3  Above,164340,687709,SBL,Ever Bounce,True,0,0,0.0,0.0,0.0,,Ever Bounced,False,0.75,High
PR01244587,90.0,3  Above,232320,1060999,SBL,Ever Bounce,True,0,0,0.0,0.0,0.0,,Ever Bounced,False,0.753,High
PR01770858,90.0,3  Above,171985,781271,ME,Ever Bounce,True,0,0,0.0,0.0,0.0,,Ever Bounced,False,0.75,High
PR01244595,90.0,3  Above,89604,702719,SBL,Ever Bounce,True,0,0,0.0,0.0,0.0,,Ever Bounced,False,0.75,High
PR01244726,90.0,3  Above,135140,668500,ME,Ever Bounce,True,0,0,0.0,0.0,0.0,,Ever Bounced,False,0.75,High
PR01244867,75.0,3,48664,598993,SBL,Ever Bounce,True,0,0,0.0,0.0,0.0,,Ever Bounced,False,0.712,High
PR01432943,75.0,3,35856,444051,ME,Ever Bounce,True,0,0,0.0,0.0,0.0,,Ever Bounced,False,0.708,High
PR01244957,90.0,3  Above,312840,1342807,ME,Ever Bounce,True,0,0,0.0,0.0,0.0,,Ever Bounced,False,0.756,High
PR01479000,90.0,3  Above,406939,2428711,Co-Lending,Ever Bounce,True,0,0,0.0,0.0,0.0,,Ever Bounced,False,0.759,High
PR01247220,90.0,3  Above,210637,2024413,ME,Ever Bounce,True,0,0,0.0,0.0,0.0,,Ever Bounced,False,0.752,High
PR01245057,75.0,3,50360,602574,SBL,Ever Bounce,True,0,0,0.0,0.0,0.0,,Ever Bounced,False,0.712,High
PR01479030,90.0,3  Above,411203,2429970,Co-Lending,Ever Bounce,True,0,0,0.0,0.0,0.0,,Ever Bounced,False,0.759,High
PR01245119,90.0,3  Above,72080,965207,ME,Ever Bounce,True,0,0,0.0,0.0,0.0,,Ever Bounced,False,0.75,High
PR01277067,90.0,3  Above,20995,282462,ME,Ever Bounce,True,0,0,0.0,0.0,0.0,,Ever Bounced,False,0.75,High
PR01247225,90.0,3  Above,139960,1874197,ME,Ever Bounce,True,0,0,0.0,0.0,0.0,,Ever Bounced,False,0.75,High
PR01245208,90.0,3  Above,436672,1872824,ME,Ever Bounce,True,0,0,0.0,0.0,0.0,,Ever Bounced,False,0.759,High
PR01245240,90.0,3  Above,262575,944754,ME,Ever Bounce,True,0,0,0.0,0.0,0.0,,Ever Bounced,False,0.754,High
PR01297899,90.0,3  Above,223972,872168,ME,Ever Bounce,True,0,0,0.0,0.0,0.0,,Ever Bounced,False,0.752,High
PR01631241,90.0,3  Above,199122,818780,ME,Ever Bounce,True,0,0,0.0,0.0,0.0,,Ever Bounced,False,0.751,High
PR01245241,90.0,3  Above,84336,247229,Micro Loan,Ever Bounce,True,0,0,0.0,0.0,0.0,,Ever Bounced,False,0.75,High
PR01245252,90.0,3  Above,112760,311367,Micro Loan,Ever Bounce,True,0,0,0.0,0.0,0.0,,Ever Bounced,False,0.75,High
PR01245274,90.0,3  Above,144152,881952,SBL,Ever Bounce,True,0,0,0.0,0.0,0.0,,Ever Bounced,False,0.75,High
PR01335860,90.0,3  Above,167912,1086721,ME,Ever Bounce,True,0,0,0.0,0.0,0.0,,Ever Bounced,False,0.75,High
PR01246137,90.0,3  Above,275440,814634,Home Loan,Ever Bounce,True,0,0,0.0,0.0,0.0,,Ever Bounced,False,0.755,High
PR01278396,90.0,3  Above,204640,611465,Home Loan,Ever Bounce,True,0,0,0.0,0.0,0.0,,Ever Bounced,False,0.752,High
PR01246341,90.0,3  Above,132260,240710,Micro Loan,Ever Bounce,True,0,0,0.0,0.0,0.0,,Ever Bounced,False,0.75,High
PR01246418,90.0,3  Above,261723,1615370,Co-Lending,Ever Bounce,True,0,0,0.0,0.0,0.0,,Ever Bounced,False,0.754,High
PR01246424,90.0,3  Above,116004,242960,Micro Loan,Ever Bounce,True,0,0,0.0,0.0,0.0,,Ever Bounced,False,0.75,High
PR01246606,90.0,3  Above,77860,398957,SBL,Ever Bounce,True,0,0,0.0,0.0,0.0,,Ever Bounced,False,0.75,High
PR01289988,90.0,3  Above,61180,316735,SBL,Ever Bounce,True,0,0,0.0,0.0,0.0,,Ever Bounced,False,0.75,High
PR01246608,90.0,3  Above,176778,446609,Micro Loan,Ever Bounce,True,0,0,0.0,0.0,0.0,,Ever Bounced,False,0.75,High
PR01246641,90.0,3  Above,76376,569749,ME,Ever Bounce,True,0,0,0.0,0.0,0.0,,Ever Bounced,False,0.75,High
PR01246697,90.0,3  Above,95305,666402,SBL,Ever Bounce,True,0,0,0.0,0.0,0.0,,Ever Bounced,False,0.75,High
PR01257578,90.0,3  Above,158560,975371,SBL,Ever Bounce,True,0,0,0.0,0.0,0.0,,Ever Bounced,False,0.75,High
PR01257932,90.0,3  Above,217063,479329,Micro Loan,Ever Bounce,True,0,0,0.0,0.0,0.0,,Ever Bounced,False,0.752,High
PR01258230,90.0,3  Above,201996,586234,Micro Loan,Ever Bounce,True,0,0,0.0,0.0,0.0,,Ever Bounced,False,0.751,High
PR01258233,90.0,3  Above,178050,657963,SBL,Ever Bounce,True,0,0,0.0,0.0,0.0,,Ever Bounced,False,0.75,High
PR01258257,90.0,3  Above,315269,831754,SBL,Ever Bounce,True,0,0,0.0,0.0,0.0,,Ever Bounced,False,0.756,High
PR01258836,90.0,3  Above,151209,807028,SBL,Ever Bounce,True,0,0,0.0,0.0,0.0,,Ever Bounced,False,0.75,High
PR01259054,90.0,3  Above,-195892,433136,SBL,Ever Bounce,True,0,0,0.0,0.0,0.0,,Ever Bounced,False,0.75,High
PR01259066,90.0,3  Above,129736,798009,SBL,Ever Bounce,True,0,0,0.0,0.0,0.0,,Ever Bounced,False,0.75,High
PR01518305,90.0,3  Above,43248,282603,ME,Ever Bounce,True,0,0,0.0,0.0,0.0,,Ever Bounced,False,0.75,High
PR01259378,90.0,3  Above,79488,252119,SBL,Ever Bounce,True,0,0,0.0,0.0,0.0,,Ever Bounced,False,0.75,High
PR01259888,90.0,3  Above,68328,554370,SBL,Ever Bounce,True,0,0,0.0,0.0,0.0,,Ever Bounced,False,0.75,High
PR01277652,90.0,3  Above,18020,175428,ME,Ever Bounce,True,0,0,0.0,0.0,0.0,,Ever Bounced,False,0.75,High
PR01259906,90.0,3  Above,192384,433984,Micro Loan,Ever Bounce,True,0,0,0.0,0.0,0.0,,Ever Bounced,False,0.751,High
PR01260002,90.0,3  Above,126462,478982,SBL,Ever Bounce,True,0,0,0.0,0.0,0.0,,Ever Bounced,False,0.75,High
PR01260021,90.0,3  Above,172359,597508,SBL,Ever Bounce,True,0,0,0.0,0.0,0.0,,Ever Bounced,False,0.75,High
PR01260029,90.0,3  Above,190112,570738,SBL,Ever Bounce,True,0,0,0.0,0.0,0.0,,Ever Bounced,False,0.751,High
PR01260030,90.0,3  Above,124624,573731,SBL,Ever Bounce,True,0,0,0.0,0.0,0.0,,Ever Bounced,False,0.75,High
PR01260194,90.0,3  Above,72144,393559,Micro Loan,Ever Bounce,True,0,0,0.0,0.0,0.0,,Ever Bounced,False,0.75,High
PR01454682,90.0,3  Above,40044,237938,SBL,Ever Bounce,True,0,0,0.0,0.0,0.0,,Ever Bounced,False,0.75,High
PR01260205,90.0,3  Above,152940,443867,Micro Loan,Ever Bounce,True,0,0,0.0,0.0,0.0,,Ever Bounced,False,0.75,High
PR01260211,90.0,3  Above,81991,394958,Micro Loan,Ever Bounce,True,0,0,0.0,0.0,0.0,,Ever Bounced,False,0.75,High
PR01260266,90.0,3  Above,174768,804605,SBL,Ever Bounce,True,0,0,0.0,0.0,0.0,,Ever Bounced,False,0.75,High
PR01866582,90.0,3  Above,81264,378577,ME,Ever Bounce,True,0,0,0.0,0.0,0.0,,Ever Bounced,False,0.75,High
PR01260274,90.0,3  Above,118624,515275,Micro Loan,Ever Bounce,True,0,0,0.0,0.0,0.0,,Ever Bounced,False,0.75,High
PR01260276,90.0,3  Above,231198,801486,SBL,Ever Bounce,True,0,0,0.0,0.0,0.0,,Ever Bounced,False,0.753,High
PR01260392,90.0,3  Above,74598,605246,SBL,Ever Bounce,True,0,0,0.0,0.0,0.0,,Ever Bounced,False,0.75,High
PR01580882,15.0,1,11608,289174,ME,Ever Bounce,True,0,0,0.0,0.0,0.0,,Ever Bounced,False,0.7,High
PR01260435,90.0,3  Above,252266,913555,SBL,Ever Bounce,True,0,0,0.0,0.0,0.0,,Ever Bounced,False,0.754,High
PR01260440,90.0,3  Above,133991,608674,SBL,Ever Bounce,True,0,0,0.0,0.0,0.0,,Ever Bounced,False,0.75,High
PR01260466,90.0,3  Above,93186,734739,SBL,Ever Bounce,True,0,0,0.0,0.0,0.0,,Ever Bounced,False,0.75,High
PR01260541,75.0,3,84072,735609,SBL,Ever Bounce,True,0,0,0.0,0.0,0.0,,Ever Bounced,False,0.717,High
PR01260600,90.0,3  Above,72300,720517,SBL,Ever Bounce,True,0,0,0.0,0.0,0.0,,Ever Bounced,False,0.75,High
PR01260602,90.0,3  Above,389196,1116252,SBL,Ever Bounce,True,0,0,0.0,0.0,0.0,,Ever Bounced,False,0.758,High
PR01260616,90.0,3  Above,117315,664309,SBL,Ever Bounce,True,0,0,0.0,0.0,0.0,,Ever Bounced,False,0.75,High
PR01260656,90.0,3  Above,180664,460320,Micro Loan,Ever Bounce,True,0,0,0.0,0.0,0.0,,Ever Bounced,False,0.75,High
PR01260710,90.0,3  Above,157005,650184,SBL,Ever Bounce,True,0,0,0.0,0.0,0.0,,Ever Bounced,False,0.75,High
PR01260805,90.0,3  Above,252216,810349,ME,Ever Bounce,True,0,0,0.0,0.0,0.0,,Ever Bounced,False,0.754,High
PR01260811,75.0,3,48096,384511,Micro Loan,Ever Bounce,True,0,0,0.0,0.0,0.0,,Ever Bounced,False,0.712,High
PR01260885,90.0,3  Above,90095,468377,SBL,Ever Bounce,True,0,0,0.0,0.0,0.0,,Ever Bounced,False,0.75,High
PR01260964,90.0,3  Above,84336,462832,Micro Loan,Ever Bounce,True,0,0,0.0,0.0,0.0,,Ever Bounced,False,0.75,High
PR01261269,90.0,3  Above,188054,402613,Micro Loan,Ever Bounce,True,0,0,0.0,0.0,0.0,,Ever Bounced,False,0.751,High
PR01269045,90.0,3  Above,63260,634142,SBL,Ever Bounce,True,0,0,0.0,0.0,0.0,,Ever Bounced,False,0.75,High
PR01317134,90.0,3  Above,47136,400344,SBL,Ever Bounce,True,0,0,0.0,0.0,0.0,,Ever Bounced,False,0.75,High
PR01271273,90.0,3  Above,356052,2025792,Co-Lending,Ever Bounce,False,3,0,0.0,1.0,199999.0,2026-09-03 15:47:31,Ever Bounced,False,0.75,High
PR01301047,90.0,3  Above,214980,1225414,Co-Lending,Ever Bounce,False,3,0,0.0,1.0,95000.0,2026-09-04 19:46:51,Ever Bounced,False,0.75,High
PR01276321,90.0,3  Above,75693,282559,ME,Ever Bounce,True,0,0,0.0,0.0,0.0,,Ever Bounced,False,0.75,High
PR01315437,90.0,3  Above,85848,299874,ME,Ever Bounce,True,0,0,0.0,0.0,0.0,,Ever Bounced,False,0.75,High
PR01276540,90.0,3  Above,67336,284539,Micro Loan,Ever Bounce,True,0,0,0.0,0.0,0.0,,Ever Bounced,False,0.75,High
PR01276584,90.0,3  Above,259464,1091118,SBL,Ever Bounce,True,0,0,0.0,0.0,0.0,,Ever Bounced,False,0.754,High
PR01549032,90.0,3  Above,126180,567506,ME,Ever Bounce,True,0,0,0.0,0.0,0.0,,Ever Bounced,False,0.75,High
PR01276601,90.0,3  Above,121751,807832,SBL,Ever Bounce,False,1,0,0.0,1.0,17393.0,2026-09-11 17:33:32,Ever Bounced,False,0.75,High
PR01276628,90.0,3  Above,207432,659662,SBL,Ever Bounce,True,0,0,0.0,0.0,0.0,,Ever Bounced,False,0.752,High
PR01276632,90.0,3  Above,204975,1083736,ME,Ever Bounce,True,0,0,0.0,0.0,0.0,,Ever Bounced,False,0.752,High
PR01276660,90.0,3  Above,94578,573533,SBL,Ever Bounce,True,0,0,0.0,0.0,0.0,,Ever Bounced,False,0.75,High
PR01277031,90.0,3  Above,68535,448673,Micro Loan,Ever Bounce,True,0,0,0.0,0.0,0.0,,Ever Bounced,False,0.75,High
PR01472601,90.0,3  Above,397728,1658789,Co-Lending,Ever Bounce,True,0,0,0.0,0.0,0.0,,Ever Bounced,False,0.758,High
PR01277704,90.0,3  Above,130446,679587,SBL,Ever Bounce,True,0,0,0.0,0.0,0.0,,Ever Bounced,False,0.75,High
PR01277769,90.0,3  Above,456390,1157066,Co-Lending,Ever Bounce,True,0,0,0.0,0.0,0.0,,Ever Bounced,False,0.76,High
PR01314210,90.0,3  Above,78387,206006,Co-Lending,Ever Bounce,True,0,0,0.0,0.0,0.0,,Ever Bounced,False,0.75,High
PR01278441,90.0,3  Above,281844,1392493,ME,Ever Bounce,True,0,0,0.0,0.0,0.0,,Ever Bounced,False,0.755,High
PR01278467,90.0,3  Above,182761,358501,Micro Loan,Ever Bounce,True,0,0,0.0,0.0,0.0,,Ever Bounced,False,0.75,High
PR01278531,90.0,3  Above,197330,371116,Micro Loan,Ever Bounce,True,0,0,0.0,0.0,0.0,,Ever Bounced,False,0.751,High
PR01278535,90.0,3  Above,90455,933881,SBL,Ever Bounce,True,0,0,0.0,0.0,0.0,,Ever Bounced,False,0.75,High
PR01333681,90.0,3  Above,33085,347573,SBL,Ever Bounce,True,0,0,0.0,0.0,0.0,,Ever Bounced,False,0.75,High
PR01278543,90.0,3  Above,69405,587952,SBL,Ever Bounce,True,0,0,0.0,0.0,0.0,,Ever Bounced,False,0.75,High
PR01278557,90.0,3  Above,124713,501923,SBL,Ever Bounce,True,0,0,0.0,0.0,0.0,,Ever Bounced,False,0.75,High
PR01278575,75.0,3,55208,668203,SBL,Ever Bounce,True,0,0,0.0,0.0,0.0,,Ever Bounced,False,0.713,High
PR01310071,75.0,3,26884,328974,SBL,Ever Bounce,True,0,0,0.0,0.0,0.0,,Ever Bounced,False,0.706,High
PR01278615,90.0,3  Above,121866,109380,Co-Lending,Ever Bounce,True,0,0,0.0,0.0,0.0,,Ever Bounced,False,0.75,High
PR01278672,90.0,3  Above,162170,810376,SBL,Ever Bounce,True,0,0,0.0,0.0,0.0,,Ever Bounced,False,0.75,High
PR01278729,90.0,3  Above,90095,877162,SBL,Ever Bounce,True,0,0,0.0,0.0,0.0,,Ever Bounced,False,0.75,High
PR01278781,90.0,3  Above,122280,365545,Micro Loan,Ever Bounce,True,0,0,0.0,0.0,0.0,,Ever Bounced,False,0.75,High
PR01411326,90.0,3  Above,205032,949608,ME,Ever Bounce,True,0,0,0.0,0.0,0.0,,Ever Bounced,False,0.752,High
PR01278874,90.0,3  Above,195940,1333240,ME,Ever Bounce,True,0,0,0.0,0.0,0.0,,Ever Bounced,False,0.751,High
PR01278975,90.0,3  Above,162171,895900,SBL,Ever Bounce,True,0,0,0.0,0.0,0.0,,Ever Bounced,False,0.75,High
PR01279118,90.0,3  Above,139546,314775,Micro Loan,Ever Bounce,True,0,0,0.0,0.0,0.0,,Ever Bounced,False,0.75,High
PR01348742,90.0,3  Above,46519,113379,Micro Loan,Ever Bounce,True,0,0,0.0,0.0,0.0,,Ever Bounced,False,0.75,High
PR01279154,90.0,3  Above,88730,486299,ME,Ever Bounce,True,0,0,0.0,0.0,0.0,,Ever Bounced,False,0.75,High
PR01279246,75.0,3,77332,408845,Micro Loan,Ever Bounce,True,0,0,0.0,0.0,0.0,,Ever Bounced,False,0.716,High
PR01279374,75.0,3,56224,463108,SBL,Ever Bounce,True,0,0,0.0,0.0,0.0,,Ever Bounced,False,0.713,High
PR01279552,90.0,3  Above,274132,537766,Micro Loan,Ever Bounce,True,0,0,0.0,0.0,0.0,,Ever Bounced,False,0.755,High
PR01279579,90.0,3  Above,126855,334842,Micro Loan,Ever Bounce,True,0,0,0.0,0.0,0.0,,Ever Bounced,False,0.75,High
PR01279585,90.0,3  Above,179144,1510931,Co-Lending,Ever Bounce,True,0,0,0.0,0.0,0.0,,Ever Bounced,False,0.75,High
PR01279646,90.0,3  Above,469260,1195751,SBL,Ever Bounce,True,0,0,0.0,0.0,0.0,,Ever Bounced,False,0.76,High
PR01279664,90.0,3  Above,94305,918201,SBL,Ever Bounce,True,0,0,0.0,0.0,0.0,,Ever Bounced,False,0.75,High
PR01279669,90.0,3  Above,85240,483286,Micro Loan,Ever Bounce,True,0,0,0.0,0.0,0.0,,Ever Bounced,False,0.75,High
PR01279682,90.0,3  Above,184261,894621,SBL,Ever Bounce,True,0,0,0.0,0.0,0.0,,Ever Bounced,False,0.75,High
PR01279763,90.0,3  Above,97620,423314,SBL,Ever Bounce,True,0,0,0.0,0.0,0.0,,Ever Bounced,False,0.75,High
PR01317428,90.0,3  Above,319500,1399197,SBL,Ever Bounce,True,0,0,0.0,0.0,0.0,,Ever Bounced,False,0.756,High
PR01279766,75.0,3,29656,248767,Micro Loan,Ever Bounce,True,0,0,0.0,0.0,0.0,,Ever Bounced,False,0.707,High
PR01279795,90.0,3  Above,78155,511633,Micro Loan,Ever Bounce,True,0,0,0.0,0.0,0.0,,Ever Bounced,False,0.75,High
PR01279871,90.0,3  Above,223566,595791,Micro Loan,Ever Bounce,True,0,0,0.0,0.0,0.0,,Ever Bounced,False,0.752,High
PR01279881,90.0,3  Above,214420,1138923,SBL,Ever Bounce,True,0,0,0.0,0.0,0.0,,Ever Bounced,False,0.752,High
PR01279958,75.0,3,53580,596266,SBL,Ever Bounce,True,0,0,0.0,0.0,0.0,,Ever Bounced,False,0.713,High
PR01280271,90.0,3  Above,109647,624261,ME,Ever Bounce,True,0,0,0.0,0.0,0.0,,Ever Bounced,False,0.75,High
PR01280280,90.0,3  Above,84165,551003,Micro Loan,Ever Bounce,True,0,0,0.0,0.0,0.0,,Ever Bounced,False,0.75,High
PR01280407,75.0,3,72076,872300,SBL,Ever Bounce,True,0,0,0.0,0.0,0.0,,Ever Bounced,False,0.716,High
PR01280645,90.0,3  Above,81991,399350,Micro Loan,Ever Bounce,True,0,0,0.0,0.0,0.0,,Ever Bounced,False,0.75,High
PR01280807,75.0,3,62176,531245,SBL,Ever Bounce,True,0,0,0.0,0.0,0.0,,Ever Bounced,False,0.714,High
PR01280840,90.0,3  Above,181468,964225,SBL,Ever Bounce,True,0,0,0.0,0.0,0.0,,Ever Bounced,False,0.75,High
PR01280924,90.0,3  Above,79842,396372,Micro Loan,Ever Bounce,True,0,0,0.0,0.0,0.0,,Ever Bounced,False,0.75,High
PR01280947,90.0,3  Above,90975,1224046,ME,Ever Bounce,True,0,0,0.0,0.0,0.0,,Ever Bounced,False,0.75,High
PR01281004,75.0,3,63876,535789,Micro Loan,Ever Bounce,True,0,0,0.0,0.0,0.0,,Ever Bounced,False,0.714,High
PR01288619,90.0,3  Above,188298,862208,SBL,Ever Bounce,True,0,0,0.0,0.0,0.0,,Ever Bounced,False,0.751,High
PR01294579,75.0,3,72076,877162,SBL,Ever Bounce,True,0,0,0.0,0.0,0.0,,Ever Bounced,False,0.716,High
PR01294619,90.0,3  Above,97972,948096,ME,Ever Bounce,True,0,0,0.0,0.0,0.0,,Ever Bounced,False,0.75,High
PR01294944,75.0,3,86488,1052635,SBL,Ever Bounce,True,0,0,0.0,0.0,0.0,,Ever Bounced,False,0.718,High
PR01296262,90.0,3  Above,87360,421988,Micro Loan,Ever Bounce,True,0,0,0.0,0.0,0.0,,Ever Bounced,False,0.75,High
PR01296957,90.0,3  Above,125268,574642,SBL,Ever Bounce,True,0,0,0.0,0.0,0.0,,Ever Bounced,False,0.75,High
PR01309437,90.0,3  Above,39644,182707,ME,Ever Bounce,True,0,0,0.0,0.0,0.0,,Ever Bounced,False,0.75,High
PR01296992,90.0,3  Above,118398,392598,Micro Loan,Ever Bounce,True,0,0,0.0,0.0,0.0,,Ever Bounced,False,0.75,High
PR01297007,90.0,3  Above,151328,713248,SBL,Ever Bounce,True,0,0,0.0,0.0,0.0,,Ever Bounced,False,0.75,High
PR01297231,90.0,3  Above,129735,720337,SBL,Ever Bounce,True,0,0,0.0,0.0,0.0,,Ever Bounced,False,0.75,High
PR01524818,90.0,3  Above,69201,392044,ME,Ever Bounce,True,0,0,0.0,0.0,0.0,,Ever Bounced,False,0.75,High
PR01297281,90.0,3  Above,60120,397956,Micro Loan,Ever Bounce,True,0,0,0.0,0.0,0.0,,Ever Bounced,False,0.75,High
PR01297499,90.0,3  Above,250272,1090042,SBL,Ever Bounce,True,0,0,0.0,0.0,0.0,,Ever Bounced,False,0.754,High
PR01297599,90.0,3  Above,72140,477580,SBL,Ever Bounce,True,0,0,0.0,0.0,0.0,,Ever Bounced,False,0.75,High
PR01297920,90.0,3  Above,179072,1273938,Co-Lending,Ever Bounce,True,0,0,0.0,0.0,0.0,,Ever Bounced,False,0.75,High
PR01297959,90.0,3  Above,198209,909239,SBL,Ever Bounce,True,0,0,0.0,0.0,0.0,,Ever Bounced,False,0.751,High
PR01298046,90.0,3  Above,118398,392598,Micro Loan,Ever Bounce,True,0,0,0.0,0.0,0.0,,Ever Bounced,False,0.75,High
PR01298120,90.0,3  Above,97302,798009,SBL,Ever Bounce,True,0,0,0.0,0.0,0.0,,Ever Bounced,False,0.75,High
PR01806739,90.0,3  Above,171630,1907329,ME,Ever Bounce,True,0,0,0.0,0.0,0.0,,Ever Bounced,False,0.75,High
PR01298476,75.0,3,57712,472306,SBL,Ever Bounce,True,0,0,0.0,0.0,0.0,,Ever Bounced,False,0.713,High
PR01298495,90.0,3  Above,64254,526977,SBL,Ever Bounce,True,0,0,0.0,0.0,0.0,,Ever Bounced,False,0.75,High
PR01330822,90.0,3  Above,69630,576985,SBL,Ever Bounce,True,0,0,0.0,0.0,0.0,,Ever Bounced,False,0.75,High
PR01298528,75.0,3,86488,1052635,SBL,Ever Bounce,True,0,0,0.0,0.0,0.0,,Ever Bounced,False,0.718,High
PR01298530,90.0,3  Above,72144,402270,Micro Loan,Ever Bounce,True,0,0,0.0,0.0,0.0,,Ever Bounced,False,0.75,High
PR01298555,90.0,3  Above,201768,212249,SBL,Ever Bounce,True,0,0,0.0,0.0,0.0,,Ever Bounced,False,0.751,High
PR01298568,90.0,3  Above,130740,802557,SBL,Ever Bounce,True,0,0,0.0,0.0,0.0,,Ever Bounced,False,0.75,High
PR01298592,75.0,3,83976,1412375,ME,Ever Bounce,True,0,0,0.0,0.0,0.0,,Ever Bounced,False,0.717,High
PR01298619,90.0,3  Above,162170,810693,SBL,Ever Bounce,True,0,0,0.0,0.0,0.0,,Ever Bounced,False,0.75,High
PR01298885,90.0,3  Above,216228,913555,ME,Ever Bounce,True,0,0,0.0,0.0,0.0,,Ever Bounced,False,0.752,High
PR01298975,90.0,3  Above,103716,624355,SBL,Ever Bounce,True,0,0,0.0,0.0,0.0,,Ever Bounced,False,0.75,High
PR01299005,75.0,3,56380,303240,Micro Loan,Ever Bounce,True,0,0,0.0,0.0,0.0,,Ever Bounced,False,0.713,High
PR01694352,75.0,3,27080,149519,Micro Loan,Ever Bounce,True,0,0,0.0,0.0,0.0,,Ever Bounced,False,0.706,High
PR01299036,75.0,3,129068,1716219,ME,Ever Bounce,True,0,0,0.0,0.0,0.0,,Ever Bounced,False,0.722,High
PR01299198,90.0,3  Above,167950,1145253,ME,Ever Bounce,True,0,0,0.0,0.0,0.0,,Ever Bounced,False,0.75,High
PR01299317,90.0,3  Above,143010,392944,SBL,Ever Bounce,True,0,0,0.0,0.0,0.0,,Ever Bounced,False,0.75,High
PR01355229,90.0,3  Above,53290,203114,SBL,Ever Bounce,True,0,0,0.0,0.0,0.0,,Ever Bounced,False,0.75,High
PR01299361,90.0,3  Above,139640,701285,SBL,Ever Bounce,True,0,0,0.0,0.0,0.0,,Ever Bounced,False,0.75,High
PR01299383,90.0,3  Above,245970,609685,Micro Loan,Ever Bounce,True,0,0,0.0,0.0,0.0,,Ever Bounced,False,0.753,High
PR01299448,90.0,3  Above,100996,487833,SBL,Ever Bounce,True,0,0,0.0,0.0,0.0,,Ever Bounced,False,0.75,High
PR01299519,90.0,3  Above,185163,591726,Micro Loan,Ever Bounce,True,0,0,0.0,0.0,0.0,,Ever Bounced,False,0.75,High
PR01299546,75.0,3,45624,387355,Micro Loan,Ever Bounce,True,0,0,0.0,0.0,0.0,,Ever Bounced,False,0.711,High
PR01299563,90.0,3  Above,221823,1716543,ME,Ever Bounce,True,0,0,0.0,0.0,0.0,,Ever Bounced,False,0.752,High
PR01299632,90.0,3  Above,31530,308706,SBL,Ever Bounce,True,0,0,0.0,0.0,0.0,,Ever Bounced,False,0.75,High
PR01323018,90.0,3  Above,36940,365431,SBL,Ever Bounce,True,0,0,0.0,0.0,0.0,,Ever Bounced,False,0.75,High
PR01299645,90.0,3  Above,86093,423837,Micro Loan,Ever Bounce,True,0,0,0.0,0.0,0.0,,Ever Bounced,False,0.75,High
PR01299657,90.0,3  Above,96187,1014344,Co-Lending,Ever Bounce,True,0,0,0.0,0.0,0.0,,Ever Bounced,False,0.75,High
PR01332688,90.0,3  Above,45521,482511,Co-Lending,Ever Bounce,True,0,0,0.0,0.0,0.0,,Ever Bounced,False,0.75,High
PR01299667,90.0,3  Above,234990,504319,Micro Loan,Ever Bounce,True,0,0,0.0,0.0,0.0,,Ever Bounced,False,0.753,High
PR01299781,90.0,3  Above,175890,610174,SBL,Ever Bounce,True,0,0,0.0,0.0,0.0,,Ever Bounced,False,0.75,High
PR01430390,90.0,3  Above,188552,761372,ME,Ever Bounce,True,0,0,0.0,0.0,0.0,,Ever Bounced,False,0.751,High
PR01299884,75.0,3,134040,1742076,SBL,Ever Bounce,True,0,0,0.0,0.0,0.0,,Ever Bounced,False,0.722,High
PR01299984,90.0,3  Above,98665,327165,Micro Loan,Ever Bounce,True,0,0,0.0,0.0,0.0,,Ever Bounced,False,0.75,High
PR01300088,90.0,3  Above,165360,1027779,SBL,Ever Bounce,True,0,0,0.0,0.0,0.0,,Ever Bounced,False,0.75,High
PR01300090,90.0,3  Above,78210,788409,ME,Ever Bounce,True,0,0,0.0,0.0,0.0,,Ever Bounced,False,0.75,High
PR01300141,90.0,3  Above,65616,556872,Home Loan,Ever Bounce,True,0,0,0.0,0.0,0.0,,Ever Bounced,False,0.75,High
PR01337419,90.0,3  Above,63947,338962,Home Loan,Ever Bounce,True,0,0,0.0,0.0,0.0,,Ever Bounced,False,0.75,High
PR01300368,75.0,3,62588,304690,SBL,Ever Bounce,True,0,0,0.0,0.0,0.0,,Ever Bounced,False,0.714,High
PR01300381,90.0,3  Above,29568,228886,SBL,Ever Bounce,True,0,0,0.0,0.0,0.0,,Ever Bounced,False,0.75,High
PR01318485,90.0,3  Above,61044,488697,SBL,Ever Bounce,True,0,0,0.0,0.0,0.0,,Ever Bounced,False,0.75,High
PR01300415,90.0,3  Above,162168,1330025,SBL,Ever Bounce,True,0,0,0.0,0.0,0.0,,Ever Bounced,False,0.75,High
PR01300426,90.0,3  Above,109277,581842,SBL,Ever Bounce,True,0,0,0.0,0.0,0.0,,Ever Bounced,False,0.75,High
PR01527234,90.0,3  Above,237590,1774518,Co-Lending,Ever Bounce,True,0,0,0.0,0.0,0.0,,Ever Bounced,False,0.753,High
PR01300592,90.0,3  Above,76722,648082,SBL,Ever Bounce,True,0,0,0.0,0.0,0.0,,Ever Bounced,False,0.75,High
PR01300616,90.0,3  Above,114558,1228710,Co-Lending,Ever Bounce,True,0,0,0.0,0.0,0.0,,Ever Bounced,False,0.75,High
PR01300686,90.0,3  Above,100884,615829,SBL,Ever Bounce,True,0,0,0.0,0.0,0.0,,Ever Bounced,False,0.75,High
PR01300709,90.0,3  Above,82365,1215312,ME,Ever Bounce,True,0,0,0.0,0.0,0.0,,Ever Bounced,False,0.75,High
PR01319354,90.0,3  Above,55776,658493,ME,Ever Bounce,True,0,0,0.0,0.0,0.0,,Ever Bounced,False,0.75,High
PR01300720,90.0,3  Above,133623,739741,SBL,Ever Bounce,True,0,0,0.0,0.0,0.0,,Ever Bounced,False,0.75,High
PR01300744,90.0,3  Above,42036,377569,SBL,Ever Bounce,False,2,0,0.0,1.0,63100.0,2026-09-16 11:47:29,Ever Bounced,False,0.75,High
PR01300867,90.0,3  Above,181512,583074,Micro Loan,Ever Bounce,True,0,0,0.0,0.0,0.0,,Ever Bounced,False,0.75,High
PR01300891,90.0,3  Above,71880,441244,SBL,Ever Bounce,True,0,0,0.0,0.0,0.0,,Ever Bounced,False,0.75,High
PR01300893,90.0,3  Above,129393,139689,Micro Loan,Ever Bounce,True,0,0,0.0,0.0,0.0,,Ever Bounced,False,0.75,High
PR01300953,90.0,3  Above,52140,440454,SBL,Ever Bounce,True,0,0,0.0,0.0,0.0,,Ever Bounced,False,0.75,High
PR01300991,90.0,3  Above,128843,420151,Micro Loan,Ever Bounce,True,0,0,0.0,0.0,0.0,,Ever Bounced,False,0.75,High
PR01301004,90.0,3  Above,178224,1107673,SBL,Ever Bounce,True,0,0,0.0,0.0,0.0,,Ever Bounced,False,0.75,High
PR01301046,90.0,3  Above,108216,414731,SBL,Ever Bounce,True,0,0,0.0,0.0,0.0,,Ever Bounced,False,0.75,High
PR01301049,90.0,3  Above,69834,633797,ME,Ever Bounce,True,0,0,0.0,0.0,0.0,,Ever Bounced,False,0.75,High
PR01330129,90.0,3  Above,42306,386520,ME,Ever Bounce,True,0,0,0.0,0.0,0.0,,Ever Bounced,False,0.75,High
PR01301070,90.0,3  Above,97328,708594,SBL,Ever Bounce,True,0,0,0.0,0.0,0.0,,Ever Bounced,False,0.75,High
PR01301083,90.0,3  Above,118921,545554,Home Loan,Ever Bounce,True,0,0,0.0,0.0,0.0,,Ever Bounced,False,0.75,High
PR01371272,90.0,3  Above,13324,179176,Home Loan,Ever Bounce,True,0,0,0.0,0.0,0.0,,Ever Bounced,False,0.75,High
PR01301088,90.0,3  Above,156420,1321365,ME,Ever Bounce,True,0,0,0.0,0.0,0.0,,Ever Bounced,False,0.75,High
PR01301092,90.0,3  Above,153900,535999,SBL,Ever Bounce,True,0,0,0.0,0.0,0.0,,Ever Bounced,False,0.75,High
PR01699873,90.0,3  Above,97710,416539,SBL,Ever Bounce,True,0,0,0.0,0.0,0.0,,Ever Bounced,False,0.75,High
PR01301183,90.0,3  Above,158560,985521,SBL,Ever Bounce,True,0,0,0.0,0.0,0.0,,Ever Bounced,False,0.75,High
PR01579359,90.0,3  Above,76160,820176,ME,Ever Bounce,True,0,0,0.0,0.0,0.0,,Ever Bounced,False,0.75,High
PR01301184,90.0,3  Above,180378,588222,Micro Loan,Ever Bounce,True,0,0,0.0,0.0,0.0,,Ever Bounced,False,0.75,High
PR01301220,90.0,3  Above,89946,737741,SBL,Ever Bounce,True,0,0,0.0,0.0,0.0,,Ever Bounced,False,0.75,High
PR01301234,90.0,3  Above,139040,888617,SBL,Ever Bounce,True,0,0,0.0,0.0,0.0,,Ever Bounced,False,0.75,High
PR01301258,90.0,3  Above,324185,428806,Micro Loan,Ever Bounce,True,0,0,0.0,0.0,0.0,,Ever Bounced,False,0.756,High
PR01307419,90.0,3  Above,135045,522606,Micro Loan,Ever Bounce,True,0,0,0.0,0.0,0.0,,Ever Bounced,False,0.75,High
PR01806078,75.0,3,87108,1247728,ME,Ever Bounce,True,0,0,0.0,0.0,0.0,,Ever Bounced,False,0.718,High
PR01825943,75.0,3,13404,192731,ME,Ever Bounce,True,0,0,0.0,0.0,0.0,,Ever Bounced,False,0.7,High
PR01310734,90.0,3  Above,133826,636236,SBL,Ever Bounce,True,0,0,0.0,0.0,0.0,,Ever Bounced,False,0.75,High
PR01569877,90.0,3  Above,71687,359366,ME,Ever Bounce,True,0,0,0.0,0.0,0.0,,Ever Bounced,False,0.75,High
PR01312552,90.0,3  Above,202072,595398,Micro Loan,Ever Bounce,True,0,0,0.0,0.0,0.0,,Ever Bounced,False,0.751,High
PR01244756,0.0,0,30152,1481279,Co-Lending,Ever Bounce,True,0,0,0.0,0.0,0.0,,Ever Bounced,False,0.7,High
PR01312927,90.0,3  Above,126108,783359,SBL,Ever Bounce,True,0,0,0.0,0.0,0.0,,Ever Bounced,False,0.75,High
PR01313544,90.0,3  Above,86568,487833,Micro Loan,Ever Bounce,True,0,0,0.0,0.0,0.0,,Ever Bounced,False,0.75,High
PR01314320,90.0,3  Above,185164,481390,Micro Loan,Ever Bounce,True,0,0,0.0,0.0,0.0,,Ever Bounced,False,0.75,High
PR01314470,90.0,3  Above,192357,688632,SBL,Ever Bounce,True,0,0,0.0,0.0,0.0,,Ever Bounced,False,0.751,High
PR01944098,90.0,3  Above,130686,1330006,ME,Ever Bounce,True,0,0,0.0,0.0,0.0,,Ever Bounced,False,0.75,High
PR01314962,75.0,3,57660,705569,SBL,Ever Bounce,True,0,0,0.0,0.0,0.0,,Ever Bounced,False,0.713,High
PR01314965,90.0,3  Above,78932,267872,Micro Loan,Ever Bounce,True,0,0,0.0,0.0,0.0,,Ever Bounced,False,0.75,High
PR01597807,90.0,3  Above,23681,101383,Micro Loan,Ever Bounce,True,0,0,0.0,0.0,0.0,,Ever Bounced,False,0.75,High
PR01314966,90.0,3  Above,115956,457767,Micro Loan,Ever Bounce,True,0,0,0.0,0.0,0.0,,Ever Bounced,False,0.75,High
PR01314972,90.0,3  Above,56380,255470,Micro Loan,Ever Bounce,True,0,0,0.0,0.0,0.0,,Ever Bounced,False,0.75,High
PR01597863,90.0,3  Above,25374,124928,Micro Loan,Ever Bounce,True,0,0,0.0,0.0,0.0,,Ever Bounced,False,0.75,High
PR01781083,90.0,3  Above,49335,311725,Micro Loan,Ever Bounce,True,0,0,0.0,0.0,0.0,,Ever Bounced,False,0.75,High
PR01315149,90.0,3  Above,132408,567267,SBL,Ever Bounce,True,0,0,0.0,0.0,0.0,,Ever Bounced,False,0.75,High
PR01784513,75.0,3,42036,460759,SBL,Ever Bounce,True,0,0,0.0,0.0,0.0,,Ever Bounced,False,0.71,High
PR01861634,75.0,3,16816,188492,SBL,Ever Bounce,True,0,0,0.0,0.0,0.0,,Ever Bounced,False,0.701,High
PR01315758,90.0,3  Above,150953,517998,SBL,Ever Bounce,True,0,0,0.0,0.0,0.0,,Ever Bounced,False,0.75,High
PR01316284,90.0,3  Above,98610,612540,SBL,Ever Bounce,True,0,0,0.0,0.0,0.0,,Ever Bounced,False,0.75,High
PR01577477,90.0,3  Above,50244,315778,ME,Ever Bounce,True,0,0,0.0,0.0,0.0,,Ever Bounced,False,0.75,High
PR01316374,90.0,3  Above,99100,975371,SBL,Ever Bounce,True,0,0,0.0,0.0,0.0,,Ever Bounced,False,0.75,High
PR01316438,90.0,3  Above,97302,800436,SBL,Ever Bounce,True,0,0,0.0,0.0,0.0,,Ever Bounced,False,0.75,High
PR01317035,90.0,3  Above,117831,574933,Micro Loan,Ever Bounce,True,0,0,0.0,0.0,0.0,,Ever Bounced,False,0.75,High
PR01581036,90.0,3  Above,88170,966220,Co-Lending,Ever Bounce,False,1,0,0.0,1.0,25000.0,2026-09-02 18:22:51,Ever Bounced,False,0.75,High
PR01836455,90.0,3  Above,25644,634204,Co-Lending,Ever Bounce,True,0,0,0.0,0.0,0.0,,Ever Bounced,False,0.75,High
PR01317139,90.0,3  Above,83230,589966,SBL,Ever Bounce,True,0,0,0.0,0.0,0.0,,Ever Bounced,False,0.75,High
PR01317167,90.0,3  Above,139040,895206,SBL,Ever Bounce,True,0,0,0.0,0.0,0.0,,Ever Bounced,False,0.75,High
PR01317207,90.0,3  Above,703560,1981675,ME,Ever Bounce,True,0,0,0.0,0.0,0.0,,Ever Bounced,False,0.764,High
PR01317268,90.0,3  Above,86430,624355,SBL,Ever Bounce,True,0,0,0.0,0.0,0.0,,Ever Bounced,False,0.75,High
PR01317369,75.0,3,159808,2816328,ME,Ever Bounce,True,0,0,0.0,0.0,0.0,,Ever Bounced,False,0.724,High
PR01478925,45.0,2,41997,984362,ME,Ever Bounce,True,0,0,0.0,0.0,0.0,,Ever Bounced,False,0.7,High
PR01317391,90.0,3  Above,118184,760926,SBL,Ever Bounce,True,0,0,0.0,0.0,0.0,,Ever Bounced,False,0.75,High
PR01317412,90.0,3  Above,81990,559104,Micro Loan,Ever Bounce,True,0,0,0.0,0.0,0.0,,Ever Bounced,False,0.75,High
PR01317421,90.0,3  Above,151356,642473,SBL,Ever Bounce,True,0,0,0.0,0.0,0.0,,Ever Bounced,False,0.75,High
PR01317466,90.0,3  Above,125055,673628,SBL,Ever Bounce,True,0,0,0.0,0.0,0.0,,Ever Bounced,False,0.75,High
PR01317569,90.0,3  Above,247357,1140138,SBL,Ever Bounce,True,0,0,0.0,0.0,0.0,,Ever Bounced,False,0.753,High
PR01317755,90.0,3  Above,108224,637178,SBL,Ever Bounce,True,0,0,0.0,0.0,0.0,,Ever Bounced,False,0.75,High
PR01779964,90.0,3  Above,281428,2322101,ME,Ever Bounce,True,0,0,0.0,0.0,0.0,,Ever Bounced,False,0.755,High
PR01317817,90.0,3  Above,177463,899046,ME,Ever Bounce,True,0,0,0.0,0.0,0.0,,Ever Bounced,False,0.75,High
PR01317955,90.0,3  Above,106592,487817,SBL,Ever Bounce,True,0,0,0.0,0.0,0.0,,Ever Bounced,False,0.75,High
PR01318149,90.0,3  Above,60830,616637,SBL,Ever Bounce,True,0,0,0.0,0.0,0.0,,Ever Bounced,False,0.75,High
PR01318182,90.0,3  Above,98520,1064843,ME,Ever Bounce,True,0,0,0.0,0.0,0.0,,Ever Bounced,False,0.75,High
PR01351060,90.0,3  Above,61100,794061,ME,Ever Bounce,True,0,0,0.0,0.0,0.0,,Ever Bounced,False,0.75,High
PR01765308,75.0,3,63312,1026383,ME,Ever Bounce,True,0,0,0.0,0.0,0.0,,Ever Bounced,False,0.714,High
PR01318335,90.0,3  Above,113499,486201,SBL,Ever Bounce,True,0,0,0.0,0.0,0.0,,Ever Bounced,False,0.75,High
PR01318414,75.0,3,45400,412421,SBL,Ever Bounce,True,0,0,0.0,0.0,0.0,,Ever Bounced,False,0.711,High
PR01349449,75.0,3,13452,125336,SBL,Ever Bounce,True,0,0,0.0,0.0,0.0,,Ever Bounced,False,0.7,High
PR01318509,90.0,3  Above,101766,839061,SBL,Ever Bounce,True,0,0,0.0,0.0,0.0,,Ever Bounced,False,0.75,High
PR01318559,75.0,3,68472,837856,SBL,Ever Bounce,True,0,0,0.0,0.0,0.0,,Ever Bounced,False,0.715,High
PR01318575,90.0,3  Above,100998,569120,Micro Loan,Ever Bounce,True,0,0,0.0,0.0,0.0,,Ever Bounced,False,0.75,High
PR01318592,90.0,3  Above,126133,895900,SBL,Ever Bounce,True,0,0,0.0,0.0,0.0,,Ever Bounced,False,0.75,High
PR01318652,90.0,3  Above,161832,579399,SBL,Ever Bounce,True,0,0,0.0,0.0,0.0,,Ever Bounced,False,0.75,High
PR01318659,90.0,3  Above,73560,541892,SBL,Ever Bounce,True,0,0,0.0,0.0,0.0,,Ever Bounced,False,0.75,High
PR01318942,90.0,3  Above,210180,819081,SBL,Ever Bounce,True,0,0,0.0,0.0,0.0,,Ever Bounced,False,0.752,High
PR01318987,90.0,3  Above,257304,1092207,SBL,Ever Bounce,True,0,0,0.0,0.0,0.0,,Ever Bounced,False,0.754,High
PR01319018,90.0,3  Above,39624,336598,SBL,Ever Bounce,True,0,0,0.0,0.0,0.0,,Ever Bounced,False,0.75,High
PR01368555,90.0,3  Above,30415,313318,ME,Ever Bounce,True,0,0,0.0,0.0,0.0,,Ever Bounced,False,0.75,High
PR01319115,90.0,3  Above,155830,607282,SBL,Ever Bounce,True,0,0,0.0,0.0,0.0,,Ever Bounced,False,0.75,High
PR01670414,90.0,3  Above,84980,378228,ME,Ever Bounce,True,0,0,0.0,0.0,0.0,,Ever Bounced,False,0.75,High
PR01319231,90.0,3  Above,167952,1884762,Co-Lending,Ever Bounce,True,0,0,0.0,0.0,0.0,,Ever Bounced,False,0.75,High
PR01319282,75.0,3,71025,622027,SBL,Ever Bounce,True,0,0,0.0,0.0,0.0,,Ever Bounced,False,0.716,High
PR01319288,90.0,3  Above,160622,997393,SBL,Ever Bounce,True,0,0,0.0,0.0,0.0,,Ever Bounced,False,0.75,High
PR01319332,90.0,3  Above,106650,438110,SBL,Ever Bounce,True,0,0,0.0,0.0,0.0,,Ever Bounced,False,0.75,High
PR01319395,90.0,3  Above,129852,502501,Micro Loan,Ever Bounce,True,0,0,0.0,0.0,0.0,,Ever Bounced,False,0.75,High
PR01319490,90.0,3  Above,100510,416901,Co-Lending,Ever Bounce,True,0,0,0.0,0.0,0.0,,Ever Bounced,False,0.75,High
PR01319503,90.0,3  Above,71240,16696,SBL,Ever Bounce,True,0,0,0.0,0.0,0.0,,Ever Bounced,False,0.75,High
PR01319530,90.0,3  Above,88272,548378,SBL,Ever Bounce,True,0,0,0.0,0.0,0.0,,Ever Bounced,False,0.75,High
PR01319536,90.0,3  Above,96044,377840,Co-Lending,Ever Bounce,True,0,0,0.0,0.0,0.0,,Ever Bounced,False,0.75,High
PR01368004,90.0,3  Above,105948,455458,Co-Lending,Ever Bounce,True,0,0,0.0,0.0,0.0,,Ever Bounced,False,0.75,High
PR01553815,90.0,3  Above,58565,240876,Co-Lending,Ever Bounce,True,0,0,0.0,0.0,0.0,,Ever Bounced,False,0.75,High
PR01319583,90.0,3  Above,322670,1788273,ME,Ever Bounce,True,0,0,0.0,0.0,0.0,,Ever Bounced,False,0.756,High
PR01319750,90.0,3  Above,354937,1798064,ME,Ever Bounce,False,1,0,0.0,1.0,17000.0,2026-09-16 17:37:10,Ever Bounced,False,0.75,High
PR01625176,75.0,3,86034,1630481,Co-Lending,Ever Bounce,True,0,0,0.0,0.0,0.0,,Ever Bounced,False,0.718,High
PR01319792,90.0,3  Above,126009,954704,ME,Ever Bounce,True,0,0,0.0,0.0,0.0,,Ever Bounced,False,0.75,High
PR01319797,90.0,3  Above,134360,1142774,ME,Ever Bounce,True,0,0,0.0,0.0,0.0,,Ever Bounced,False,0.75,High
PR01319891,90.0,3  Above,419880,1932490,ME,Ever Bounce,True,0,0,0.0,0.0,0.0,,Ever Bounced,False,0.759,High
PR01730865,90.0,3  Above,251256,2253271,Co-Lending,Ever Bounce,True,0,0,0.0,0.0,0.0,,Ever Bounced,False,0.754,High
PR01319934,90.0,3  Above,125136,1062891,SBL,Ever Bounce,True,0,0,0.0,0.0,0.0,,Ever Bounced,False,0.75,High
PR01319945,90.0,3  Above,100904,630298,ME,Ever Bounce,True,0,0,0.0,0.0,0.0,,Ever Bounced,False,0.75,High
PR01338051,90.0,3  Above,112384,584680,ME,Ever Bounce,True,0,0,0.0,0.0,0.0,,Ever Bounced,False,0.75,High
PR01327877,75.0,3,55616,704728,SBL,Ever Bounce,True,0,0,0.0,0.0,0.0,,Ever Bounced,False,0.713,High
PR01354689,75.0,3,8688,110739,SBL,Ever Bounce,True,0,0,0.0,0.0,0.0,,Ever Bounced,False,0.7,High
PR01330094,90.0,3  Above,168010,826222,SBL,Ever Bounce,True,0,0,0.0,0.0,0.0,,Ever Bounced,False,0.75,High
PR01633857,90.0,3  Above,40540,425647,ME,Ever Bounce,True,0,0,0.0,0.0,0.0,,Ever Bounced,False,0.75,High
PR01332700,90.0,3  Above,242016,616559,Micro Loan,Ever Bounce,True,0,0,0.0,0.0,0.0,,Ever Bounced,False,0.753,High
PR01332776,90.0,3  Above,67256,324148,SBL,Ever Bounce,True,0,0,0.0,0.0,0.0,,Ever Bounced,False,0.75,High
PR01365427,90.0,3  Above,56056,275926,SBL,Ever Bounce,True,0,0,0.0,0.0,0.0,,Ever Bounced,False,0.75,High
PR01744710,90.0,3  Above,119880,671913,SBL,Ever Bounce,True,0,0,0.0,0.0,0.0,,Ever Bounced,False,0.75,High
PR01332789,90.0,3  Above,272922,1446493,ME,Ever Bounce,True,0,0,0.0,0.0,0.0,,Ever Bounced,False,0.754,High
PR01332816,90.0,3  Above,104166,566613,SBL,Ever Bounce,True,0,0,0.0,0.0,0.0,,Ever Bounced,False,0.75,High
PR01333017,90.0,3  Above,194598,1091118,SBL,Ever Bounce,True,0,0,0.0,0.0,0.0,,Ever Bounced,False,0.751,High
PR01333067,90.0,3  Above,109494,633083,SBL,Ever Bounce,True,0,0,0.0,0.0,0.0,,Ever Bounced,False,0.75,High
PR01333605,90.0,3  Above,218413,837035,SBL,Ever Bounce,True,0,0,0.0,0.0,0.0,,Ever Bounced,False,0.752,High
PR01333948,90.0,3  Above,99876,627619,SBL,Ever Bounce,True,0,0,0.0,0.0,0.0,,Ever Bounced,False,0.75,High
PR01334508,90.0,3  Above,150813,845616,SBL,Ever Bounce,True,0,0,0.0,0.0,0.0,,Ever Bounced,False,0.75,High
PR01334511,90.0,3  Above,88488,625963,SBL,Ever Bounce,True,0,0,0.0,0.0,0.0,,Ever Bounced,False,0.75,High
PR01334545,90.0,3  Above,84005,807028,SBL,Ever Bounce,True,0,0,0.0,0.0,0.0,,Ever Bounced,False,0.75,High
PR01334606,90.0,3  Above,210821,833514,SBL,Ever Bounce,True,0,0,0.0,0.0,0.0,,Ever Bounced,False,0.752,High
PR01334661,90.0,3  Above,178552,580886,Micro Loan,Ever Bounce,True,0,0,0.0,0.0,0.0,,Ever Bounced,False,0.75,High
PR01334709,90.0,3  Above,132412,721344,SBL,Ever Bounce,True,0,0,0.0,0.0,0.0,,Ever Bounced,False,0.75,High
PR01334820,90.0,3  Above,144288,433984,Micro Loan,Ever Bounce,True,0,0,0.0,0.0,0.0,,Ever Bounced,False,0.75,High
PR01334901,90.0,3  Above,73560,548378,SBL,Ever Bounce,True,0,0,0.0,0.0,0.0,,Ever Bounced,False,0.75,High
PR01334938,90.0,3  Above,135192,858265,SBL,Ever Bounce,True,0,0,0.0,0.0,0.0,,Ever Bounced,False,0.75,High
PR01335053,90.0,3  Above,145953,818319,SBL,Ever Bounce,True,0,0,0.0,0.0,0.0,,Ever Bounced,False,0.75,High
PR01335132,75.0,3,39540,337041,Micro Loan,Ever Bounce,True,0,0,0.0,0.0,0.0,,Ever Bounced,False,0.709,High
PR01335313,90.0,3  Above,108114,895900,SBL,Ever Bounce,True,0,0,0.0,0.0,0.0,,Ever Bounced,False,0.75,High
PR01335341,90.0,3  Above,260280,1684506,SBL,Ever Bounce,True,0,0,0.0,0.0,0.0,,Ever Bounced,False,0.754,High
PR01335398,90.0,3  Above,79335,762212,SBL,Ever Bounce,True,0,0,0.0,0.0,0.0,,Ever Bounced,False,0.75,High
PR01335415,90.0,3  Above,156804,648276,SBL,Ever Bounce,True,0,0,0.0,0.0,0.0,,Ever Bounced,False,0.75,High
PR01335465,90.0,3  Above,103968,597205,SBL,Ever Bounce,True,0,0,0.0,0.0,0.0,,Ever Bounced,False,0.75,High
PR01552740,90.0,3  Above,175275,1453545,Co-Lending,Ever Bounce,True,0,0,0.0,0.0,0.0,,Ever Bounced,False,0.75,High
PR01335568,90.0,3  Above,72144,410656,Micro Loan,Ever Bounce,True,0,0,0.0,0.0,0.0,,Ever Bounced,False,0.75,High
PR01335614,75.0,3,53000,48539,Co-Lending,Ever Bounce,True,0,0,0.0,0.0,0.0,,Ever Bounced,False,0.713,High
PR01335645,90.0,3  Above,118920,985521,SBL,Ever Bounce,True,0,0,0.0,0.0,0.0,,Ever Bounced,False,0.75,High
PR01335700,90.0,3  Above,84575,990551,ME,Ever Bounce,True,0,0,0.0,0.0,0.0,,Ever Bounced,False,0.75,High
PR01335734,90.0,3  Above,245331,1418547,SBL,Ever Bounce,True,0,0,0.0,0.0,0.0,,Ever Bounced,False,0.753,High
PR01889264,90.0,3  Above,33588,151464,ME,Ever Bounce,True,0,0,0.0,0.0,0.0,,Ever Bounced,False,0.75,High
PR01335816,90.0,3  Above,153981,626386,SBL,Ever Bounce,True,0,0,0.0,0.0,0.0,,Ever Bounced,False,0.75,High
PR01336061,75.0,3,60504,546281,SBL,Ever Bounce,True,0,0,0.0,0.0,0.0,,Ever Bounced,False,0.714,High
PR01336224,90.0,3  Above,129460,1753997,ME,Ever Bounce,True,0,0,0.0,0.0,0.0,,Ever Bounced,False,0.75,High
PR01657377,90.0,3  Above,250212,1621823,Co-Lending,Ever Bounce,True,0,0,0.0,0.0,0.0,,Ever Bounced,False,0.754,High
PR01885256,90.0,3  Above,438468,2752000,Co-Lending,Ever Bounce,True,0,0,0.0,0.0,0.0,,Ever Bounced,False,0.759,High
PR01336335,90.0,3  Above,125783,1302438,Co-Lending,Ever Bounce,True,0,0,0.0,0.0,0.0,,Ever Bounced,False,0.75,High
PR01404613,90.0,3  Above,35364,430066,Co-Lending,Ever Bounce,True,0,0,0.0,0.0,0.0,,Ever Bounced,False,0.75,High
PR01336368,90.0,3  Above,84165,569120,Micro Loan,Ever Bounce,False,1,0,0.0,1.0,33666.0,2026-09-09 10:46:01,Ever Bounced,False,0.75,High
PR01336403,90.0,3  Above,241857,1577393,Co-Lending,Ever Bounce,True,0,0,0.0,0.0,0.0,,Ever Bounced,False,0.753,High
PR01355587,90.0,3  Above,109725,717071,Co-Lending,Ever Bounce,True,0,0,0.0,0.0,0.0,,Ever Bounced,False,0.75,High
PR01336497,90.0,3  Above,166848,734183,Micro Loan,Ever Bounce,True,0,0,0.0,0.0,0.0,,Ever Bounced,False,0.75,High
PR01484569,90.0,3  Above,127680,567120,ME,Ever Bounce,True,0,0,0.0,0.0,0.0,,Ever Bounced,False,0.75,High
PR01336571,90.0,3  Above,129735,727398,SBL,Ever Bounce,True,0,0,0.0,0.0,0.0,,Ever Bounced,False,0.75,High
PR01336773,75.0,3,77120,948747,SBL,Ever Bounce,True,0,0,0.0,0.0,0.0,,Ever Bounced,False,0.716,High
PR01577993,0.0,0,7254,359358,SBL,Ever Bounce,True,0,0,0.0,0.0,0.0,,Ever Bounced,False,0.7,High
PR01336914,90.0,3  Above,72144,410656,Micro Loan,Ever Bounce,True,0,0,0.0,0.0,0.0,,Ever Bounced,False,0.75,High
PR01337061,75.0,3,126108,1161139,SBL,Ever Bounce,True,0,0,0.0,0.0,0.0,,Ever Bounced,False,0.721,High
PR01337069,90.0,3  Above,258136,1778359,ME,Ever Bounce,True,0,0,0.0,0.0,0.0,,Ever Bounced,False,0.754,High
PR01337165,90.0,3  Above,75629,552657,Micro Loan,Ever Bounce,True,0,0,0.0,0.0,0.0,,Ever Bounced,False,0.75,High
PR01582287,90.0,3  Above,65699,426262,ME,Ever Bounce,True,0,0,0.0,0.0,0.0,,Ever Bounced,False,0.75,High
PR01337215,90.0,3  Above,296672,1862314,SBL,Ever Bounce,True,0,0,0.0,0.0,0.0,,Ever Bounced,False,0.755,High
PR01337245,90.0,3  Above,132408,573378,SBL,Ever Bounce,True,0,0,0.0,0.0,0.0,,Ever Bounced,False,0.75,High
PR01337260,90.0,3  Above,84690,429367,ME,Ever Bounce,True,0,0,0.0,0.0,0.0,,Ever Bounced,False,0.75,High
PR01404125,90.0,3  Above,95500,493003,ME,Ever Bounce,True,0,0,0.0,0.0,0.0,,Ever Bounced,False,0.75,High
PR01337261,90.0,3  Above,88404,555522,SBL,Ever Bounce,True,0,0,0.0,0.0,0.0,,Ever Bounced,False,0.75,High
PR01546886,90.0,3  Above,46734,243363,ME,Ever Bounce,True,0,0,0.0,0.0,0.0,,Ever Bounced,False,0.75,High
PR01337291,90.0,3  Above,142415,168040,Micro Loan,Ever Bounce,True,0,0,0.0,0.0,0.0,,Ever Bounced,False,0.75,High
PR01337330,90.0,3  Above,72075,713063,SBL,Ever Bounce,True,0,0,0.0,0.0,0.0,,Ever Bounced,False,0.75,High
PR01407536,90.0,3  Above,46850,472804,SBL,Ever Bounce,True,0,0,0.0,0.0,0.0,,Ever Bounced,False,0.75,High
PR01337374,90.0,3  Above,84685,837869,SBL,Ever Bounce,True,0,0,0.0,0.0,0.0,,Ever Bounced,False,0.75,High
PR01337426,90.0,3  Above,9855,714871,Co-Lending,Ever Bounce,True,0,0,0.0,0.0,0.0,,Ever Bounced,False,0.75,High
PR01400955,90.0,3  Above,195984,1642948,Co-Lending,Ever Bounce,True,0,0,0.0,0.0,0.0,,Ever Bounced,False,0.751,High
PR01337461,90.0,3  Above,279920,1916856,ME,Ever Bounce,True,0,0,0.0,0.0,0.0,,Ever Bounced,False,0.755,High
PR01337489,90.0,3  Above,151326,655274,SBL,Ever Bounce,True,0,0,0.0,0.0,0.0,,Ever Bounced,False,0.75,High
PR01337566,90.0,3  Above,96663,339675,Micro Loan,Ever Bounce,True,0,0,0.0,0.0,0.0,,Ever Bounced,False,0.75,High
PR01702898,90.0,3  Above,46302,271271,Micro Loan,Ever Bounce,True,0,0,0.0,0.0,0.0,,Ever Bounced,False,0.75,High
PR01337569,90.0,3  Above,117416,1089874,Co-Lending,Ever Bounce,True,0,0,0.0,0.0,0.0,,Ever Bounced,False,0.75,High
PR01372172,45.0,2,58455,1431561,Co-Lending,Ever Bounce,True,0,0,0.0,0.0,0.0,,Ever Bounced,False,0.7,High
PR01337587,90.0,3  Above,253812,756164,SBL,Ever Bounce,True,0,0,0.0,0.0,0.0,,Ever Bounced,False,0.754,High
PR01337603,90.0,3  Above,134406,731119,SBL,Ever Bounce,True,0,0,0.0,0.0,0.0,,Ever Bounced,False,0.75,High
PR01337605,90.0,3  Above,171660,587645,SBL,Ever Bounce,True,0,0,0.0,0.0,0.0,,Ever Bounced,False,0.75,High
PR01520797,90.0,3  Above,130404,446407,SBL,Ever Bounce,True,0,0,0.0,0.0,0.0,,Ever Bounced,False,0.75,High
PR01337623,90.0,3  Above,237842,1101397,Co-Lending,Ever Bounce,True,0,0,0.0,0.0,0.0,,Ever Bounced,False,0.753,High
PR01337637,90.0,3  Above,112002,901120,SBL,Ever Bounce,True,0,0,0.0,0.0,0.0,,Ever Bounced,False,0.75,High
PR01337679,90.0,3  Above,114989,773712,SBL,Ever Bounce,True,0,0,0.0,0.0,0.0,,Ever Bounced,False,0.75,High
PR01337737,90.0,3  Above,134181,524111,Micro Loan,Ever Bounce,True,0,0,0.0,0.0,0.0,,Ever Bounced,False,0.75,High
PR01337763,75.0,3,86488,1064042,SBL,Ever Bounce,True,0,0,0.0,0.0,0.0,,Ever Bounced,False,0.718,High
PR01337881,90.0,3  Above,88277,480883,SBL,Ever Bounce,True,0,0,0.0,0.0,0.0,,Ever Bounced,False,0.75,High
PR01368233,90.0,3  Above,16816,158485,SBL,Ever Bounce,True,0,0,0.0,0.0,0.0,,Ever Bounced,False,0.75,High
PR01338121,90.0,3  Above,132470,356447,Micro Loan,Ever Bounce,True,0,0,0.0,0.0,0.0,,Ever Bounced,False,0.75,High
PR01338162,90.0,3  Above,69255,270507,Micro Loan,Ever Bounce,True,0,0,0.0,0.0,0.0,,Ever Bounced,False,0.75,High
PR01338230,90.0,3  Above,99100,980484,SBL,Ever Bounce,True,0,0,0.0,0.0,0.0,,Ever Bounced,False,0.75,High
PR01338241,75.0,3,57660,709344,SBL,Ever Bounce,True,0,0,0.0,0.0,0.0,,Ever Bounced,False,0.713,High
PR01338246,90.0,3  Above,84168,414731,Micro Loan,Ever Bounce,True,0,0,0.0,0.0,0.0,,Ever Bounced,False,0.75,High
PR01339173,90.0,3  Above,485456,2311739,Co-Lending,Ever Bounce,True,0,0,0.0,0.0,0.0,,Ever Bounced,False,0.76,High
PR01363436,90.0,3  Above,223088,1067182,Co-Lending,Ever Bounce,True,0,0,0.0,0.0,0.0,,Ever Bounced,False,0.752,High
PR01343387,90.0,3  Above,86568,262580,Micro Loan,Ever Bounce,True,0,0,0.0,0.0,0.0,,Ever Bounced,False,0.75,High
PR01410947,90.0,3  Above,93782,268894,Micro Loan,Ever Bounce,True,0,0,0.0,0.0,0.0,,Ever Bounced,False,0.75,High
PR01346224,90.0,3  Above,173778,834224,SBL,Ever Bounce,True,0,0,0.0,0.0,0.0,,Ever Bounced,False,0.75,High
PR01374832,90.0,3  Above,63283,306602,ME,Ever Bounce,True,0,0,0.0,0.0,0.0,,Ever Bounced,False,0.75,High
PR01346398,90.0,3  Above,187568,953564,SBL,Ever Bounce,True,0,0,0.0,0.0,0.0,,Ever Bounced,False,0.751,High
PR01347126,90.0,3  Above,136224,447027,Micro Loan,Ever Bounce,True,0,0,0.0,0.0,0.0,,Ever Bounced,False,0.75,High
PR01347151,90.0,3  Above,189784,1403770,SBL,Ever Bounce,True,0,0,0.0,0.0,0.0,,Ever Bounced,False,0.751,High
PR01347494,90.0,3  Above,132260,473315,Micro Loan,Ever Bounce,True,0,0,0.0,0.0,0.0,,Ever Bounced,False,0.75,High
PR01347992,90.0,3  Above,333696,1126467,SBL,Ever Bounce,True,0,0,0.0,0.0,0.0,,Ever Bounced,False,0.757,High
PR01348679,90.0,3  Above,58597,383545,Home Loan,Ever Bounce,True,0,0,0.0,0.0,0.0,,Ever Bounced,False,0.75,High
PR01389937,90.0,3  Above,95216,625992,ME,Ever Bounce,True,0,0,0.0,0.0,0.0,,Ever Bounced,False,0.75,High
PR01614992,90.0,3  Above,127204,832632,ME,Ever Bounce,True,0,0,0.0,0.0,0.0,,Ever Bounced,False,0.75,High
PR01349218,90.0,3  Above,173800,913351,SBL,Ever Bounce,True,0,0,0.0,0.0,0.0,,Ever Bounced,False,0.75,High
PR01349514,90.0,3  Above,96192,422652,Micro Loan,Ever Bounce,True,0,0,0.0,0.0,0.0,,Ever Bounced,False,0.75,High
PR01349909,90.0,3  Above,92885,469397,SBL,Ever Bounce,True,0,0,0.0,0.0,0.0,,Ever Bounced,False,0.75,High
PR01349918,90.0,3  Above,100510,1061868,ME,Ever Bounce,True,0,0,0.0,0.0,0.0,,Ever Bounced,False,0.75,High
PR01349924,90.0,3  Above,108216,426501,Micro Loan,Ever Bounce,True,0,0,0.0,0.0,0.0,,Ever Bounced,False,0.75,High
PR01350725,90.0,3  Above,150762,1334684,SBL,Ever Bounce,True,0,0,0.0,0.0,0.0,,Ever Bounced,False,0.75,High
PR01351285,90.0,3  Above,168140,668936,SBL,Ever Bounce,True,0,0,0.0,0.0,0.0,,Ever Bounced,False,0.75,High
PR01351665,90.0,3  Above,147375,1121373,ME,Ever Bounce,True,0,0,0.0,0.0,0.0,,Ever Bounced,False,0.75,High
PR01390092,90.0,3  Above,40437,308919,ME,Ever Bounce,True,0,0,0.0,0.0,0.0,,Ever Bounced,False,0.75,High
PR01351694,90.0,3  Above,536048,1870522,SBL,Ever Bounce,True,0,0,0.0,0.0,0.0,,Ever Bounced,False,0.761,High
PR01351866,90.0,3  Above,74955,745418,SBL,Ever Bounce,True,0,0,0.0,0.0,0.0,,Ever Bounced,False,0.75,High
PR01352269,90.0,3  Above,88074,1039100,Co-Lending,Ever Bounce,True,0,0,0.0,0.0,0.0,,Ever Bounced,False,0.75,High
PR01352657,90.0,3  Above,145574,677200,SBL,Ever Bounce,True,0,0,0.0,0.0,0.0,,Ever Bounced,False,0.75,High
PR01352684,90.0,3  Above,60120,410656,Micro Loan,Ever Bounce,True,0,0,0.0,0.0,0.0,,Ever Bounced,False,0.75,High
PR01352694,90.0,3  Above,129735,730850,SBL,Ever Bounce,True,0,0,0.0,0.0,0.0,,Ever Bounced,False,0.75,High
PR01353163,90.0,3  Above,271128,1111565,SBL,Ever Bounce,True,0,0,0.0,0.0,0.0,,Ever Bounced,False,0.754,High
PR01353172,90.0,3  Above,115472,539451,Micro Loan,Ever Bounce,True,0,0,0.0,0.0,0.0,,Ever Bounced,False,0.75,High
PR01353613,90.0,3  Above,108216,426501,Micro Loan,Ever Bounce,True,0,0,0.0,0.0,0.0,,Ever Bounced,False,0.75,High
PR01353618,90.0,3  Above,121660,899838,SBL,Ever Bounce,True,0,0,0.0,0.0,0.0,,Ever Bounced,False,0.75,High
PR01353660,90.0,3  Above,62010,549293,SBL,Ever Bounce,True,0,0,0.0,0.0,0.0,,Ever Bounced,False,0.75,High
PR01353804,90.0,3  Above,374495,1009824,SBL,Ever Bounce,True,0,0,0.0,0.0,0.0,,Ever Bounced,False,0.758,High
PR01353878,90.0,3  Above,621060,1892309,ME,Ever Bounce,True,0,0,0.0,0.0,0.0,,Ever Bounced,False,0.763,High
PR01353892,90.0,3  Above,96672,293209,Micro Loan,Ever Bounce,True,0,0,0.0,0.0,0.0,,Ever Bounced,False,0.75,High
PR01353903,90.0,3  Above,76503,421391,SBL,Ever Bounce,True,0,0,0.0,0.0,0.0,,Ever Bounced,False,0.75,High
PR01353958,90.0,3  Above,57656,363712,Home Loan,Ever Bounce,True,0,0,0.0,0.0,0.0,,Ever Bounced,False,0.75,High
PR01406682,90.0,3  Above,25228,183558,Home Loan,Ever Bounce,True,0,0,0.0,0.0,0.0,,Ever Bounced,False,0.75,High
PR01525968,90.0,3  Above,37842,281436,Home Loan,Ever Bounce,True,0,0,0.0,0.0,0.0,,Ever Bounced,False,0.75,High
PR01354234,90.0,3  Above,208076,760063,SBL,Ever Bounce,True,0,0,0.0,0.0,0.0,,Ever Bounced,False,0.752,High
PR01354352,90.0,3  Above,127808,694979,SBL,Ever Bounce,True,0,0,0.0,0.0,0.0,,Ever Bounced,False,0.75,High
PR01354433,90.0,3  Above,187704,1090691,SBL,Ever Bounce,True,0,0,0.0,0.0,0.0,,Ever Bounced,False,0.751,High
PR01354464,90.0,3  Above,81085,806315,SBL,Ever Bounce,True,0,0,0.0,0.0,0.0,,Ever Bounced,False,0.75,High
PR01354663,90.0,3  Above,111690,578870,Micro Loan,Ever Bounce,True,0,0,0.0,0.0,0.0,,Ever Bounced,False,0.75,High
PR01354688,90.0,3  Above,98308,1044847,Co-Lending,Ever Bounce,True,0,0,0.0,0.0,0.0,,Ever Bounced,False,0.75,High
PR01385497,90.0,3  Above,32646,405321,Co-Lending,Ever Bounce,True,0,0,0.0,0.0,0.0,,Ever Bounced,False,0.75,High
PR01362480,90.0,3  Above,437070,1972142,Co-Lending,Ever Bounce,True,0,0,0.0,0.0,0.0,,Ever Bounced,False,0.759,High
PR01379053,90.0,3  Above,207708,1314621,Co-Lending,Ever Bounce,False,2,0,0.0,1.0,100000.0,2026-09-15 11:50:18,Ever Bounced,False,0.75,High
PR01354804,75.0,3,65790,1210905,Co-Lending,Ever Bounce,True,0,0,0.0,0.0,0.0,,Ever Bounced,False,0.715,High
PR01398587,75.0,3,10120,187758,Co-Lending,Ever Bounce,True,0,0,0.0,0.0,0.0,,Ever Bounced,False,0.7,High
PR01354820,90.0,3  Above,172980,740903,SBL,Ever Bounce,True,0,0,0.0,0.0,0.0,,Ever Bounced,False,0.75,High
PR01354915,90.0,3  Above,49615,352429,Micro Loan,Ever Bounce,True,0,0,0.0,0.0,0.0,,Ever Bounced,False,0.75,High
PR01422729,90.0,3  Above,138536,1336796,Co-Lending,Ever Bounce,True,0,0,0.0,0.0,0.0,,Ever Bounced,False,0.75,High
PR01452438,90.0,3  Above,51338,565727,Co-Lending,Ever Bounce,True,0,0,0.0,0.0,0.0,,Ever Bounced,False,0.75,High
PR01354963,90.0,3  Above,329912,2740174,Co-Lending,Ever Bounce,True,0,0,0.0,0.0,0.0,,Ever Bounced,False,0.756,High
PR01354996,90.0,3  Above,576592,1884081,SBL,Ever Bounce,True,0,0,0.0,0.0,0.0,,Ever Bounced,False,0.762,High
PR01355014,90.0,3  Above,116865,460651,Micro Loan,Ever Bounce,True,0,0,0.0,0.0,0.0,,Ever Bounced,False,0.75,High
PR01355073,90.0,3  Above,192384,451494,Micro Loan,Ever Bounce,True,0,0,0.0,0.0,0.0,,Ever Bounced,False,0.751,High
PR01355140,90.0,3  Above,147792,848620,ME,Ever Bounce,True,0,0,0.0,0.0,0.0,,Ever Bounced,False,0.75,High
PR01378192,90.0,3  Above,137724,793869,ME,Ever Bounce,True,0,0,0.0,0.0,0.0,,Ever Bounced,False,0.75,High
PR01355148,90.0,3  Above,137943,616703,SBL,Ever Bounce,True,0,0,0.0,0.0,0.0,,Ever Bounced,False,0.75,High
PR01590425,90.0,3  Above,60066,265666,SBL,Ever Bounce,True,0,0,0.0,0.0,0.0,,Ever Bounced,False,0.75,High
PR01355160,90.0,3  Above,37365,260238,Micro Loan,Ever Bounce,True,0,0,0.0,0.0,0.0,,Ever Bounced,False,0.75,High
PR01355244,90.0,3  Above,255285,937042,SBL,Ever Bounce,True,0,0,0.0,0.0,0.0,,Ever Bounced,False,0.754,High
PR01355262,90.0,3  Above,214704,1396599,SBL,Ever Bounce,True,0,0,0.0,0.0,0.0,,Ever Bounced,False,0.752,High
PR01355265,90.0,3  Above,231744,1018260,Co-Lending,Ever Bounce,True,0,0,0.0,0.0,0.0,,Ever Bounced,False,0.753,High
PR01434027,90.0,3  Above,97380,486917,Co-Lending,Ever Bounce,True,0,0,0.0,0.0,0.0,,Ever Bounced,False,0.75,High
PR01355311,90.0,3  Above,149152,1333375,ME,Ever Bounce,True,0,0,0.0,0.0,0.0,,Ever Bounced,False,0.75,High
PR01355322,90.0,3  Above,216403,790449,SBL,Ever Bounce,True,0,0,0.0,0.0,0.0,,Ever Bounced,False,0.752,High
PR01355350,90.0,3  Above,205968,608195,SBL,Ever Bounce,True,0,0,0.0,0.0,0.0,,Ever Bounced,False,0.752,High
PR01355363,90.0,3  Above,84168,418729,Micro Loan,Ever Bounce,True,0,0,0.0,0.0,0.0,,Ever Bounced,False,0.75,High
PR01405374,90.0,3  Above,708540,3871880,Co-Lending,Ever Bounce,True,0,0,0.0,0.0,0.0,,Ever Bounced,False,0.764,High
PR01355476,90.0,3  Above,184954,675616,SBL,Ever Bounce,True,0,0,0.0,0.0,0.0,,Ever Bounced,False,0.75,High
PR01355602,90.0,3  Above,81280,674475,SBL,Ever Bounce,True,0,0,0.0,0.0,0.0,,Ever Bounced,False,0.75,High
PR01580069,90.0,3  Above,30616,275190,ME,Ever Bounce,True,0,0,0.0,0.0,0.0,,Ever Bounced,False,0.75,High
PR01355699,90.0,3  Above,79735,717632,SBL,Ever Bounce,True,0,0,0.0,0.0,0.0,,Ever Bounced,False,0.75,High
PR01355752,90.0,3  Above,301527,1808130,SBL,Ever Bounce,True,0,0,0.0,0.0,0.0,,Ever Bounced,False,0.756,High
PR01355760,90.0,3  Above,335904,1457789,ME,Ever Bounce,True,0,0,0.0,0.0,0.0,,Ever Bounced,False,0.757,High
PR01693750,90.0,3  Above,72704,298536,ME,Ever Bounce,True,0,0,0.0,0.0,0.0,,Ever Bounced,False,0.75,High
PR01355822,75.0,3,58848,554768,SBL,Ever Bounce,True,0,0,0.0,0.0,0.0,,Ever Bounced,False,0.714,High
PR01355942,90.0,3  Above,73560,561064,SBL,Ever Bounce,True,0,0,0.0,0.0,0.0,,Ever Bounced,False,0.75,High
PR01355954,90.0,3  Above,117257,899380,SBL,Ever Bounce,True,0,0,0.0,0.0,0.0,,Ever Bounced,False,0.75,High
PR01719944,90.0,3  Above,61341,475340,ME,Ever Bounce,True,0,0,0.0,0.0,0.0,,Ever Bounced,False,0.75,High
PR01356002,90.0,3  Above,132264,437620,Micro Loan,Ever Bounce,True,0,0,0.0,0.0,0.0,,Ever Bounced,False,0.75,High
PR01356050,90.0,3  Above,208076,767467,SBL,Ever Bounce,True,0,0,0.0,0.0,0.0,,Ever Bounced,False,0.752,High
PR01356111,90.0,3  Above,84168,422652,Micro Loan,Ever Bounce,True,0,0,0.0,0.0,0.0,,Ever Bounced,False,0.75,High
PR01356116,90.0,3  Above,180190,876601,SBL,Ever Bounce,True,0,0,0.0,0.0,0.0,,Ever Bounced,False,0.75,High
PR01356199,90.0,3  Above,73560,561064,SBL,Ever Bounce,True,0,0,0.0,0.0,0.0,,Ever Bounced,False,0.75,High
PR01356203,90.0,3  Above,86484,372088,SBL,Ever Bounce,True,0,0,0.0,0.0,0.0,,Ever Bounced,False,0.75,High
PR01407390,90.0,3  Above,162165,569788,ME,Ever Bounce,True,0,0,0.0,0.0,0.0,,Ever Bounced,False,0.75,High
PR01356316,90.0,3  Above,198200,1014219,SBL,Ever Bounce,True,0,0,0.0,0.0,0.0,,Ever Bounced,False,0.751,High
PR01356335,90.0,3  Above,75678,633410,SBL,Ever Bounce,True,0,0,0.0,0.0,0.0,,Ever Bounced,False,0.75,High
PR01628181,90.0,3  Above,250848,1344558,Co-Lending,Ever Bounce,True,0,0,0.0,0.0,0.0,,Ever Bounced,False,0.754,High
PR01356757,90.0,3  Above,140560,518098,Micro Loan,Ever Bounce,True,0,0,0.0,0.0,0.0,,Ever Bounced,False,0.75,High
PR01356771,90.0,3  Above,97970,672303,ME,Ever Bounce,True,0,0,0.0,0.0,0.0,,Ever Bounced,False,0.75,High
PR01384337,90.0,3  Above,48990,337503,ME,Ever Bounce,True,0,0,0.0,0.0,0.0,,Ever Bounced,False,0.75,High
PR01595244,90.0,3  Above,71350,488619,ME,Ever Bounce,True,0,0,0.0,0.0,0.0,,Ever Bounced,False,0.75,High
PR01364687,90.0,3  Above,178760,750916,SBL,Ever Bounce,True,0,0,0.0,0.0,0.0,,Ever Bounced,False,0.75,High
PR01368406,90.0,3  Above,59460,497689,ME,Ever Bounce,True,0,0,0.0,0.0,0.0,,Ever Bounced,False,0.75,High
PR01408321,90.0,3  Above,35136,296906,ME,Ever Bounce,True,0,0,0.0,0.0,0.0,,Ever Bounced,False,0.75,High
PR02096872,90.0,3  Above,94788,795340,Co-Lending,Ever Bounce,True,0,0,0.0,0.0,0.0,,Ever Bounced,False,0.75,High
PR01369146,90.0,3  Above,69255,275387,Micro Loan,Ever Bounce,True,0,0,0.0,0.0,0.0,,Ever Bounced,False,0.75,High
PR01369155,75.0,3,63052,594384,SBL,Ever Bounce,True,0,0,0.0,0.0,0.0,,Ever Bounced,False,0.714,High
PR01369385,90.0,3  Above,75680,756343,SBL,Ever Bounce,True,0,0,0.0,0.0,0.0,,Ever Bounced,False,0.75,High
PR01428692,90.0,3  Above,18020,182707,ME,Ever Bounce,True,0,0,0.0,0.0,0.0,,Ever Bounced,False,0.75,High
PR01369609,90.0,3  Above,177548,449692,SBL,Ever Bounce,True,0,0,0.0,0.0,0.0,,Ever Bounced,False,0.75,High
PR01369611,75.0,3,50452,627139,SBL,Ever Bounce,True,0,0,0.0,0.0,0.0,,Ever Bounced,False,0.712,High
PR01369872,90.0,3  Above,259470,762688,SBL,Ever Bounce,True,0,0,0.0,0.0,0.0,,Ever Bounced,False,0.754,High
PR01369875,90.0,3  Above,234465,586850,Micro Loan,Ever Bounce,True,0,0,0.0,0.0,0.0,,Ever Bounced,False,0.753,High
PR01370025,90.0,3  Above,173393,639563,SBL,Ever Bounce,True,0,0,0.0,0.0,0.0,,Ever Bounced,False,0.75,High
PR01370032,90.0,3  Above,126504,513540,SBL,Ever Bounce,True,0,0,0.0,0.0,0.0,,Ever Bounced,False,0.75,High
PR01370069,90.0,3  Above,194598,1101397,SBL,Ever Bounce,True,0,0,0.0,0.0,0.0,,Ever Bounced,False,0.751,High
PR01370074,90.0,3  Above,198209,926123,SBL,Ever Bounce,True,0,0,0.0,0.0,0.0,,Ever Bounced,False,0.751,High
PR01370086,90.0,3  Above,180190,921996,SBL,Ever Bounce,True,0,0,0.0,0.0,0.0,,Ever Bounced,False,0.75,High
PR01370088,90.0,3  Above,124352,586727,SBL,Ever Bounce,True,0,0,0.0,0.0,0.0,,Ever Bounced,False,0.75,High
PR01696994,90.0,3  Above,45080,268852,Micro Loan,Ever Bounce,True,0,0,0.0,0.0,0.0,,Ever Bounced,False,0.75,High
PR01370093,90.0,3  Above,65070,544609,SBL,Ever Bounce,True,0,0,0.0,0.0,0.0,,Ever Bounced,False,0.75,High
PR01370358,75.0,3,60668,754162,SBL,Ever Bounce,True,0,0,0.0,0.0,0.0,,Ever Bounced,False,0.714,High
PR01370951,90.0,3  Above,197936,713713,ME,Ever Bounce,True,0,0,0.0,0.0,0.0,,Ever Bounced,False,0.751,High
PR01371034,90.0,3  Above,168540,562493,SBL,Ever Bounce,True,0,0,0.0,0.0,0.0,,Ever Bounced,False,0.75,High
PR01371039,90.0,3  Above,141810,725635,SBL,Ever Bounce,True,0,0,0.0,0.0,0.0,,Ever Bounced,False,0.75,High
PR01371051,90.0,3  Above,187564,533645,Micro Loan,Ever Bounce,True,0,0,0.0,0.0,0.0,,Ever Bounced,False,0.751,High
PR01371080,90.0,3  Above,227748,1438345,Co-Lending,Ever Bounce,True,0,0,0.0,0.0,0.0,,Ever Bounced,False,0.753,High
PR01405481,90.0,3  Above,246727,1448358,Co-Lending,Ever Bounce,True,0,0,0.0,0.0,0.0,,Ever Bounced,False,0.753,High
PR01670985,90.0,3  Above,201807,1471498,ME,Ever Bounce,True,0,0,0.0,0.0,0.0,,Ever Bounced,False,0.751,High
PR01371091,90.0,3  Above,76580,765356,SBL,Ever Bounce,True,0,0,0.0,0.0,0.0,,Ever Bounced,False,0.75,High
PR01371108,90.0,3  Above,88272,567267,SBL,Ever Bounce,True,0,0,0.0,0.0,0.0,,Ever Bounced,False,0.75,High
PR01371121,90.0,3  Above,250047,1858870,SBL,Ever Bounce,True,0,0,0.0,0.0,0.0,,Ever Bounced,False,0.754,High
PR01371123,90.0,3  Above,76952,341204,Micro Loan,Ever Bounce,True,0,0,0.0,0.0,0.0,,Ever Bounced,False,0.75,High
PR01597902,90.0,3  Above,26455,94084,Micro Loan,Ever Bounce,True,0,0,0.0,0.0,0.0,,Ever Bounced,False,0.75,High
PR01371198,90.0,3  Above,90416,400927,Micro Loan,Ever Bounce,True,0,0,0.0,0.0,0.0,,Ever Bounced,False,0.75,High
PR01371287,90.0,3  Above,102984,573378,SBL,Ever Bounce,True,0,0,0.0,0.0,0.0,,Ever Bounced,False,0.75,High
PR01753980,90.0,3  Above,88277,561352,ME,Ever Bounce,True,0,0,0.0,0.0,0.0,,Ever Bounced,False,0.75,High
PR01371393,90.0,3  Above,74960,339287,Micro Loan,Ever Bounce,True,0,0,0.0,0.0,0.0,,Ever Bounced,False,0.75,High
PR01371569,90.0,3  Above,111230,646221,SBL,Ever Bounce,True,0,0,0.0,0.0,0.0,,Ever Bounced,False,0.75,High
PR01371598,90.0,3  Above,117698,655274,SBL,Ever Bounce,True,0,0,0.0,0.0,0.0,,Ever Bounced,False,0.75,High
PR01371618,90.0,3  Above,121200,370604,Micro Loan,Ever Bounce,True,0,0,0.0,0.0,0.0,,Ever Bounced,False,0.75,High
PR01371647,90.0,3  Above,136870,515364,Micro Loan,Ever Bounce,True,0,0,0.0,0.0,0.0,,Ever Bounced,False,0.75,High
PR01371703,90.0,3  Above,162170,829800,SBL,Ever Bounce,True,0,0,0.0,0.0,0.0,,Ever Bounced,False,0.75,High
PR01372083,90.0,3  Above,81085,810376,SBL,Ever Bounce,True,0,0,0.0,0.0,0.0,,Ever Bounced,False,0.75,High
PR01372136,75.0,3,98092,943656,SBL,Ever Bounce,True,0,0,0.0,0.0,0.0,,Ever Bounced,False,0.719,High
PR01391072,90.0,3  Above,7762,417941,ME,Ever Bounce,False,1,0,0.0,1.0,7762.0,2026-09-01 00:12:50,Ever Bounced,False,0.75,High
PR01409630,90.0,3  Above,144872,1153493,ME,Ever Bounce,False,1,0,0.0,1.0,20696.0,2026-09-01 00:08:22,Ever Bounced,False,0.75,High
PR01372204,90.0,3  Above,57030,409325,Micro Loan,Ever Bounce,True,0,0,0.0,0.0,0.0,,Ever Bounced,False,0.75,High
PR01372294,90.0,3  Above,159896,1045241,SBL,Ever Bounce,True,0,0,0.0,0.0,0.0,,Ever Bounced,False,0.75,High
PR01372325,90.0,3  Above,262920,757330,SBL,Ever Bounce,True,0,0,0.0,0.0,0.0,,Ever Bounced,False,0.754,High
PR01372326,75.0,3,55616,712406,SBL,Ever Bounce,True,0,0,0.0,0.0,0.0,,Ever Bounced,False,0.713,High
PR01372357,75.0,3,60504,558933,Micro Loan,Ever Bounce,False,1,0,0.0,1.0,15126.0,2026-09-06 12:46:51,Ever Bounced,False,0.7,High
PR01372390,90.0,3  Above,83402,275958,Micro Loan,Ever Bounce,True,0,0,0.0,0.0,0.0,,Ever Bounced,False,0.75,High
PR01372464,90.0,3  Above,127589,948514,SBL,Ever Bounce,True,0,0,0.0,0.0,0.0,,Ever Bounced,False,0.75,High
PR01372473,90.0,3  Above,110341,614324,SBL,Ever Bounce,True,0,0,0.0,0.0,0.0,,Ever Bounced,False,0.75,High
PR01372477,90.0,3  Above,139713,1038592,SBL,Ever Bounce,True,0,0,0.0,0.0,0.0,,Ever Bounced,False,0.75,High
PR02023104,90.0,3  Above,50835,526373,SBL,Ever Bounce,True,0,0,0.0,0.0,0.0,,Ever Bounced,False,0.75,High
PR01372725,90.0,3  Above,69472,364994,Home Loan,Ever Bounce,True,0,0,0.0,0.0,0.0,,Ever Bounced,False,0.75,High
PR01404663,90.0,3  Above,13510,82008,Home Loan,Ever Bounce,True,0,0,0.0,0.0,0.0,,Ever Bounced,False,0.75,High
PR01390159,90.0,3  Above,129731,984517,ME,Ever Bounce,True,0,0,0.0,0.0,0.0,,Ever Bounced,False,0.75,High
PR01372885,90.0,3  Above,109450,834762,SBL,Ever Bounce,True,0,0,0.0,0.0,0.0,,Ever Bounced,False,0.75,High
PR01550209,90.0,3  Above,69475,505565,ME,Ever Bounce,True,0,0,0.0,0.0,0.0,,Ever Bounced,False,0.75,High
PR01372887,90.0,3  Above,123480,664449,ME,Ever Bounce,True,0,0,0.0,0.0,0.0,,Ever Bounced,False,0.75,High
PR01373105,90.0,3  Above,118200,749133,SBL,Ever Bounce,True,0,0,0.0,0.0,0.0,,Ever Bounced,False,0.75,High
PR01373179,75.0,3,91788,865213,SBL,Ever Bounce,True,0,0,0.0,0.0,0.0,,Ever Bounced,False,0.718,High
PR01373199,75.0,3,86760,1111361,SBL,Ever Bounce,True,0,0,0.0,0.0,0.0,,Ever Bounced,False,0.718,High
PR01373266,90.0,3  Above,218582,695069,SBL,Ever Bounce,True,0,0,0.0,0.0,0.0,,Ever Bounced,False,0.752,High
PR01373351,90.0,3  Above,157451,1135057,SBL,Ever Bounce,True,0,0,0.0,0.0,0.0,,Ever Bounced,False,0.75,High
PR01373389,90.0,3  Above,126133,909239,SBL,Ever Bounce,True,0,0,0.0,0.0,0.0,,Ever Bounced,False,0.75,High
PR01373395,75.0,3,46240,435866,ME,Ever Bounce,True,0,0,0.0,0.0,0.0,,Ever Bounced,False,0.711,High
PR01521140,75.0,3,37832,383734,ME,Ever Bounce,True,0,0,0.0,0.0,0.0,,Ever Bounced,False,0.709,High
PR01373594,90.0,3  Above,108114,904859,SBL,Ever Bounce,True,0,0,0.0,0.0,0.0,,Ever Bounced,False,0.75,High
PR01373922,90.0,3  Above,140544,1176341,SBL,Ever Bounce,True,0,0,0.0,0.0,0.0,,Ever Bounced,False,0.75,High
PR01373997,90.0,3  Above,102708,859618,SBL,Ever Bounce,True,0,0,0.0,0.0,0.0,,Ever Bounced,False,0.75,High
PR01374048,90.0,3  Above,94213,658926,SBL,Ever Bounce,True,0,0,0.0,0.0,0.0,,Ever Bounced,False,0.75,High
PR01708607,90.0,3  Above,85267,651786,ME,Ever Bounce,True,0,0,0.0,0.0,0.0,,Ever Bounced,False,0.75,High
PR01374140,90.0,3  Above,184954,682197,SBL,Ever Bounce,True,0,0,0.0,0.0,0.0,,Ever Bounced,False,0.75,High
PR01374172,90.0,3  Above,198209,926123,SBL,Ever Bounce,True,0,0,0.0,0.0,0.0,,Ever Bounced,False,0.751,High
PR01374240,90.0,3  Above,159690,601238,Micro Loan,Ever Bounce,True,0,0,0.0,0.0,0.0,,Ever Bounced,False,0.75,High
PR01374247,90.0,3  Above,93695,936456,SBL,Ever Bounce,True,0,0,0.0,0.0,0.0,,Ever Bounced,False,0.75,High
PR01374259,90.0,3  Above,70280,494459,SBL,Ever Bounce,True,0,0,0.0,0.0,0.0,,Ever Bounced,False,0.75,High
PR01374636,90.0,3  Above,151515,913250,ME,Ever Bounce,True,0,0,0.0,0.0,0.0,,Ever Bounced,False,0.75,High
PR01389919,90.0,3  Above,44478,269408,ME,Ever Bounce,True,0,0,0.0,0.0,0.0,,Ever Bounced,False,0.75,High
PR01383837,90.0,3  Above,227931,1069737,SBL,Ever Bounce,True,0,0,0.0,0.0,0.0,,Ever Bounced,False,0.753,High
PR01384814,90.0,3  Above,100806,822503,SBL,Ever Bounce,True,0,0,0.0,0.0,0.0,,Ever Bounced,False,0.75,High
PR01384883,90.0,3  Above,177584,676421,SBL,Ever Bounce,True,0,0,0.0,0.0,0.0,,Ever Bounced,False,0.75,High
PR01386184,75.0,3,57712,497704,SBL,Ever Bounce,True,0,0,0.0,0.0,0.0,,Ever Bounced,False,0.713,High
PR01386257,90.0,3  Above,98392,508899,SBL,Ever Bounce,True,0,0,0.0,0.0,0.0,,Ever Bounced,False,0.75,High
PR01386289,75.0,3,103495,1375677,SBL,Ever Bounce,True,0,0,0.0,0.0,0.0,,Ever Bounced,False,0.719,High
PR01386610,90.0,3  Above,238944,761949,SBL,Ever Bounce,True,0,0,0.0,0.0,0.0,,Ever Bounced,False,0.753,High
PR01386617,90.0,3  Above,58800,573129,SBL,Ever Bounce,True,0,0,0.0,0.0,0.0,,Ever Bounced,False,0.75,High
PR01386852,90.0,3  Above,93704,427956,Micro Loan,Ever Bounce,True,0,0,0.0,0.0,0.0,,Ever Bounced,False,0.75,High
PR01386956,90.0,3  Above,86964,688782,SBL,Ever Bounce,True,0,0,0.0,0.0,0.0,,Ever Bounced,False,0.75,High
PR01386961,90.0,3  Above,89873,641083,SBL,Ever Bounce,True,0,0,0.0,0.0,0.0,,Ever Bounced,False,0.75,High
PR01387229,90.0,3  Above,86814,648713,SBL,Ever Bounce,True,0,0,0.0,0.0,0.0,,Ever Bounced,False,0.75,High
PR01387272,90.0,3  Above,97302,818319,SBL,Ever Bounce,True,0,0,0.0,0.0,0.0,,Ever Bounced,False,0.75,High
PR01387371,90.0,3  Above,144152,917807,SBL,Ever Bounce,True,0,0,0.0,0.0,0.0,,Ever Bounced,False,0.75,High
PR01387828,90.0,3  Above,96192,430278,SBL,Ever Bounce,True,0,0,0.0,0.0,0.0,,Ever Bounced,False,0.75,High
PR01387886,90.0,3  Above,72144,422652,Micro Loan,Ever Bounce,True,0,0,0.0,0.0,0.0,,Ever Bounced,False,0.75,High
PR01387962,90.0,3  Above,75786,637385,SBL,Ever Bounce,True,0,0,0.0,0.0,0.0,,Ever Bounced,False,0.75,High
PR01388090,90.0,3  Above,96192,430278,Micro Loan,Ever Bounce,True,0,0,0.0,0.0,0.0,,Ever Bounced,False,0.75,High
PR01388092,90.0,3  Above,134830,535067,SBL,Ever Bounce,True,0,0,0.0,0.0,0.0,,Ever Bounced,False,0.75,High
PR01388170,90.0,3  Above,155574,679553,SBL,Ever Bounce,False,1,0,0.0,1.0,17300.0,2026-09-09 11:07:43,Ever Bounced,False,0.75,High
PR01388210,90.0,3  Above,138740,1004936,SBL,Ever Bounce,True,0,0,0.0,0.0,0.0,,Ever Bounced,False,0.75,High
PR01388495,90.0,3  Above,151260,600211,SBL,Ever Bounce,True,0,0,0.0,0.0,0.0,,Ever Bounced,False,0.75,High
PR01388550,90.0,3  Above,136224,454445,Micro Loan,Ever Bounce,True,0,0,0.0,0.0,0.0,,Ever Bounced,False,0.75,High
PR01388577,75.0,3,42168,370841,Micro Loan,Ever Bounce,True,0,0,0.0,0.0,0.0,,Ever Bounced,False,0.71,High
PR01388683,90.0,3  Above,129852,520803,SBL,Ever Bounce,True,0,0,0.0,0.0,0.0,,Ever Bounced,False,0.75,High
PR01388703,90.0,3  Above,79735,602252,Micro Loan,Ever Bounce,True,0,0,0.0,0.0,0.0,,Ever Bounced,False,0.75,High
PR01388734,90.0,3  Above,198200,1018758,SBL,Ever Bounce,True,0,0,0.0,0.0,0.0,,Ever Bounced,False,0.751,High
PR01388740,90.0,3  Above,96192,430278,Micro Loan,Ever Bounce,True,0,0,0.0,0.0,0.0,,Ever Bounced,False,0.75,High
PR01388805,90.0,3  Above,96999,523004,Micro Loan,Ever Bounce,True,0,0,0.0,0.0,0.0,,Ever Bounced,False,0.75,High
PR01388816,90.0,3  Above,198209,930189,SBL,Ever Bounce,True,0,0,0.0,0.0,0.0,,Ever Bounced,False,0.751,High
PR01388818,90.0,3  Above,46386,277285,Micro Loan,Ever Bounce,True,0,0,0.0,0.0,0.0,,Ever Bounced,False,0.75,High
PR01388865,90.0,3  Above,163488,830944,SBL,Ever Bounce,True,0,0,0.0,0.0,0.0,,Ever Bounced,False,0.75,High
PR01388867,90.0,3  Above,151494,406356,Micro Loan,Ever Bounce,True,0,0,0.0,0.0,0.0,,Ever Bounced,False,0.75,High
PR01388915,90.0,3  Above,90940,716078,SBL,Ever Bounce,True,0,0,0.0,0.0,0.0,,Ever Bounced,False,0.75,High
PR01389271,90.0,3  Above,144152,917807,SBL,Ever Bounce,True,0,0,0.0,0.0,0.0,,Ever Bounced,False,0.75,High
PR01389280,90.0,3  Above,208109,976721,SBL,Ever Bounce,True,0,0,0.0,0.0,0.0,,Ever Bounced,False,0.752,High
PR01389330,90.0,3  Above,573021,1662932,SBL,Ever Bounce,True,0,0,0.0,0.0,0.0,,Ever Bounced,False,0.762,High
PR01389559,90.0,3  Above,120240,437620,SBL,Ever Bounce,True,0,0,0.0,0.0,0.0,,Ever Bounced,False,0.75,High
PR01389563,90.0,3  Above,69950,512811,Micro Loan,Ever Bounce,True,0,0,0.0,0.0,0.0,,Ever Bounced,False,0.75,High
PR01389580,90.0,3  Above,86814,648713,SBL,Ever Bounce,True,0,0,0.0,0.0,0.0,,Ever Bounced,False,0.75,High
PR01865139,90.0,3  Above,61104,457190,ME,Ever Bounce,True,0,0,0.0,0.0,0.0,,Ever Bounced,False,0.75,High
PR01389608,75.0,3,48096,414731,Micro Loan,Ever Bounce,True,0,0,0.0,0.0,0.0,,Ever Bounced,False,0.712,High
PR01389750,90.0,3  Above,129735,737602,SBL,Ever Bounce,True,0,0,0.0,0.0,0.0,,Ever Bounced,False,0.75,High
PR01389786,90.0,3  Above,178387,837173,SBL,Ever Bounce,True,0,0,0.0,0.0,0.0,,Ever Bounced,False,0.75,High
PR01517967,90.0,3  Above,51535,247870,SBL,Ever Bounce,True,0,0,0.0,0.0,0.0,,Ever Bounced,False,0.75,High
PR01389827,90.0,3  Above,288472,2704637,Co-Lending,Ever Bounce,True,0,0,0.0,0.0,0.0,,Ever Bounced,False,0.755,High
PR01389838,90.0,3  Above,235392,629737,SBL,Ever Bounce,True,0,0,0.0,0.0,0.0,,Ever Bounced,False,0.753,High
PR01389849,90.0,3  Above,170190,968121,SBL,Ever Bounce,True,0,0,0.0,0.0,0.0,,Ever Bounced,False,0.75,High
PR01389880,90.0,3  Above,194598,1106423,SBL,Ever Bounce,True,0,0,0.0,0.0,0.0,,Ever Bounced,False,0.751,High
PR01665387,90.0,3  Above,467400,2954517,Co-Lending,Ever Bounce,True,0,0,0.0,0.0,0.0,,Ever Bounced,False,0.76,High
PR01389914,90.0,3  Above,100135,575600,SBL,Ever Bounce,True,0,0,0.0,0.0,0.0,,Ever Bounced,False,0.75,High
PR01390144,90.0,3  Above,190305,609077,SBL,Ever Bounce,True,0,0,0.0,0.0,0.0,,Ever Bounced,False,0.751,High
PR01390220,75.0,3,57220,556885,SBL,Ever Bounce,False,1,0,0.0,1.0,14305.0,2026-09-08 14:14:00,Ever Bounced,False,0.7,High
PR01390238,90.0,3  Above,63991,420151,Micro Loan,Ever Bounce,True,0,0,0.0,0.0,0.0,,Ever Bounced,False,0.75,High
PR01390243,75.0,3,83424,1074246,SBL,Ever Bounce,True,0,0,0.0,0.0,0.0,,Ever Bounced,False,0.717,High
PR01390298,90.0,3  Above,211509,965417,SBL,Ever Bounce,True,0,0,0.0,0.0,0.0,,Ever Bounced,False,0.752,High
PR01390814,90.0,3  Above,115736,563217,SBL,Ever Bounce,True,0,0,0.0,0.0,0.0,,Ever Bounced,False,0.75,High
PR01390843,90.0,3  Above,120240,437620,SBL,Ever Bounce,True,0,0,0.0,0.0,0.0,,Ever Bounced,False,0.75,High
PR01390852,90.0,3  Above,168144,836160,SBL,Ever Bounce,True,0,0,0.0,0.0,0.0,,Ever Bounced,False,0.75,High
PR01390982,90.0,3  Above,138740,1004936,SBL,Ever Bounce,True,0,0,0.0,0.0,0.0,,Ever Bounced,False,0.75,High
PR01674549,90.0,3  Above,104279,758756,ME,Ever Bounce,True,0,0,0.0,0.0,0.0,,Ever Bounced,False,0.75,High
PR01390995,90.0,3  Above,50071,287784,SBL,Ever Bounce,True,0,0,0.0,0.0,0.0,,Ever Bounced,False,0.75,High
PR01455676,90.0,3  Above,64372,381563,SBL,Ever Bounce,True,0,0,0.0,0.0,0.0,,Ever Bounced,False,0.75,High
PR01391050,90.0,3  Above,129736,826030,SBL,Ever Bounce,True,0,0,0.0,0.0,0.0,,Ever Bounced,False,0.75,High
PR01391119,90.0,3  Above,97302,818319,SBL,Ever Bounce,True,0,0,0.0,0.0,0.0,,Ever Bounced,False,0.75,High
PR01391127,90.0,3  Above,77586,672868,SBL,Ever Bounce,True,0,0,0.0,0.0,0.0,,Ever Bounced,False,0.75,High
PR01391752,90.0,3  Above,109240,1900355,ME,Ever Bounce,True,0,0,0.0,0.0,0.0,,Ever Bounced,False,0.75,High
PR01391768,90.0,3  Above,96192,430278,Micro Loan,Ever Bounce,True,0,0,0.0,0.0,0.0,,Ever Bounced,False,0.75,High
PR01401274,90.0,3  Above,218335,1166234,Co-Lending,Ever Bounce,True,0,0,0.0,0.0,0.0,,Ever Bounced,False,0.752,High
PR01401731,90.0,3  Above,303656,2854437,Co-Lending,Ever Bounce,True,0,0,0.0,0.0,0.0,,Ever Bounced,False,0.756,High
PR01402964,90.0,3  Above,180190,930189,SBL,Ever Bounce,True,0,0,0.0,0.0,0.0,,Ever Bounced,False,0.75,High
PR01403112,90.0,3  Above,139509,628920,SBL,Ever Bounce,True,0,0,0.0,0.0,0.0,,Ever Bounced,False,0.75,High
PR01403241,90.0,3  Above,216420,549669,Micro Loan,Ever Bounce,True,0,0,0.0,0.0,0.0,,Ever Bounced,False,0.752,High
PR01403389,90.0,3  Above,408504,1055074,SBL,Ever Bounce,True,0,0,0.0,0.0,0.0,,Ever Bounced,False,0.759,High
PR01824985,90.0,3  Above,113035,264839,ME,Ever Bounce,True,0,0,0.0,0.0,0.0,,Ever Bounced,False,0.75,High
PR01403420,90.0,3  Above,239535,636835,Micro Loan,Ever Bounce,True,0,0,0.0,0.0,0.0,,Ever Bounced,False,0.753,High
PR01404085,90.0,3  Above,338910,1408082,SBL,Ever Bounce,True,0,0,0.0,0.0,0.0,,Ever Bounced,False,0.757,High
PR01405395,90.0,3  Above,246042,814836,SBL,Ever Bounce,True,0,0,0.0,0.0,0.0,,Ever Bounced,False,0.753,High
PR01405472,90.0,3  Above,212080,999594,SBL,Ever Bounce,True,0,0,0.0,0.0,0.0,,Ever Bounced,False,0.752,High
PR01405479,90.0,3  Above,91248,429469,Micro Loan,Ever Bounce,True,0,0,0.0,0.0,0.0,,Ever Bounced,False,0.75,High
PR01406141,90.0,3  Above,174730,874148,SBL,Ever Bounce,True,0,0,0.0,0.0,0.0,,Ever Bounced,False,0.75,High
PR01406315,75.0,3,85048,1067744,SBL,Ever Bounce,True,0,0,0.0,0.0,0.0,,Ever Bounced,False,0.717,High
PR01406399,90.0,3  Above,129732,1096296,SBL,Ever Bounce,True,0,0,0.0,0.0,0.0,,Ever Bounced,False,0.75,High
PR01406455,90.0,3  Above,293631,1304306,ME,Ever Bounce,True,0,0,0.0,0.0,0.0,,Ever Bounced,False,0.755,High
PR01406507,90.0,3  Above,144280,529445,Micro Loan,Ever Bounce,True,0,0,0.0,0.0,0.0,,Ever Bounced,False,0.75,High
PR01407308,90.0,3  Above,85162,639345,SBL,Ever Bounce,True,0,0,0.0,0.0,0.0,,Ever Bounced,False,0.75,High
PR01407334,90.0,3  Above,75630,577180,SBL,Ever Bounce,True,0,0,0.0,0.0,0.0,,Ever Bounced,False,0.75,High
PR01407363,90.0,3  Above,156800,784512,SBL,Ever Bounce,True,0,0,0.0,0.0,0.0,,Ever Bounced,False,0.75,High
PR01407443,90.0,3  Above,102984,585331,SBL,Ever Bounce,True,0,0,0.0,0.0,0.0,,Ever Bounced,False,0.75,High
PR01408038,90.0,3  Above,37297,278947,Micro Loan,Ever Bounce,True,0,0,0.0,0.0,0.0,,Ever Bounced,False,0.75,High
PR01408269,90.0,3  Above,103605,1045651,SBL,Ever Bounce,True,0,0,0.0,0.0,0.0,,Ever Bounced,False,0.75,High
PR01408318,90.0,3  Above,84336,508899,SBL,Ever Bounce,True,0,0,0.0,0.0,0.0,,Ever Bounced,False,0.75,High
PR01408495,90.0,3  Above,117698,668936,SBL,Ever Bounce,True,0,0,0.0,0.0,0.0,,Ever Bounced,False,0.75,High
PR01674195,90.0,3  Above,80874,364577,SBL,Ever Bounce,True,0,0,0.0,0.0,0.0,,Ever Bounced,False,0.75,High
PR01408638,90.0,3  Above,121890,561909,SBL,Ever Bounce,True,0,0,0.0,0.0,0.0,,Ever Bounced,False,0.75,High
PR01408775,90.0,3  Above,230640,762688,SBL,Ever Bounce,True,0,0,0.0,0.0,0.0,,Ever Bounced,False,0.753,High
PR01408804,90.0,3  Above,248710,719499,SBL,Ever Bounce,True,0,0,0.0,0.0,0.0,,Ever Bounced,False,0.754,High
PR01408899,90.0,3  Above,132408,596933,SBL,Ever Bounce,True,0,0,0.0,0.0,0.0,,Ever Bounced,False,0.75,High
PR01408974,90.0,3  Above,114606,736370,SBL,Ever Bounce,True,0,0,0.0,0.0,0.0,,Ever Bounced,False,0.75,High
PR01409168,90.0,3  Above,196180,821977,SBL,Ever Bounce,True,0,0,0.0,0.0,0.0,,Ever Bounced,False,0.751,High
PR01409553,90.0,3  Above,307910,2125744,ME,Ever Bounce,True,0,0,0.0,0.0,0.0,,Ever Bounced,False,0.756,High
PR01409565,90.0,3  Above,170687,570409,Micro Loan,Ever Bounce,True,0,0,0.0,0.0,0.0,,Ever Bounced,False,0.75,High
PR01409574,75.0,3,59736,727761,SBL,Ever Bounce,True,0,0,0.0,0.0,0.0,,Ever Bounced,False,0.714,High
PR01409606,90.0,3  Above,154150,631355,SBL,Ever Bounce,True,0,0,0.0,0.0,0.0,,Ever Bounced,False,0.75,High
PR01409607,90.0,3  Above,336940,1052733,SBL,Ever Bounce,True,0,0,0.0,0.0,0.0,,Ever Bounced,False,0.757,High
PR01409619,90.0,3  Above,95202,780335,SBL,Ever Bounce,True,0,0,0.0,0.0,0.0,,Ever Bounced,False,0.75,High
PR01409642,90.0,3  Above,191180,930503,SBL,Ever Bounce,True,0,0,0.0,0.0,0.0,,Ever Bounced,False,0.751,High
PR01822354,90.0,3  Above,117161,591941,ME,Ever Bounce,True,0,0,0.0,0.0,0.0,,Ever Bounced,False,0.75,High
PR01409657,90.0,3  Above,103716,666397,SBL,Ever Bounce,True,0,0,0.0,0.0,0.0,,Ever Bounced,False,0.75,High
PR01409700,90.0,3  Above,122528,783700,SBL,Ever Bounce,True,0,0,0.0,0.0,0.0,,Ever Bounced,False,0.75,High
PR01409769,90.0,3  Above,381591,3277227,Co-Lending,Ever Bounce,True,0,0,0.0,0.0,0.0,,Ever Bounced,False,0.758,High
PR01748471,90.0,3  Above,59931,491486,Co-Lending,Ever Bounce,True,0,0,0.0,0.0,0.0,,Ever Bounced,False,0.75,High
PR01409949,90.0,3  Above,248830,1066729,SBL,Ever Bounce,True,0,0,0.0,0.0,0.0,,Ever Bounced,False,0.754,High
PR01667379,90.0,3  Above,68290,282246,ME,Ever Bounce,True,0,0,0.0,0.0,0.0,,Ever Bounced,False,0.75,High
PR01410036,90.0,3  Above,125964,964328,ME,Ever Bounce,True,0,0,0.0,0.0,0.0,,Ever Bounced,False,0.75,High
PR01410143,90.0,3  Above,109417,559366,Micro Loan,Ever Bounce,True,0,0,0.0,0.0,0.0,,Ever Bounced,False,0.75,High
PR01410426,90.0,3  Above,108647,617454,SBL,Ever Bounce,True,0,0,0.0,0.0,0.0,,Ever Bounced,False,0.75,High
PR01410493,90.0,3  Above,103720,509653,SBL,Ever Bounce,True,0,0,0.0,0.0,0.0,,Ever Bounced,False,0.75,High
PR01410538,90.0,3  Above,178387,840778,SBL,Ever Bounce,True,0,0,0.0,0.0,0.0,,Ever Bounced,False,0.75,High
PR01410618,90.0,3  Above,54446,278341,Micro Loan,Ever Bounce,True,0,0,0.0,0.0,0.0,,Ever Bounced,False,0.75,High
PR01410768,90.0,3  Above,58244,606220,SBL,Ever Bounce,True,0,0,0.0,0.0,0.0,,Ever Bounced,False,0.75,High
PR01410770,90.0,3  Above,119960,700343,SBL,Ever Bounce,True,0,0,0.0,0.0,0.0,,Ever Bounced,False,0.75,High
PR01410811,90.0,3  Above,116144,313824,Micro Loan,Ever Bounce,True,0,0,0.0,0.0,0.0,,Ever Bounced,False,0.75,High
PR01410841,90.0,3  Above,314910,1463230,ME,Ever Bounce,True,0,0,0.0,0.0,0.0,,Ever Bounced,False,0.756,High
PR01410873,90.0,3  Above,106404,872133,SBL,Ever Bounce,True,0,0,0.0,0.0,0.0,,Ever Bounced,False,0.75,High
PR01410962,90.0,3  Above,68422,501113,Micro Loan,Ever Bounce,True,0,0,0.0,0.0,0.0,,Ever Bounced,False,0.75,High
PR01410971,75.0,3,52544,659636,SBL,Ever Bounce,True,0,0,0.0,0.0,0.0,,Ever Bounced,False,0.712,High
PR01410972,90.0,3  Above,351105,1795080,Co-Lending,Ever Bounce,True,0,0,0.0,0.0,0.0,,Ever Bounced,False,0.757,High
PR01452435,90.0,3  Above,218250,1120969,Co-Lending,Ever Bounce,True,0,0,0.0,0.0,0.0,,Ever Bounced,False,0.752,High
PR01411001,90.0,3  Above,193902,461604,Micro Loan,Ever Bounce,True,0,0,0.0,0.0,0.0,,Ever Bounced,False,0.751,High
PR01411009,90.0,3  Above,88627,472383,Micro Loan,Ever Bounce,True,0,0,0.0,0.0,0.0,,Ever Bounced,False,0.75,High
PR01411052,90.0,3  Above,85162,639345,SBL,Ever Bounce,True,0,0,0.0,0.0,0.0,,Ever Bounced,False,0.75,High
PR01411103,90.0,3  Above,84005,822503,SBL,Ever Bounce,True,0,0,0.0,0.0,0.0,,Ever Bounced,False,0.75,High
PR01411123,90.0,3  Above,112518,653600,SBL,Ever Bounce,True,0,0,0.0,0.0,0.0,,Ever Bounced,False,0.75,High
PR01411151,90.0,3  Above,142344,1193221,Co-Lending,Ever Bounce,True,0,0,0.0,0.0,0.0,,Ever Bounced,False,0.75,High
PR01448339,90.0,3  Above,54274,376323,Co-Lending,Ever Bounce,True,0,0,0.0,0.0,0.0,,Ever Bounced,False,0.75,High
PR01411179,90.0,3  Above,65335,639734,SBL,Ever Bounce,True,0,0,0.0,0.0,0.0,,Ever Bounced,False,0.75,High
PR01411188,90.0,3  Above,40254,238000,Micro Loan,Ever Bounce,True,0,0,0.0,0.0,0.0,,Ever Bounced,False,0.75,High
PR01452845,90.0,3  Above,47760,287294,ME,Ever Bounce,True,0,0,0.0,0.0,0.0,,Ever Bounced,False,0.75,High
PR01411244,90.0,3  Above,534632,2420893,ME,Ever Bounce,True,0,0,0.0,0.0,0.0,,Ever Bounced,False,0.761,High
PR01411264,90.0,3  Above,240345,1259643,Co-Lending,Ever Bounce,True,0,0,0.0,0.0,0.0,,Ever Bounced,False,0.753,High
PR01444871,90.0,3  Above,129420,681500,Co-Lending,Ever Bounce,True,0,0,0.0,0.0,0.0,,Ever Bounced,False,0.75,High
PR01411298,90.0,3  Above,109200,425347,ME,Ever Bounce,True,0,0,0.0,0.0,0.0,,Ever Bounced,False,0.75,High
PR01455158,90.0,3  Above,91247,358113,ME,Ever Bounce,True,0,0,0.0,0.0,0.0,,Ever Bounced,False,0.75,High
PR01411300,90.0,3  Above,81744,415473,SBL,Ever Bounce,True,0,0,0.0,0.0,0.0,,Ever Bounced,False,0.75,High
PR01411328,75.0,3,86488,1085863,SBL,Ever Bounce,True,0,0,0.0,0.0,0.0,,Ever Bounced,False,0.718,High
PR01411361,90.0,3  Above,267925,1268128,ME,Ever Bounce,True,0,0,0.0,0.0,0.0,,Ever Bounced,False,0.754,High
PR01411369,75.0,3,72076,904859,SBL,Ever Bounce,True,0,0,0.0,0.0,0.0,,Ever Bounced,False,0.716,High
PR01411372,75.0,3,111968,1908743,ME,Ever Bounce,True,0,0,0.0,0.0,0.0,,Ever Bounced,False,0.72,High
PR01411381,90.0,3  Above,117978,656199,SBL,Ever Bounce,True,0,0,0.0,0.0,0.0,,Ever Bounced,False,0.75,High
PR01411409,90.0,3  Above,158622,529568,SBL,Ever Bounce,True,0,0,0.0,0.0,0.0,,Ever Bounced,False,0.75,High
PR01411468,90.0,3  Above,144152,921996,SBL,Ever Bounce,True,0,0,0.0,0.0,0.0,,Ever Bounced,False,0.75,High
PR01411710,90.0,3  Above,88638,772573,SBL,Ever Bounce,True,0,0,0.0,0.0,0.0,,Ever Bounced,False,0.75,High
PR01412284,90.0,3  Above,151830,1139867,SBL,Ever Bounce,True,0,0,0.0,0.0,0.0,,Ever Bounced,False,0.75,High
PR01412335,90.0,3  Above,95130,671284,SBL,Ever Bounce,True,0,0,0.0,0.0,0.0,,Ever Bounced,False,0.75,High
PR01412621,90.0,3  Above,100904,645405,SBL,Ever Bounce,True,0,0,0.0,0.0,0.0,,Ever Bounced,False,0.75,High
PR01412883,90.0,3  Above,80856,683280,SBL,Ever Bounce,True,0,0,0.0,0.0,0.0,,Ever Bounced,False,0.75,High
PR01413064,90.0,3  Above,115424,520803,Micro Loan,Ever Bounce,True,0,0,0.0,0.0,0.0,,Ever Bounced,False,0.75,High
PR01413074,90.0,3  Above,132408,596933,SBL,Ever Bounce,True,0,0,0.0,0.0,0.0,,Ever Bounced,False,0.75,High
PR01413091,90.0,3  Above,154804,467645,Micro Loan,Ever Bounce,True,0,0,0.0,0.0,0.0,,Ever Bounced,False,0.75,High
PR01424326,75.0,3,79948,1040062,SBL,Ever Bounce,True,0,0,0.0,0.0,0.0,,Ever Bounced,False,0.717,High
PR01425744,90.0,3  Above,134624,648207,Home Loan,Ever Bounce,True,0,0,0.0,0.0,0.0,,Ever Bounced,False,0.75,High
PR01453449,90.0,3  Above,189280,913329,Home Loan,Ever Bounce,True,0,0,0.0,0.0,0.0,,Ever Bounced,False,0.751,High
PR01427813,90.0,3  Above,66155,489075,SBL,Ever Bounce,True,0,0,0.0,0.0,0.0,,Ever Bounced,False,0.75,High
PR01428321,90.0,3  Above,243250,1261180,SBL,Ever Bounce,True,0,0,0.0,0.0,0.0,,Ever Bounced,False,0.753,High
PR01428464,90.0,3  Above,120240,444689,Micro Loan,Ever Bounce,True,0,0,0.0,0.0,0.0,,Ever Bounced,False,0.75,High
PR01429364,90.0,3  Above,308123,870920,SBL,Ever Bounce,True,0,0,0.0,0.0,0.0,,Ever Bounced,False,0.756,High
PR01429398,90.0,3  Above,188298,891237,SBL,Ever Bounce,True,0,0,0.0,0.0,0.0,,Ever Bounced,False,0.751,High
PR01411674,75.0,3,71964,960810,ME,Ever Bounce,True,0,0,0.0,0.0,0.0,,Ever Bounced,False,0.716,High
PR01429486,75.0,3,38460,516248,ME,Ever Bounce,True,0,0,0.0,0.0,0.0,,Ever Bounced,False,0.709,High
PR01429557,90.0,3  Above,185590,962233,SBL,Ever Bounce,True,0,0,0.0,0.0,0.0,,Ever Bounced,False,0.75,High
PR01429941,90.0,3  Above,67333,347190,Micro Loan,Ever Bounce,True,0,0,0.0,0.0,0.0,,Ever Bounced,False,0.75,High
PR01430408,90.0,3  Above,108114,917807,SBL,Ever Bounce,True,0,0,0.0,0.0,0.0,,Ever Bounced,False,0.75,High
PR01430436,90.0,3  Above,76878,562490,SBL,Ever Bounce,True,0,0,0.0,0.0,0.0,,Ever Bounced,False,0.75,High
PR01430440,90.0,3  Above,166062,670582,ME,Ever Bounce,True,0,0,0.0,0.0,0.0,,Ever Bounced,False,0.75,High
PR01430480,75.0,3,67256,655274,SBL,Ever Bounce,True,0,0,0.0,0.0,0.0,,Ever Bounced,False,0.715,High
PR01430498,90.0,3  Above,172062,1018931,SBL,Ever Bounce,True,0,0,0.0,0.0,0.0,,Ever Bounced,False,0.75,High
PR01430506,75.0,3,65484,587265,SBL,Ever Bounce,True,0,0,0.0,0.0,0.0,,Ever Bounced,False,0.715,High
PR01430511,90.0,3  Above,102984,591175,SBL,Ever Bounce,True,0,0,0.0,0.0,0.0,,Ever Bounced,False,0.75,High
PR01430512,90.0,3  Above,108216,441188,Micro Loan,Ever Bounce,True,0,0,0.0,0.0,0.0,,Ever Bounced,False,0.75,High
PR01430514,90.0,3  Above,69405,607155,SBL,Ever Bounce,True,0,0,0.0,0.0,0.0,,Ever Bounced,False,0.75,High
PR01430744,90.0,3  Above,97345,1018169,SBL,Ever Bounce,True,0,0,0.0,0.0,0.0,,Ever Bounced,False,0.75,High
PR01430933,90.0,3  Above,165020,828967,SBL,Ever Bounce,True,0,0,0.0,0.0,0.0,,Ever Bounced,False,0.75,High
PR01431203,90.0,3  Above,387204,1863301,SBL,Ever Bounce,True,0,0,0.0,0.0,0.0,,Ever Bounced,False,0.758,High
PR01431305,90.0,3  Above,148588,604620,ME,Ever Bounce,True,0,0,0.0,0.0,0.0,,Ever Bounced,False,0.75,High
PR01389958,90.0,3  Above,89082,749233,SBL,Ever Bounce,True,0,0,0.0,0.0,0.0,,Ever Bounced,False,0.75,High
PR01431428,90.0,3  Above,37404,317574,ME,Ever Bounce,True,0,0,0.0,0.0,0.0,,Ever Bounced,False,0.75,High
PR01431454,75.0,3,106540,1889059,Co-Lending,Ever Bounce,True,0,0,0.0,0.0,0.0,,Ever Bounced,False,0.72,High
PR01431467,90.0,3  Above,213942,1745702,Co-Lending,Ever Bounce,True,0,0,0.0,0.0,0.0,,Ever Bounced,False,0.752,High
PR01431540,90.0,3  Above,88404,586137,SBL,Ever Bounce,True,0,0,0.0,0.0,0.0,,Ever Bounced,False,0.75,High
PR01431669,90.0,3  Above,218020,1031975,ME,Ever Bounce,True,0,0,0.0,0.0,0.0,,Ever Bounced,False,0.752,High
PR01432256,90.0,3  Above,165032,1206340,SBL,Ever Bounce,True,0,0,0.0,0.0,0.0,,Ever Bounced,False,0.75,High
PR01432401,90.0,3  Above,129732,1101397,ME,Ever Bounce,True,0,0,0.0,0.0,0.0,,Ever Bounced,False,0.75,High
PR01432593,90.0,3  Above,122180,654144,SBL,Ever Bounce,True,0,0,0.0,0.0,0.0,,Ever Bounced,False,0.75,High
PR01432613,90.0,3  Above,187575,479677,Micro Loan,Ever Bounce,True,0,0,0.0,0.0,0.0,,Ever Bounced,False,0.751,High
PR01432630,90.0,3  Above,137969,484244,ME,Ever Bounce,True,0,0,0.0,0.0,0.0,,Ever Bounced,False,0.75,High
PR01432661,75.0,3,120608,1605233,Co-Lending,Ever Bounce,True,0,0,0.0,0.0,0.0,,Ever Bounced,False,0.721,High
PR01432664,90.0,3  Above,144280,533645,SBL,Ever Bounce,True,0,0,0.0,0.0,0.0,,Ever Bounced,False,0.75,High
PR01409684,90.0,3  Above,88374,820766,SBL,Ever Bounce,True,0,0,0.0,0.0,0.0,,Ever Bounced,False,0.75,High
PR01432683,75.0,3,37884,524913,SBL,Ever Bounce,True,0,0,0.0,0.0,0.0,,Ever Bounced,False,0.709,High
PR01432704,90.0,3  Above,288304,957019,SBL,Ever Bounce,True,0,0,0.0,0.0,0.0,,Ever Bounced,False,0.755,High
PR01432718,90.0,3  Above,138281,740000,ME,Ever Bounce,True,0,0,0.0,0.0,0.0,,Ever Bounced,False,0.75,High
PR01432757,90.0,3  Above,334450,1912635,SBL,Ever Bounce,True,0,0,0.0,0.0,0.0,,Ever Bounced,False,0.757,High
PR01432815,90.0,3  Above,62040,370056,Micro Loan,Ever Bounce,True,0,0,0.0,0.0,0.0,,Ever Bounced,False,0.75,High
PR01432839,90.0,3  Above,147120,608195,SBL,Ever Bounce,True,0,0,0.0,0.0,0.0,,Ever Bounced,False,0.75,High
PR01432858,90.0,3  Above,587955,1295693,SBL,Ever Bounce,True,0,0,0.0,0.0,0.0,,Ever Bounced,False,0.762,High
PR01432865,90.0,3  Above,187395,756694,ME,Ever Bounce,True,0,0,0.0,0.0,0.0,,Ever Bounced,False,0.751,High
PR01432873,90.0,3  Above,134871,523500,SBL,Ever Bounce,True,0,0,0.0,0.0,0.0,,Ever Bounced,False,0.75,High
PR01432877,90.0,3  Above,189162,860842,SBL,Ever Bounce,True,0,0,0.0,0.0,0.0,,Ever Bounced,False,0.751,High
PR01432899,90.0,3  Above,180190,934195,SBL,Ever Bounce,True,0,0,0.0,0.0,0.0,,Ever Bounced,False,0.75,High
PR01432936,90.0,3  Above,96600,728666,SBL,Ever Bounce,True,0,0,0.0,0.0,0.0,,Ever Bounced,False,0.75,High
PR01471600,90.0,3  Above,45984,406635,SBL,Ever Bounce,True,0,0,0.0,0.0,0.0,,Ever Bounced,False,0.75,High
PR01434162,75.0,3,32268,447061,ME,Ever Bounce,True,0,0,0.0,0.0,0.0,,Ever Bounced,False,0.707,High
PR01697391,75.0,3,123164,2146072,ME,Ever Bounce,True,0,0,0.0,0.0,0.0,,Ever Bounced,False,0.721,High
PR01432998,90.0,3  Above,97328,645432,SBL,Ever Bounce,True,0,0,0.0,0.0,0.0,,Ever Bounced,False,0.75,High
PR01433001,90.0,3  Above,189196,1383007,SBL,Ever Bounce,True,0,0,0.0,0.0,0.0,,Ever Bounced,False,0.751,High
PR01433097,75.0,3,159759,2857211,ME,Ever Bounce,True,0,0,0.0,0.0,0.0,,Ever Bounced,False,0.724,High
PR01433139,90.0,3  Above,175628,622107,Micro Loan,Ever Bounce,True,0,0,0.0,0.0,0.0,,Ever Bounced,False,0.75,High
PR01433414,75.0,3,72240,489008,SBL,Ever Bounce,True,0,0,0.0,0.0,0.0,,Ever Bounced,False,0.716,High
PR01433503,90.0,3  Above,324330,1144043,SBL,Ever Bounce,True,0,0,0.0,0.0,0.0,,Ever Bounced,False,0.756,High
PR01433563,90.0,3  Above,183780,1114534,ME,Ever Bounce,True,0,0,0.0,0.0,0.0,,Ever Bounced,False,0.75,High
PR01477380,90.0,3  Above,103872,632525,ME,Ever Bounce,True,0,0,0.0,0.0,0.0,,Ever Bounced,False,0.75,High
PR01433741,90.0,3  Above,92529,678441,ME,Ever Bounce,True,0,0,0.0,0.0,0.0,,Ever Bounced,False,0.75,High
PR01491956,90.0,3  Above,92529,682050,ME,Ever Bounce,True,0,0,0.0,0.0,0.0,,Ever Bounced,False,0.75,High
PR01433790,90.0,3  Above,251910,679034,SBL,Ever Bounce,True,0,0,0.0,0.0,0.0,,Ever Bounced,False,0.754,High
PR01433902,90.0,3  Above,204408,467419,Micro Loan,Ever Bounce,True,0,0,0.0,0.0,0.0,,Ever Bounced,False,0.751,High
PR01433915,90.0,3  Above,96384,639100,SBL,Ever Bounce,True,0,0,0.0,0.0,0.0,,Ever Bounced,False,0.75,High
PR01574359,90.0,3  Above,37830,265343,ME,Ever Bounce,True,0,0,0.0,0.0,0.0,,Ever Bounced,False,0.75,High
PR01433978,90.0,3  Above,195944,975486,ME,Ever Bounce,True,0,0,0.0,0.0,0.0,,Ever Bounced,False,0.751,High
PR01434035,90.0,3  Above,170244,774762,SBL,Ever Bounce,True,0,0,0.0,0.0,0.0,,Ever Bounced,False,0.75,High
PR01779303,90.0,3  Above,111510,518044,ME,Ever Bounce,True,0,0,0.0,0.0,0.0,,Ever Bounced,False,0.75,High
PR01434038,90.0,3  Above,173140,640364,SBL,Ever Bounce,True,0,0,0.0,0.0,0.0,,Ever Bounced,False,0.75,High
PR01434039,90.0,3  Above,99100,1004936,SBL,Ever Bounce,True,0,0,0.0,0.0,0.0,,Ever Bounced,False,0.75,High
PR01434040,90.0,3  Above,73000,390801,SBL,Ever Bounce,True,0,0,0.0,0.0,0.0,,Ever Bounced,False,0.75,High
PR01477967,90.0,3  Above,66040,356723,ME,Ever Bounce,True,0,0,0.0,0.0,0.0,,Ever Bounced,False,0.75,High
PR01434060,75.0,3,55616,723524,SBL,Ever Bounce,True,0,0,0.0,0.0,0.0,,Ever Bounced,False,0.713,High
PR01434067,90.0,3  Above,96204,437620,Micro Loan,Ever Bounce,True,0,0,0.0,0.0,0.0,,Ever Bounced,False,0.75,High
PR01434073,75.0,3,49536,435358,Micro Loan,Ever Bounce,True,0,0,0.0,0.0,0.0,,Ever Bounced,False,0.712,High
PR01742970,75.0,3,26968,286213,ME,Ever Bounce,True,0,0,0.0,0.0,0.0,,Ever Bounced,False,0.706,High
PR01434086,90.0,3  Above,73560,579399,SBL,Ever Bounce,True,0,0,0.0,0.0,0.0,,Ever Bounced,False,0.75,High
PR01725943,75.0,3,35944,353866,ME,Ever Bounce,True,0,0,0.0,0.0,0.0,,Ever Bounced,False,0.709,High
PR01434116,75.0,3,49464,452709,Micro Loan,Ever Bounce,True,0,0,0.0,0.0,0.0,,Ever Bounced,False,0.712,High
PR01434168,90.0,3  Above,98148,859639,SBL,Ever Bounce,True,0,0,0.0,0.0,0.0,,Ever Bounced,False,0.75,High
PR01434245,90.0,3  Above,194840,805395,SBL,Ever Bounce,True,0,0,0.0,0.0,0.0,,Ever Bounced,False,0.751,High
PR01434265,90.0,3  Above,131170,680113,SBL,Ever Bounce,True,0,0,0.0,0.0,0.0,,Ever Bounced,False,0.75,High
PR01434286,75.0,3,67256,655274,SBL,Ever Bounce,True,0,0,0.0,0.0,0.0,,Ever Bounced,False,0.715,High
PR01434298,90.0,3  Above,138299,793836,SBL,Ever Bounce,True,0,0,0.0,0.0,0.0,,Ever Bounced,False,0.75,High
PR01434368,90.0,3  Above,64488,485635,SBL,Ever Bounce,True,0,0,0.0,0.0,0.0,,Ever Bounced,False,0.75,High
PR01436573,0.0,0,16785,838748,SBL,Ever Bounce,True,0,0,0.0,0.0,0.0,,Ever Bounced,False,0.7,High
PR01442556,90.0,3  Above,64074,801446,Co-Lending,Ever Bounce,True,0,0,0.0,0.0,0.0,,Ever Bounced,False,0.75,High
PR01474141,90.0,3  Above,34620,434122,Co-Lending,Ever Bounce,True,0,0,0.0,0.0,0.0,,Ever Bounced,False,0.75,High
PR01407414,45.0,2,14697,333292,SBL,Ever Bounce,True,0,0,0.0,0.0,0.0,,Ever Bounced,False,0.7,High
PR01444160,75.0,3,64380,1102207,ME,Ever Bounce,True,0,0,0.0,0.0,0.0,,Ever Bounced,False,0.715,High
PR01407847,90.0,3  Above,122944,1106542,ME,Ever Bounce,True,0,0,0.0,0.0,0.0,,Ever Bounced,False,0.75,High
PR01446674,90.0,3  Above,68824,622136,ME,Ever Bounce,True,0,0,0.0,0.0,0.0,,Ever Bounced,False,0.75,High
PR01448559,75.0,3,46812,612073,SBL,Ever Bounce,True,0,0,0.0,0.0,0.0,,Ever Bounced,False,0.711,High
PR01469302,75.0,3,67892,891992,SBL,Ever Bounce,True,0,0,0.0,0.0,0.0,,Ever Bounced,False,0.715,High
PR01449091,90.0,3  Above,195944,977266,ME,Ever Bounce,True,0,0,0.0,0.0,0.0,,Ever Bounced,False,0.751,High
PR01694766,90.0,3  Above,155985,695651,ME,Ever Bounce,True,0,0,0.0,0.0,0.0,,Ever Bounced,False,0.75,High
PR01449136,90.0,3  Above,252266,953355,Co-Lending,Ever Bounce,True,0,0,0.0,0.0,0.0,,Ever Bounced,False,0.754,High
PR01449147,90.0,3  Above,173800,934642,SBL,Ever Bounce,True,0,0,0.0,0.0,0.0,,Ever Bounced,False,0.75,High
PR01449261,90.0,3  Above,150264,969703,SBL,Ever Bounce,True,0,0,0.0,0.0,0.0,,Ever Bounced,False,0.75,High
PR01450066,90.0,3  Above,227745,1917740,Co-Lending,Ever Bounce,True,0,0,0.0,0.0,0.0,,Ever Bounced,False,0.753,High
PR01450303,45.0,2,28400,536485,ME,Ever Bounce,True,0,0,0.0,0.0,0.0,,Ever Bounced,False,0.7,High
PR01450952,90.0,3  Above,204919,674712,SBL,Ever Bounce,True,0,0,0.0,0.0,0.0,,Ever Bounced,False,0.752,High
PR01450990,90.0,3  Above,216220,1125793,SBL,Ever Bounce,True,0,0,0.0,0.0,0.0,,Ever Bounced,False,0.752,High
PR01451471,90.0,3  Above,100883,675616,SBL,Ever Bounce,False,1,0,0.0,1.0,16815.0,2026-09-05 18:27:11,Ever Bounced,False,0.75,High
PR01452152,90.0,3  Above,84070,668936,SBL,Ever Bounce,True,0,0,0.0,0.0,0.0,,Ever Bounced,False,0.75,High
PR01452289,90.0,3  Above,117696,602606,SBL,Ever Bounce,True,0,0,0.0,0.0,0.0,,Ever Bounced,False,0.75,High
PR01452327,90.0,3  Above,164142,916179,SBL,Ever Bounce,True,0,0,0.0,0.0,0.0,,Ever Bounced,False,0.75,High
PR01452349,90.0,3  Above,95590,469360,SBL,Ever Bounce,True,0,0,0.0,0.0,0.0,,Ever Bounced,False,0.75,High
PR01452389,90.0,3  Above,271800,1423484,SBL,Ever Bounce,True,0,0,0.0,0.0,0.0,,Ever Bounced,False,0.754,High
PR01452511,90.0,3  Above,193959,1153825,SBL,Ever Bounce,True,0,0,0.0,0.0,0.0,,Ever Bounced,False,0.751,High
PR01452670,90.0,3  Above,103425,759436,ME,Ever Bounce,True,0,0,0.0,0.0,0.0,,Ever Bounced,False,0.75,High
PR01453632,75.0,3,64868,822203,SBL,Ever Bounce,True,0,0,0.0,0.0,0.0,,Ever Bounced,False,0.715,High
PR01453670,90.0,3  Above,78400,558037,SBL,Ever Bounce,True,0,0,0.0,0.0,0.0,,Ever Bounced,False,0.75,High
PR01453738,90.0,3  Above,249768,2387286,Co-Lending,Ever Bounce,True,0,0,0.0,0.0,0.0,,Ever Bounced,False,0.754,High
PR01453789,90.0,3  Above,142480,555065,Micro Loan,Ever Bounce,True,0,0,0.0,0.0,0.0,,Ever Bounced,False,0.75,High
PR01453869,90.0,3  Above,542528,2617891,Co-Lending,Ever Bounce,True,0,0,0.0,0.0,0.0,,Ever Bounced,False,0.762,High
PR01454132,90.0,3  Above,133980,1142659,SBL,Ever Bounce,True,0,0,0.0,0.0,0.0,,Ever Bounced,False,0.75,High
PR01454214,90.0,3  Above,297960,1530365,Co-Lending,Ever Bounce,True,0,0,0.0,0.0,0.0,,Ever Bounced,False,0.755,High
PR01483838,90.0,3  Above,174600,898655,Co-Lending,Ever Bounce,True,0,0,0.0,0.0,0.0,,Ever Bounced,False,0.75,High
PR01721106,90.0,3  Above,31530,274289,ME,Ever Bounce,True,0,0,0.0,0.0,0.0,,Ever Bounced,False,0.75,High
PR01454380,90.0,3  Above,263950,1569412,ME,Ever Bounce,True,0,0,0.0,0.0,0.0,,Ever Bounced,False,0.754,High
PR01454553,90.0,3  Above,105417,442741,SBL,Ever Bounce,True,0,0,0.0,0.0,0.0,,Ever Bounced,False,0.75,High
PR01454561,90.0,3  Above,171180,692009,SBL,Ever Bounce,True,0,0,0.0,0.0,0.0,,Ever Bounced,False,0.75,High
PR01454588,90.0,3  Above,354960,1417197,Co-Lending,Ever Bounce,True,0,0,0.0,0.0,0.0,,Ever Bounced,False,0.757,High
PR01454613,90.0,3  Above,212960,1116429,Co-Lending,Ever Bounce,True,0,0,0.0,0.0,0.0,,Ever Bounced,False,0.752,High
PR01454632,90.0,3  Above,129852,533645,Micro Loan,Ever Bounce,True,0,0,0.0,0.0,0.0,,Ever Bounced,False,0.75,High
PR01454643,90.0,3  Above,134056,702106,SBL,Ever Bounce,True,0,0,0.0,0.0,0.0,,Ever Bounced,False,0.75,High
PR01454649,90.0,3  Above,88272,591175,SBL,Ever Bounce,True,0,0,0.0,0.0,0.0,,Ever Bounced,False,0.75,High
PR01454651,90.0,3  Above,194598,1121058,SBL,Ever Bounce,False,1,0,0.0,1.0,21622.0,2026-09-15 20:54:15,Ever Bounced,False,0.75,High
PR01421136,90.0,3  Above,45360,397316,SBL,Ever Bounce,True,0,0,0.0,0.0,0.0,,Ever Bounced,False,0.75,High
PR01454660,90.0,3  Above,51618,454277,SBL,Ever Bounce,True,0,0,0.0,0.0,0.0,,Ever Bounced,False,0.75,High
PR01454675,90.0,3  Above,320586,1598974,ME,Ever Bounce,True,0,0,0.0,0.0,0.0,,Ever Bounced,False,0.756,High
PR01575533,90.0,3  Above,82080,362576,ME,Ever Bounce,True,0,0,0.0,0.0,0.0,,Ever Bounced,False,0.75,High
PR01454746,90.0,3  Above,298012,1463311,SBL,Ever Bounce,True,0,0,0.0,0.0,0.0,,Ever Bounced,False,0.755,High
PR01454748,75.0,3,48096,426501,Micro Loan,Ever Bounce,True,0,0,0.0,0.0,0.0,,Ever Bounced,False,0.712,High
PR01454752,90.0,3  Above,71912,693038,SBL,Ever Bounce,True,0,0,0.0,0.0,0.0,,Ever Bounced,False,0.75,High
PR01454773,75.0,3,83424,1090691,ME,Ever Bounce,True,0,0,0.0,0.0,0.0,,Ever Bounced,False,0.717,High
PR01454774,90.0,3  Above,137158,1350067,ME,Ever Bounce,True,0,0,0.0,0.0,0.0,,Ever Bounced,False,0.75,High
PR01527133,90.0,3  Above,29393,290998,ME,Ever Bounce,True,0,0,0.0,0.0,0.0,,Ever Bounced,False,0.75,High
PR01454787,90.0,3  Above,138501,636123,SBL,Ever Bounce,False,1,0,0.0,1.0,15389.0,2026-09-14 12:26:18,Ever Bounced,False,0.75,High
PR01454816,90.0,3  Above,132307,971527,SBL,Ever Bounce,True,0,0,0.0,0.0,0.0,,Ever Bounced,False,0.75,High
PR01455034,90.0,3  Above,130165,955777,SBL,Ever Bounce,True,0,0,0.0,0.0,0.0,,Ever Bounced,False,0.75,High
PR01455037,75.0,3,109168,1868942,ME,Ever Bounce,True,0,0,0.0,0.0,0.0,,Ever Bounced,False,0.72,High
PR01455038,90.0,3  Above,167952,1449370,ME,Ever Bounce,True,0,0,0.0,0.0,0.0,,Ever Bounced,False,0.75,High
PR01455087,90.0,3  Above,260832,1737758,SBL,Ever Bounce,True,0,0,0.0,0.0,0.0,,Ever Bounced,False,0.754,High
PR01455188,90.0,3  Above,157355,616315,SBL,Ever Bounce,True,0,0,0.0,0.0,0.0,,Ever Bounced,False,0.75,High
PR01455225,75.0,3,150816,2810205,Co-Lending,Ever Bounce,True,0,0,0.0,0.0,0.0,,Ever Bounced,False,0.723,High
PR01455235,90.0,3  Above,114440,599355,SBL,Ever Bounce,True,0,0,0.0,0.0,0.0,,Ever Bounced,False,0.75,High
PR01455332,90.0,3  Above,157005,721123,SBL,Ever Bounce,True,0,0,0.0,0.0,0.0,,Ever Bounced,False,0.75,High
PR01455380,75.0,3,30588,399923,SBL,Ever Bounce,True,0,0,0.0,0.0,0.0,,Ever Bounced,False,0.707,High
PR01528481,75.0,3,21552,285831,SBL,Ever Bounce,True,0,0,0.0,0.0,0.0,,Ever Bounced,False,0.703,High
PR01455467,90.0,3  Above,252210,1052048,SBL,Ever Bounce,True,0,0,0.0,0.0,0.0,,Ever Bounced,False,0.754,High
PR01455478,90.0,3  Above,125136,743659,SBL,Ever Bounce,True,0,0,0.0,0.0,0.0,,Ever Bounced,False,0.75,High
PR01455571,90.0,3  Above,284544,936827,SBL,Ever Bounce,True,0,0,0.0,0.0,0.0,,Ever Bounced,False,0.755,High
PR01455598,90.0,3  Above,62568,550634,SBL,Ever Bounce,True,0,0,0.0,0.0,0.0,,Ever Bounced,False,0.75,High
PR01455610,90.0,3  Above,239088,1072248,ME,Ever Bounce,True,0,0,0.0,0.0,0.0,,Ever Bounced,False,0.753,High
PR01502698,90.0,3  Above,89040,426690,ME,Ever Bounce,True,0,0,0.0,0.0,0.0,,Ever Bounced,False,0.75,High
PR01455736,90.0,3  Above,76952,352953,Micro Loan,Ever Bounce,True,0,0,0.0,0.0,0.0,,Ever Bounced,False,0.75,High
PR01455778,90.0,3  Above,151354,1111374,SBL,Ever Bounce,True,0,0,0.0,0.0,0.0,,Ever Bounced,False,0.75,High
PR01455824,90.0,3  Above,102984,596933,SBL,Ever Bounce,True,0,0,0.0,0.0,0.0,,Ever Bounced,False,0.75,High
PR01457578,90.0,3  Above,120494,1085100,Co-Lending,Ever Bounce,True,0,0,0.0,0.0,0.0,,Ever Bounced,False,0.75,High
PR01495359,90.0,3  Above,167159,1511064,Co-Lending,Ever Bounce,True,0,0,0.0,0.0,0.0,,Ever Bounced,False,0.75,High
PR01462395,90.0,3  Above,164274,759079,SBL,Ever Bounce,True,0,0,0.0,0.0,0.0,,Ever Bounced,False,0.75,High
PR01464067,90.0,3  Above,153904,376342,ME,Ever Bounce,True,0,0,0.0,0.0,0.0,,Ever Bounced,False,0.75,High
PR01514351,90.0,3  Above,57712,142884,ME,Ever Bounce,True,0,0,0.0,0.0,0.0,,Ever Bounced,False,0.75,High
PR01464779,75.0,3,80988,788271,SBL,Ever Bounce,True,0,0,0.0,0.0,0.0,,Ever Bounced,False,0.717,High
PR01465469,90.0,3  Above,86568,525165,Micro Loan,Ever Bounce,True,0,0,0.0,0.0,0.0,,Ever Bounced,False,0.75,High
PR01465673,90.0,3  Above,119034,492942,Micro Loan,Ever Bounce,True,0,0,0.0,0.0,0.0,,Ever Bounced,False,0.75,High
PR01408329,90.0,3  Above,106740,649794,SBL,Ever Bounce,True,0,0,0.0,0.0,0.0,,Ever Bounced,False,0.75,High
PR01466036,90.0,3  Above,116388,718717,SBL,Ever Bounce,True,0,0,0.0,0.0,0.0,,Ever Bounced,False,0.75,High
PR01433002,90.0,3  Above,83244,608532,SBL,Ever Bounce,True,0,0,0.0,0.0,0.0,,Ever Bounced,False,0.75,High
PR01466436,90.0,3  Above,42882,316274,SBL,Ever Bounce,True,0,0,0.0,0.0,0.0,,Ever Bounced,False,0.75,High
PR01467057,90.0,3  Above,183790,960880,SBL,Ever Bounce,True,0,0,0.0,0.0,0.0,,Ever Bounced,False,0.75,High
PR01467974,90.0,3  Above,81991,439145,Micro Loan,Ever Bounce,True,0,0,0.0,0.0,0.0,,Ever Bounced,False,0.75,High
PR01471012,75.0,3,97793,506557,SBL,Ever Bounce,True,0,0,0.0,0.0,0.0,,Ever Bounced,False,0.719,High
PR01471080,90.0,3  Above,144690,667718,SBL,Ever Bounce,True,0,0,0.0,0.0,0.0,,Ever Bounced,False,0.75,High
PR01472242,90.0,3  Above,114443,684966,SBL,Ever Bounce,True,0,0,0.0,0.0,0.0,,Ever Bounced,False,0.75,High
PR01473167,90.0,3  Above,144416,951021,SBL,Ever Bounce,True,0,0,0.0,0.0,0.0,,Ever Bounced,False,0.75,High
PR01473183,75.0,3,23964,287125,SBL,Ever Bounce,True,0,0,0.0,0.0,0.0,,Ever Bounced,False,0.704,High
PR01514696,75.0,3,34012,410877,ME,Ever Bounce,True,0,0,0.0,0.0,0.0,,Ever Bounced,False,0.708,High
PR01473503,75.0,3,98092,997135,SBL,Ever Bounce,True,0,0,0.0,0.0,0.0,,Ever Bounced,False,0.719,High
PR01473514,90.0,3  Above,52485,721790,ME,Ever Bounce,False,1,0,0.0,1.0,10497.0,2026-09-11 10:43:42,Ever Bounced,False,0.75,High
PR01522880,90.0,3  Above,16794,231899,ME,Ever Bounce,False,1,0,0.0,1.0,3360.0,2026-09-11 10:46:17,Ever Bounced,False,0.75,High
PR01473850,75.0,3,87616,1503054,ME,Ever Bounce,True,0,0,0.0,0.0,0.0,,Ever Bounced,False,0.718,High
PR01740822,75.0,3,62308,1022192,ME,Ever Bounce,True,0,0,0.0,0.0,0.0,,Ever Bounced,False,0.714,High
PR01474313,90.0,3  Above,159690,627102,Micro Loan,Ever Bounce,True,0,0,0.0,0.0,0.0,,Ever Bounced,False,0.75,High
PR01474317,90.0,3  Above,155230,716366,SBL,Ever Bounce,True,0,0,0.0,0.0,0.0,,Ever Bounced,False,0.75,High
PR01474496,90.0,3  Above,69265,550535,SBL,Ever Bounce,True,0,0,0.0,0.0,0.0,,Ever Bounced,False,0.75,High
PR01474698,90.0,3  Above,117696,608195,SBL,Ever Bounce,True,0,0,0.0,0.0,0.0,,Ever Bounced,False,0.75,High
PR01475119,90.0,3  Above,88272,596933,SBL,Ever Bounce,True,0,0,0.0,0.0,0.0,,Ever Bounced,False,0.75,High
PR01453232,90.0,3  Above,49530,520626,SBL,Ever Bounce,True,0,0,0.0,0.0,0.0,,Ever Bounced,False,0.75,High
PR01475265,75.0,3,29892,392753,ME,Ever Bounce,True,0,0,0.0,0.0,0.0,,Ever Bounced,False,0.707,High
PR01801362,45.0,2,36654,662729,ME,Ever Bounce,True,0,0,0.0,0.0,0.0,,Ever Bounced,False,0.7,High
PR01475292,90.0,3  Above,166848,766587,SBL,Ever Bounce,True,0,0,0.0,0.0,0.0,,Ever Bounced,False,0.75,High
PR01475575,90.0,3  Above,189160,796006,ME,Ever Bounce,True,0,0,0.0,0.0,0.0,,Ever Bounced,False,0.751,High
PR01780831,90.0,3  Above,111760,475828,ME,Ever Bounce,True,0,0,0.0,0.0,0.0,,Ever Bounced,False,0.75,High
PR01476031,90.0,3  Above,92778,475023,ME,Ever Bounce,True,0,0,0.0,0.0,0.0,,Ever Bounced,False,0.75,High
PR01476363,90.0,3  Above,287397,1371509,SBL,Ever Bounce,True,0,0,0.0,0.0,0.0,,Ever Bounced,False,0.755,High
PR01476368,90.0,3  Above,149950,713347,SBL,Ever Bounce,True,0,0,0.0,0.0,0.0,,Ever Bounced,False,0.75,High
PR01476395,90.0,3  Above,194598,1125793,SBL,Ever Bounce,True,0,0,0.0,0.0,0.0,,Ever Bounced,False,0.751,High
PR01476404,90.0,3  Above,84070,675616,SBL,Ever Bounce,True,0,0,0.0,0.0,0.0,,Ever Bounced,False,0.75,High
PR01476406,90.0,3  Above,161205,622133,SBL,Ever Bounce,True,0,0,0.0,0.0,0.0,,Ever Bounced,False,0.75,High
PR01476410,90.0,3  Above,279080,1459109,SBL,Ever Bounce,True,0,0,0.0,0.0,0.0,,Ever Bounced,False,0.755,High
PR01476413,90.0,3  Above,210456,861232,SBL,Ever Bounce,True,0,0,0.0,0.0,0.0,,Ever Bounced,False,0.752,High
PR01476782,90.0,3  Above,31088,580962,Micro Loan,Ever Bounce,True,0,0,0.0,0.0,0.0,,Ever Bounced,False,0.75,High
PR01477010,90.0,3  Above,356760,1068262,SBL,Ever Bounce,True,0,0,0.0,0.0,0.0,,Ever Bounced,False,0.757,High
PR01477173,90.0,3  Above,120240,451494,Micro Loan,Ever Bounce,True,0,0,0.0,0.0,0.0,,Ever Bounced,False,0.75,High
PR01477500,90.0,3  Above,249540,901909,SBL,Ever Bounce,True,0,0,0.0,0.0,0.0,,Ever Bounced,False,0.754,High
PR01477519,90.0,3  Above,159168,532331,SBL,Ever Bounce,True,0,0,0.0,0.0,0.0,,Ever Bounced,False,0.75,High
PR01547943,90.0,3  Above,57952,195928,ME,Ever Bounce,True,0,0,0.0,0.0,0.0,,Ever Bounced,False,0.75,High
PR01477546,90.0,3  Above,251270,1402895,SBL,Ever Bounce,True,0,0,0.0,0.0,0.0,,Ever Bounced,False,0.754,High
PR01477550,90.0,3  Above,271128,1140753,SBL,Ever Bounce,True,0,0,0.0,0.0,0.0,,Ever Bounced,False,0.754,High
PR01477567,90.0,3  Above,73345,529467,Micro Loan,Ever Bounce,True,0,0,0.0,0.0,0.0,,Ever Bounced,False,0.75,High
PR01477580,90.0,3  Above,459216,1785317,ME,Ever Bounce,True,0,0,0.0,0.0,0.0,,Ever Bounced,False,0.76,High
PR01744171,90.0,3  Above,130663,591631,ME,Ever Bounce,True,0,0,0.0,0.0,0.0,,Ever Bounced,False,0.75,High
PR01477612,90.0,3  Above,173393,669070,SBL,Ever Bounce,True,0,0,0.0,0.0,0.0,,Ever Bounced,False,0.75,High
PR01477613,90.0,3  Above,83424,737637,SBL,Ever Bounce,True,0,0,0.0,0.0,0.0,,Ever Bounced,False,0.75,High
PR01477624,90.0,3  Above,59310,446653,SBL,Ever Bounce,True,0,0,0.0,0.0,0.0,,Ever Bounced,False,0.75,High
PR01477708,90.0,3  Above,158565,756694,SBL,Ever Bounce,True,0,0,0.0,0.0,0.0,,Ever Bounced,False,0.75,High
PR01477931,75.0,3,71220,693207,SBL,Ever Bounce,True,0,0,0.0,0.0,0.0,,Ever Bounced,False,0.716,High
PR01478363,90.0,3  Above,108808,608858,SBL,Ever Bounce,True,0,0,0.0,0.0,0.0,,Ever Bounced,False,0.75,High
PR01478554,75.0,3,180316,2691208,Co-Lending,Ever Bounce,True,0,0,0.0,0.0,0.0,,Ever Bounced,False,0.725,High
PR01478766,90.0,3  Above,229416,1131296,SBL,Ever Bounce,True,0,0,0.0,0.0,0.0,,Ever Bounced,False,0.753,High
PR01478846,90.0,3  Above,97302,833514,SBL,Ever Bounce,True,0,0,0.0,0.0,0.0,,Ever Bounced,False,0.75,High
PR01478948,90.0,3  Above,119034,492942,Micro Loan,Ever Bounce,True,0,0,0.0,0.0,0.0,,Ever Bounced,False,0.75,High
PR01479089,90.0,3  Above,137943,654357,SBL,Ever Bounce,True,0,0,0.0,0.0,0.0,,Ever Bounced,False,0.75,High
PR01479102,90.0,3  Above,113496,767467,SBL,Ever Bounce,False,2,0,0.0,1.0,113496.0,2026-09-14 15:00:02,Ever Bounced,False,0.75,High
PR01479164,75.0,3,69496,691178,SBL,Ever Bounce,True,0,0,0.0,0.0,0.0,,Ever Bounced,False,0.715,High
PR01479168,75.0,3,96484,1025218,ME,Ever Bounce,True,0,0,0.0,0.0,0.0,,Ever Bounced,False,0.719,High
PR01479245,90.0,3  Above,301524,1415486,SBL,Ever Bounce,True,0,0,0.0,0.0,0.0,,Ever Bounced,False,0.756,High
PR01479404,90.0,3  Above,139040,750977,SBL,Ever Bounce,True,0,0,0.0,0.0,0.0,,Ever Bounced,False,0.75,High
PR01479580,90.0,3  Above,45360,376676,ME,Ever Bounce,True,0,0,0.0,0.0,0.0,,Ever Bounced,False,0.75,High
PR01499978,90.0,3  Above,16521,272018,ME,Ever Bounce,False,1,0,0.0,1.0,5507.0,2026-09-09 17:58:29,Ever Bounced,False,0.75,High
PR01479581,90.0,3  Above,259472,867767,SBL,Ever Bounce,True,0,0,0.0,0.0,0.0,,Ever Bounced,False,0.754,High
PR01742686,90.0,3  Above,118932,588712,ME,Ever Bounce,True,0,0,0.0,0.0,0.0,,Ever Bounced,False,0.75,High
PR01479662,90.0,3  Above,507078,1780670,Co-Lending,Ever Bounce,True,0,0,0.0,0.0,0.0,,Ever Bounced,False,0.761,High
PR01550281,90.0,3  Above,452250,1609448,Co-Lending,Ever Bounce,True,0,0,0.0,0.0,0.0,,Ever Bounced,False,0.76,High
PR01299804,90.0,3  Above,261898,1119671,ME,Ever Bounce,True,0,0,0.0,0.0,0.0,,Ever Bounced,False,0.754,High
PR01479701,90.0,3  Above,172705,1021291,ME,Ever Bounce,True,0,0,0.0,0.0,0.0,,Ever Bounced,False,0.75,High
PR01479710,90.0,3  Above,356642,2007207,Co-Lending,Ever Bounce,False,1,0,0.0,1.0,27434.0,2026-09-09 10:04:22,Ever Bounced,False,0.75,High
PR01554008,90.0,3  Above,162734,921264,Co-Lending,Ever Bounce,False,1,0,0.0,1.0,12518.0,2026-09-09 10:01:17,Ever Bounced,False,0.75,High
PR01479768,90.0,3  Above,137844,797424,SBL,Ever Bounce,True,0,0,0.0,0.0,0.0,,Ever Bounced,False,0.75,High
PR01479826,90.0,3  Above,189196,1391197,SBL,Ever Bounce,True,0,0,0.0,0.0,0.0,,Ever Bounced,False,0.751,High
PR01479871,90.0,3  Above,77304,479041,Micro Loan,Ever Bounce,True,0,0,0.0,0.0,0.0,,Ever Bounced,False,0.75,High
PR01479913,75.0,3,180176,3090991,ME,Ever Bounce,True,0,0,0.0,0.0,0.0,,Ever Bounced,False,0.725,High
PR01479916,90.0,3  Above,321646,861564,ME,Ever Bounce,True,0,0,0.0,0.0,0.0,,Ever Bounced,False,0.756,High
PR01479926,90.0,3  Above,51654,313342,Micro Loan,Ever Bounce,True,0,0,0.0,0.0,0.0,,Ever Bounced,False,0.75,High
PR01549398,75.0,3,16064,147357,ME,Ever Bounce,True,0,0,0.0,0.0,0.0,,Ever Bounced,False,0.7,High
PR01479966,90.0,3  Above,104592,924814,SBL,Ever Bounce,True,0,0,0.0,0.0,0.0,,Ever Bounced,False,0.75,High
PR01479983,90.0,3  Above,108114,926123,SBL,Ever Bounce,True,0,0,0.0,0.0,0.0,,Ever Bounced,False,0.75,High
PR01480080,90.0,3  Above,216228,949636,SBL,Ever Bounce,True,0,0,0.0,0.0,0.0,,Ever Bounced,False,0.752,High
PR01480341,90.0,3  Above,84168,441188,Micro Loan,Ever Bounce,True,0,0,0.0,0.0,0.0,,Ever Bounced,False,0.75,High
PR01480411,75.0,3,67180,1152509,ME,Ever Bounce,True,0,0,0.0,0.0,0.0,,Ever Bounced,False,0.715,High
PR01480506,90.0,3  Above,129913,958108,SBL,Ever Bounce,True,0,0,0.0,0.0,0.0,,Ever Bounced,False,0.75,High
PR01607353,90.0,3  Above,187920,1001861,SBL,Ever Bounce,True,0,0,0.0,0.0,0.0,,Ever Bounced,False,0.751,High
PR01480616,90.0,3  Above,231198,892084,SBL,Ever Bounce,True,0,0,0.0,0.0,0.0,,Ever Bounced,False,0.753,High
PR01480637,90.0,3  Above,194656,1302700,SBL,Ever Bounce,True,0,0,0.0,0.0,0.0,,Ever Bounced,False,0.751,High
PR01480641,90.0,3  Above,27050,285688,SBL,Ever Bounce,True,0,0,0.0,0.0,0.0,,Ever Bounced,False,0.75,High
PR01574523,45.0,2,20103,352143,SBL,Ever Bounce,True,0,0,0.0,0.0,0.0,,Ever Bounced,False,0.7,High
PR01480661,90.0,3  Above,0,1308495,SBL,Ever Bounce,True,0,0,0.0,0.0,0.0,,Ever Bounced,False,0.75,High
PR01480689,90.0,3  Above,86380,657668,SBL,Ever Bounce,True,0,0,0.0,0.0,0.0,,Ever Bounced,False,0.75,High
PR01815370,75.0,3,76752,1285609,ME,Ever Bounce,True,0,0,0.0,0.0,0.0,,Ever Bounced,False,0.716,High
PR01481698,90.0,3  Above,100135,599355,SBL,Ever Bounce,True,0,0,0.0,0.0,0.0,,Ever Bounced,False,0.75,High
PR01482034,90.0,3  Above,133176,1206385,ME,Ever Bounce,True,0,0,0.0,0.0,0.0,,Ever Bounced,False,0.75,High
PR01527186,90.0,3  Above,79904,726873,ME,Ever Bounce,True,0,0,0.0,0.0,0.0,,Ever Bounced,False,0.75,High
PR01482851,75.0,3,154360,2882013,Co-Lending,Ever Bounce,True,0,0,0.0,0.0,0.0,,Ever Bounced,False,0.724,High
PR01488593,90.0,3  Above,85162,651351,SBL,Ever Bounce,True,0,0,0.0,0.0,0.0,,Ever Bounced,False,0.75,High
PR01491677,90.0,3  Above,159690,632011,Micro Loan,Ever Bounce,True,0,0,0.0,0.0,0.0,,Ever Bounced,False,0.75,High
PR01499918,90.0,3  Above,172860,716630,SBL,Ever Bounce,True,0,0,0.0,0.0,0.0,,Ever Bounced,False,0.75,High
PR01499955,90.0,3  Above,154616,547784,Micro Loan,Ever Bounce,True,0,0,0.0,0.0,0.0,,Ever Bounced,False,0.75,High
PR01500073,90.0,3  Above,382266,1168532,SBL,Ever Bounce,True,0,0,0.0,0.0,0.0,,Ever Bounced,False,0.758,High
PR01500645,90.0,3  Above,101136,413891,Micro Loan,Ever Bounce,True,0,0,0.0,0.0,0.0,,Ever Bounced,False,0.75,High
PR01500689,90.0,3  Above,150762,1374937,Co-Lending,Ever Bounce,True,0,0,0.0,0.0,0.0,,Ever Bounced,False,0.75,High
PR01501242,90.0,3  Above,95814,611854,Micro Loan,Ever Bounce,True,0,0,0.0,0.0,0.0,,Ever Bounced,False,0.75,High
PR01501268,90.0,3  Above,120240,454801,Micro Loan,Ever Bounce,True,0,0,0.0,0.0,0.0,,Ever Bounced,False,0.75,High
PR01501278,90.0,3  Above,67333,355753,Micro Loan,Ever Bounce,True,0,0,0.0,0.0,0.0,,Ever Bounced,False,0.75,High
PR01501714,90.0,3  Above,159690,632011,SBL,Ever Bounce,True,0,0,0.0,0.0,0.0,,Ever Bounced,False,0.75,High
PR01501716,90.0,3  Above,62165,639029,SBL,Ever Bounce,True,0,0,0.0,0.0,0.0,,Ever Bounced,False,0.75,High
PR01545707,90.0,3  Above,72975,756706,SBL,Ever Bounce,True,0,0,0.0,0.0,0.0,,Ever Bounced,False,0.75,High
PR01502495,90.0,3  Above,90175,656456,SBL,Ever Bounce,True,0,0,0.0,0.0,0.0,,Ever Bounced,False,0.75,High
PR01502660,90.0,3  Above,111960,663451,SBL,Ever Bounce,True,0,0,0.0,0.0,0.0,,Ever Bounced,False,0.75,High
PR01502674,90.0,3  Above,168336,467419,Micro Loan,Ever Bounce,True,0,0,0.0,0.0,0.0,,Ever Bounced,False,0.75,High
PR01337285,90.0,3  Above,121008,571193,SBL,Ever Bounce,True,0,0,0.0,0.0,0.0,,Ever Bounced,False,0.75,High
PR01502759,90.0,3  Above,332368,1570795,Co-Lending,Ever Bounce,True,0,0,0.0,0.0,0.0,,Ever Bounced,False,0.757,High
PR01537422,90.0,3  Above,186960,886993,Co-Lending,Ever Bounce,True,0,0,0.0,0.0,0.0,,Ever Bounced,False,0.751,High
PR01502877,90.0,3  Above,90790,501170,Micro Loan,Ever Bounce,True,0,0,0.0,0.0,0.0,,Ever Bounced,False,0.75,High
PR01502940,90.0,3  Above,290094,163018,ME,Ever Bounce,True,0,0,0.0,0.0,0.0,,Ever Bounced,False,0.755,High
PR01502950,75.0,3,75764,955778,ME,Ever Bounce,True,0,0,0.0,0.0,0.0,,Ever Bounced,False,0.716,High
PR01503049,75.0,3,139248,1781315,SBL,Ever Bounce,True,0,0,0.0,0.0,0.0,,Ever Bounced,False,0.723,High
PR01571436,45.0,2,3675,63261,SBL,Ever Bounce,True,0,0,0.0,0.0,0.0,,Ever Bounced,False,0.7,High
PR01503095,90.0,3  Above,183924,1284323,SBL,Ever Bounce,True,0,0,0.0,0.0,0.0,,Ever Bounced,False,0.75,High
PR01803691,90.0,3  Above,56165,460046,SBL,Ever Bounce,True,0,0,0.0,0.0,0.0,,Ever Bounced,False,0.75,High
PR01503200,75.0,3,104096,1045666,SBL,Ever Bounce,True,0,0,0.0,0.0,0.0,,Ever Bounced,False,0.72,High
PR01772942,75.0,3,46240,393486,ME,Ever Bounce,True,0,0,0.0,0.0,0.0,,Ever Bounced,False,0.711,High
PR01429420,75.0,3,27808,361761,Home Loan,Ever Bounce,True,0,0,0.0,0.0,0.0,,Ever Bounced,False,0.706,High
PR01503219,75.0,3,30588,403803,Home Loan,Ever Bounce,True,0,0,0.0,0.0,0.0,,Ever Bounced,False,0.707,High
PR01503227,75.0,3,52064,895025,ME,Ever Bounce,True,0,0,0.0,0.0,0.0,,Ever Bounced,False,0.712,High
PR01554022,75.0,3,59904,1033878,ME,Ever Bounce,True,0,0,0.0,0.0,0.0,,Ever Bounced,False,0.714,High
PR01503251,90.0,3  Above,182646,1409198,ME,Ever Bounce,True,0,0,0.0,0.0,0.0,,Ever Bounced,False,0.75,High
PR01503337,90.0,3  Above,198200,1040464,SBL,Ever Bounce,True,0,0,0.0,0.0,0.0,,Ever Bounced,False,0.751,High
PR01503346,90.0,3  Above,115424,537766,Micro Loan,Ever Bounce,True,0,0,0.0,0.0,0.0,,Ever Bounced,False,0.75,High
PR01503348,90.0,3  Above,77095,768223,SBL,Ever Bounce,True,0,0,0.0,0.0,0.0,,Ever Bounced,False,0.75,High
PR01503353,75.0,3,134012,1826550,SBL,Ever Bounce,True,0,0,0.0,0.0,0.0,,Ever Bounced,False,0.722,High
PR01503392,90.0,3  Above,138178,374919,Micro Loan,Ever Bounce,True,0,0,0.0,0.0,0.0,,Ever Bounced,False,0.75,High
PR01431520,90.0,3  Above,122184,574105,ME,Ever Bounce,True,0,0,0.0,0.0,0.0,,Ever Bounced,False,0.75,High
PR01508757,90.0,3  Above,313590,1202687,SBL,Ever Bounce,True,0,0,0.0,0.0,0.0,,Ever Bounced,False,0.756,High
PR01510949,90.0,3  Above,122544,1016243,Co-Lending,Ever Bounce,True,0,0,0.0,0.0,0.0,,Ever Bounced,False,0.75,High
PR01516445,90.0,3  Above,251328,577180,Micro Loan,Ever Bounce,True,0,0,0.0,0.0,0.0,,Ever Bounced,False,0.754,High
PR01517012,90.0,3  Above,201768,731464,SBL,Ever Bounce,True,0,0,0.0,0.0,0.0,,Ever Bounced,False,0.751,High
PR01517855,90.0,3  Above,207432,733899,SBL,Ever Bounce,True,0,0,0.0,0.0,0.0,,Ever Bounced,False,0.752,High
PR01518135,90.0,3  Above,193602,1845237,SBL,Ever Bounce,True,0,0,0.0,0.0,0.0,,Ever Bounced,False,0.751,High
PR01519334,90.0,3  Above,108110,569788,ME,Ever Bounce,True,0,0,0.0,0.0,0.0,,Ever Bounced,False,0.75,High
PR01577346,90.0,3  Above,71352,419482,SBL,Ever Bounce,True,0,0,0.0,0.0,0.0,,Ever Bounced,False,0.75,High
PR01522025,90.0,3  Above,162290,1212101,Co-Lending,Ever Bounce,True,0,0,0.0,0.0,0.0,,Ever Bounced,False,0.75,High
PR01552777,90.0,3  Above,97370,728923,Co-Lending,Ever Bounce,True,0,0,0.0,0.0,0.0,,Ever Bounced,False,0.75,High
PR01522645,90.0,3  Above,245947,1008672,SBL,Ever Bounce,True,0,0,0.0,0.0,0.0,,Ever Bounced,False,0.753,High
PR01523174,90.0,3  Above,94584,405792,SBL,Ever Bounce,True,0,0,0.0,0.0,0.0,,Ever Bounced,False,0.75,High
PR01524037,90.0,3  Above,144150,759713,SBL,Ever Bounce,True,0,0,0.0,0.0,0.0,,Ever Bounced,False,0.75,High
PR01524050,90.0,3  Above,309246,613653,SBL,Ever Bounce,True,0,0,0.0,0.0,0.0,,Ever Bounced,False,0.756,High
PR01857734,90.0,3  Above,81650,883164,ME,Ever Bounce,True,0,0,0.0,0.0,0.0,,Ever Bounced,False,0.75,High
PR01524264,90.0,3  Above,333811,726010,SBL,Ever Bounce,True,0,0,0.0,0.0,0.0,,Ever Bounced,False,0.757,High
PR01524680,90.0,3  Above,153160,807193,SBL,Ever Bounce,True,0,0,0.0,0.0,0.0,,Ever Bounced,False,0.75,High
PR01524906,90.0,3  Above,170820,603123,SBL,Ever Bounce,True,0,0,0.0,0.0,0.0,,Ever Bounced,False,0.75,High
PR01524981,90.0,3  Above,97970,1352752,ME,Ever Bounce,True,0,0,0.0,0.0,0.0,,Ever Bounced,False,0.75,High
PR01525002,90.0,3  Above,520520,3632719,Co-Lending,Ever Bounce,True,0,0,0.0,0.0,0.0,,Ever Bounced,False,0.761,High
PR01525031,90.0,3  Above,125955,668098,SBL,Ever Bounce,True,0,0,0.0,0.0,0.0,,Ever Bounced,False,0.75,High
PR01525310,90.0,3  Above,111232,750977,SBL,Ever Bounce,True,0,0,0.0,0.0,0.0,,Ever Bounced,False,0.75,High
PR01824309,90.0,3  Above,33768,290488,SBL,Ever Bounce,True,0,0,0.0,0.0,0.0,,Ever Bounced,False,0.75,High
PR01525321,90.0,3  Above,152075,1168300,SBL,Ever Bounce,True,0,0,0.0,0.0,0.0,,Ever Bounced,False,0.75,High
PR01525528,90.0,3  Above,382360,1901253,SBL,Ever Bounce,True,0,0,0.0,0.0,0.0,,Ever Bounced,False,0.758,High
PR01525881,90.0,3  Above,186320,1386243,Co-Lending,Ever Bounce,True,0,0,0.0,0.0,0.0,,Ever Bounced,False,0.751,High
PR01559942,90.0,3  Above,124216,928580,Co-Lending,Ever Bounce,True,0,0,0.0,0.0,0.0,,Ever Bounced,False,0.75,High
PR01525939,90.0,3  Above,404085,1496895,SBL,Ever Bounce,True,0,0,0.0,0.0,0.0,,Ever Bounced,False,0.759,High
PR01525964,90.0,3  Above,218388,966592,SBL,Ever Bounce,True,0,0,0.0,0.0,0.0,,Ever Bounced,False,0.752,High
PR01526071,90.0,3  Above,183792,813468,SBL,Ever Bounce,True,0,0,0.0,0.0,0.0,,Ever Bounced,False,0.75,High
PR01589963,90.0,3  Above,31530,329721,ME,Ever Bounce,True,0,0,0.0,0.0,0.0,,Ever Bounced,False,0.75,High
PR01526146,90.0,3  Above,161595,1462676,SBL,Ever Bounce,True,0,0,0.0,0.0,0.0,,Ever Bounced,False,0.75,High
PR01526763,90.0,3  Above,237842,1144043,SBL,Ever Bounce,True,0,0,0.0,0.0,0.0,,Ever Bounced,False,0.753,High
PR01527157,90.0,3  Above,301524,1427748,SBL,Ever Bounce,True,0,0,0.0,0.0,0.0,,Ever Bounced,False,0.756,High
PR01527203,90.0,3  Above,255731,827709,SBL,Ever Bounce,True,0,0,0.0,0.0,0.0,,Ever Bounced,False,0.754,High
PR01527233,90.0,3  Above,139040,757372,SBL,Ever Bounce,True,0,0,0.0,0.0,0.0,,Ever Bounced,False,0.75,High
PR01831910,90.0,3  Above,41900,221666,SBL,Ever Bounce,True,0,0,0.0,0.0,0.0,,Ever Bounced,False,0.75,High
PR01528411,90.0,3  Above,61690,440715,SBL,Ever Bounce,True,0,0,0.0,0.0,0.0,,Ever Bounced,False,0.75,High
PR01528450,90.0,3  Above,223587,1487384,Co-Lending,Ever Bounce,True,0,0,0.0,0.0,0.0,,Ever Bounced,False,0.752,High
PR01528510,90.0,3  Above,265370,1430471,Co-Lending,Ever Bounce,True,0,0,0.0,0.0,0.0,,Ever Bounced,False,0.754,High
PR01554052,90.0,3  Above,91143,528738,Co-Lending,Ever Bounce,True,0,0,0.0,0.0,0.0,,Ever Bounced,False,0.75,High
PR01528559,90.0,3  Above,97299,567524,SBL,Ever Bounce,True,0,0,0.0,0.0,0.0,,Ever Bounced,False,0.75,High
PR01576765,90.0,3  Above,72072,474825,SBL,Ever Bounce,True,0,0,0.0,0.0,0.0,,Ever Bounced,False,0.75,High
PR01299835,90.0,3  Above,85722,829604,ME,Ever Bounce,True,0,0,0.0,0.0,0.0,,Ever Bounced,False,0.75,High
PR01346388,90.0,3  Above,42408,480914,ME,Ever Bounce,True,0,0,0.0,0.0,0.0,,Ever Bounced,False,0.75,High
PR01528764,90.0,3  Above,42810,481153,ME,Ever Bounce,True,0,0,0.0,0.0,0.0,,Ever Bounced,False,0.75,High
PR01528807,90.0,3  Above,84168,448124,Micro Loan,Ever Bounce,True,0,0,0.0,0.0,0.0,,Ever Bounced,False,0.75,High
PR01528862,90.0,3  Above,192924,666322,Micro Loan,Ever Bounce,True,0,0,0.0,0.0,0.0,,Ever Bounced,False,0.751,High
PR01528864,90.0,3  Above,141724,505757,SBL,Ever Bounce,True,0,0,0.0,0.0,0.0,,Ever Bounced,False,0.75,High
PR01528897,75.0,3,79948,1060349,SBL,Ever Bounce,True,0,0,0.0,0.0,0.0,,Ever Bounced,False,0.717,High
PR01528938,90.0,3  Above,391118,1658865,SBL,Ever Bounce,True,0,0,0.0,0.0,0.0,,Ever Bounced,False,0.758,High
PR01528968,75.0,3,100028,1415706,ME,Ever Bounce,True,0,0,0.0,0.0,0.0,,Ever Bounced,False,0.719,High
PR01528979,75.0,3,53088,682199,SBL,Ever Bounce,True,0,0,0.0,0.0,0.0,,Ever Bounced,False,0.713,High
PR01528992,90.0,3  Above,108900,1239329,ME,Ever Bounce,True,0,0,0.0,0.0,0.0,,Ever Bounced,False,0.75,High
PR01572537,45.0,2,21780,413109,ME,Ever Bounce,True,0,0,0.0,0.0,0.0,,Ever Bounced,False,0.7,High
PR01529906,90.0,3  Above,259464,1148438,SBL,Ever Bounce,True,0,0,0.0,0.0,0.0,,Ever Bounced,False,0.754,High
PR01531984,90.0,3  Above,317120,1072002,SBL,Ever Bounce,True,0,0,0.0,0.0,0.0,,Ever Bounced,False,0.756,High
PR01532442,90.0,3  Above,84330,446168,SBL,Ever Bounce,True,0,0,0.0,0.0,0.0,,Ever Bounced,False,0.75,High
PR01556000,90.0,3  Above,84150,445214,ME,Ever Bounce,True,0,0,0.0,0.0,0.0,,Ever Bounced,False,0.75,High
PR01532875,90.0,3  Above,58470,371304,Micro Loan,Ever Bounce,True,0,0,0.0,0.0,0.0,,Ever Bounced,False,0.75,High
PR01533292,90.0,3  Above,53292,353940,Micro Loan,Ever Bounce,True,0,0,0.0,0.0,0.0,,Ever Bounced,False,0.75,High
PR01534075,75.0,3,57575,744156,SBL,Ever Bounce,True,0,0,0.0,0.0,0.0,,Ever Bounced,False,0.713,High
PR01534961,90.0,3  Above,60092,444689,Micro Loan,Ever Bounce,True,0,0,0.0,0.0,0.0,,Ever Bounced,False,0.75,High
PR01539456,75.0,3,135024,2481064,Co-Lending,Ever Bounce,True,0,0,0.0,0.0,0.0,,Ever Bounced,False,0.722,High
PR01628126,75.0,3,57128,1056618,Co-Lending,Ever Bounce,True,0,0,0.0,0.0,0.0,,Ever Bounced,False,0.713,High
PR01539840,75.0,3,39044,552578,ME,Ever Bounce,True,0,0,0.0,0.0,0.0,,Ever Bounced,False,0.709,High
PR01565022,90.0,3  Above,180048,1311946,ME,Ever Bounce,True,0,0,0.0,0.0,0.0,,Ever Bounced,False,0.75,High
PR01540946,90.0,3  Above,90095,934195,SBL,Ever Bounce,True,0,0,0.0,0.0,0.0,,Ever Bounced,False,0.75,High
PR01541149,90.0,3  Above,283168,973774,SBL,Ever Bounce,True,0,0,0.0,0.0,0.0,,Ever Bounced,False,0.755,High
PR01723498,90.0,3  Above,189460,1098588,SBL,Ever Bounce,True,0,0,0.0,0.0,0.0,,Ever Bounced,False,0.751,High
PR01766454,90.0,3  Above,68002,362519,SBL,Ever Bounce,True,0,0,0.0,0.0,0.0,,Ever Bounced,False,0.75,High
PR01542754,90.0,3  Above,88272,613701,SBL,Ever Bounce,True,0,0,0.0,0.0,0.0,,Ever Bounced,False,0.75,High
PR01542766,90.0,3  Above,210821,867767,SBL,Ever Bounce,True,0,0,0.0,0.0,0.0,,Ever Bounced,False,0.752,High
PR01544271,90.0,3  Above,194656,1319843,SBL,Ever Bounce,True,0,0,0.0,0.0,0.0,,Ever Bounced,False,0.751,High
PR01544509,90.0,3  Above,69980,968140,ME,Ever Bounce,True,0,0,0.0,0.0,0.0,,Ever Bounced,False,0.75,High
PR01545139,90.0,3  Above,139896,634541,SBL,Ever Bounce,True,0,0,0.0,0.0,0.0,,Ever Bounced,False,0.75,High
PR01545873,90.0,3  Above,52644,442501,SBL,Ever Bounce,True,0,0,0.0,0.0,0.0,,Ever Bounced,False,0.75,High
PR01573360,90.0,3  Above,48162,406439,SBL,Ever Bounce,True,0,0,0.0,0.0,0.0,,Ever Bounced,False,0.75,High
PR01546943,90.0,3  Above,104544,758228,SBL,Ever Bounce,True,0,0,0.0,0.0,0.0,,Ever Bounced,False,0.75,High
PR01594737,90.0,3  Above,95312,697688,SBL,Ever Bounce,True,0,0,0.0,0.0,0.0,,Ever Bounced,False,0.75,High
PR01547059,75.0,3,49352,443193,SBL,Ever Bounce,True,0,0,0.0,0.0,0.0,,Ever Bounced,False,0.712,High
PR01547774,90.0,3  Above,103926,690160,SBL,Ever Bounce,True,0,0,0.0,0.0,0.0,,Ever Bounced,False,0.75,High
PR01547863,90.0,3  Above,261824,1154596,ME,Ever Bounce,True,0,0,0.0,0.0,0.0,,Ever Bounced,False,0.754,High
PR01570774,90.0,3  Above,118864,525013,ME,Ever Bounce,True,0,0,0.0,0.0,0.0,,Ever Bounced,False,0.75,High
PR01547920,15.0,1,52140,1376591,SBL,Ever Bounce,True,0,0,0.0,0.0,0.0,,Ever Bounced,False,0.7,High
PR01632206,90.0,3  Above,52140,704042,SBL,Ever Bounce,True,0,0,0.0,0.0,0.0,,Ever Bounced,False,0.75,High
PR01547934,90.0,3  Above,194604,864567,SBL,Ever Bounce,True,0,0,0.0,0.0,0.0,,Ever Bounced,False,0.751,High
PR01549193,90.0,3  Above,69105,522447,Micro Loan,Ever Bounce,True,0,0,0.0,0.0,0.0,,Ever Bounced,False,0.75,High
PR01549382,90.0,3  Above,155574,722477,SBL,Ever Bounce,True,0,0,0.0,0.0,0.0,,Ever Bounced,False,0.75,High
PR01549506,90.0,3  Above,138429,837848,ME,Ever Bounce,True,0,0,0.0,0.0,0.0,,Ever Bounced,False,0.75,High
PR01579029,75.0,3,17728,237276,ME,Ever Bounce,True,0,0,0.0,0.0,0.0,,Ever Bounced,False,0.701,High
PR01550193,90.0,3  Above,314064,1061628,SBL,Ever Bounce,True,0,0,0.0,0.0,0.0,,Ever Bounced,False,0.756,High
PR01550288,90.0,3  Above,119472,759079,SBL,Ever Bounce,True,0,0,0.0,0.0,0.0,,Ever Bounced,False,0.75,High
PR01550304,90.0,3  Above,50337,523354,Home Loan,Ever Bounce,True,0,0,0.0,0.0,0.0,,Ever Bounced,False,0.75,High
PR01590813,90.0,3  Above,61523,256904,ME,Ever Bounce,True,0,0,0.0,0.0,0.0,,Ever Bounced,False,0.75,High
PR01550311,90.0,3  Above,73560,608195,SBL,Ever Bounce,True,0,0,0.0,0.0,0.0,,Ever Bounced,False,0.75,High
PR01550659,90.0,3  Above,160785,764671,SBL,Ever Bounce,True,0,0,0.0,0.0,0.0,,Ever Bounced,False,0.75,High
PR01552681,90.0,3  Above,104276,1116602,SBL,Ever Bounce,True,0,0,0.0,0.0,0.0,,Ever Bounced,False,0.75,High
PR01552735,90.0,3  Above,201768,1070512,SBL,Ever Bounce,True,0,0,0.0,0.0,0.0,,Ever Bounced,False,0.751,High
PR01552736,90.0,3  Above,261612,1517675,Co-Lending,Ever Bounce,True,0,0,0.0,0.0,0.0,,Ever Bounced,False,0.754,High
PR01553144,90.0,3  Above,108112,709401,Micro Loan,Ever Bounce,True,0,0,0.0,0.0,0.0,,Ever Bounced,False,0.75,High
PR01553940,90.0,3  Above,324342,981194,SBL,Ever Bounce,True,0,0,0.0,0.0,0.0,,Ever Bounced,False,0.756,High
PR01554005,90.0,3  Above,140550,380267,SBL,Ever Bounce,True,0,0,0.0,0.0,0.0,,Ever Bounced,False,0.75,High
PR01554030,90.0,3  Above,357048,2394472,ME,Ever Bounce,True,0,0,0.0,0.0,0.0,,Ever Bounced,False,0.757,High
PR01836396,90.0,3  Above,156096,1020218,ME,Ever Bounce,True,0,0,0.0,0.0,0.0,,Ever Bounced,False,0.75,High
PR01554032,75.0,3,84724,1394453,ME,Ever Bounce,True,0,0,0.0,0.0,0.0,,Ever Bounced,False,0.717,High
PR01566304,75.0,3,32136,530121,ME,Ever Bounce,True,0,0,0.0,0.0,0.0,,Ever Bounced,False,0.707,High
PR01554077,90.0,3  Above,120220,518819,Micro Loan,Ever Bounce,True,0,0,0.0,0.0,0.0,,Ever Bounced,False,0.75,High
PR01554821,90.0,3  Above,124350,543222,SBL,Ever Bounce,True,0,0,0.0,0.0,0.0,,Ever Bounced,False,0.75,High
PR01607169,90.0,3  Above,48060,213365,ME,Ever Bounce,True,0,0,0.0,0.0,0.0,,Ever Bounced,False,0.75,High
PR01554852,90.0,3  Above,106784,689457,SBL,Ever Bounce,True,0,0,0.0,0.0,0.0,,Ever Bounced,False,0.75,High
PR01554883,90.0,3  Above,92760,755784,SBL,Ever Bounce,True,0,0,0.0,0.0,0.0,,Ever Bounced,False,0.75,High
PR01555174,90.0,3  Above,72996,654248,SBL,Ever Bounce,True,0,0,0.0,0.0,0.0,,Ever Bounced,False,0.75,High
PR01555194,90.0,3  Above,252504,1371951,SBL,Ever Bounce,True,0,0,0.0,0.0,0.0,,Ever Bounced,False,0.754,High
PR01555282,75.0,3,67016,922400,SBL,Ever Bounce,True,0,0,0.0,0.0,0.0,,Ever Bounced,False,0.715,High
PR01555286,90.0,3  Above,230270,1766633,Co-Lending,Ever Bounce,True,0,0,0.0,0.0,0.0,,Ever Bounced,False,0.753,High
PR01611596,90.0,3  Above,130320,1004072,Co-Lending,Ever Bounce,True,0,0,0.0,0.0,0.0,,Ever Bounced,False,0.75,High
PR01555287,90.0,3  Above,112935,1291661,SBL,Ever Bounce,True,0,0,0.0,0.0,0.0,,Ever Bounced,False,0.75,High
PR01502920,90.0,3  Above,279660,1372982,Co-Lending,Ever Bounce,True,0,0,0.0,0.0,0.0,,Ever Bounced,False,0.755,High
PR01555322,90.0,3  Above,69251,392034,Co-Lending,Ever Bounce,True,0,0,0.0,0.0,0.0,,Ever Bounced,False,0.75,High
PR01555352,90.0,3  Above,72140,533645,SBL,Ever Bounce,True,0,0,0.0,0.0,0.0,,Ever Bounced,False,0.75,High
PR01555378,90.0,3  Above,88272,613701,SBL,Ever Bounce,True,0,0,0.0,0.0,0.0,,Ever Bounced,False,0.75,High
PR01555384,90.0,3  Above,88830,365204,Micro Loan,Ever Bounce,True,0,0,0.0,0.0,0.0,,Ever Bounced,False,0.75,High
PR01555725,90.0,3  Above,83424,747712,SBL,Ever Bounce,True,0,0,0.0,0.0,0.0,,Ever Bounced,False,0.75,High
PR01555890,90.0,3  Above,60760,501226,ME,Ever Bounce,True,0,0,0.0,0.0,0.0,,Ever Bounced,False,0.75,High
PR01592877,90.0,3  Above,51044,425094,ME,Ever Bounce,True,0,0,0.0,0.0,0.0,,Ever Bounced,False,0.75,High
PR01555942,90.0,3  Above,122192,1015083,ME,Ever Bounce,True,0,0,0.0,0.0,0.0,,Ever Bounced,False,0.75,High
PR01555944,75.0,3,59100,762769,SBL,Ever Bounce,True,0,0,0.0,0.0,0.0,,Ever Bounced,False,0.714,High
PR01555984,90.0,3  Above,285300,1278353,ME,Ever Bounce,True,0,0,0.0,0.0,0.0,,Ever Bounced,False,0.755,High
PR01557761,75.0,3,46988,509444,ME,Ever Bounce,True,0,0,0.0,0.0,0.0,,Ever Bounced,False,0.711,High
PR01562977,90.0,3  Above,101190,881758,SBL,Ever Bounce,True,0,0,0.0,0.0,0.0,,Ever Bounced,False,0.75,High
PR01564951,90.0,3  Above,99099,480319,SBL,Ever Bounce,True,0,0,0.0,0.0,0.0,,Ever Bounced,False,0.75,High
PR01565346,90.0,3  Above,147120,640036,SBL,Ever Bounce,True,0,0,0.0,0.0,0.0,,Ever Bounced,False,0.75,High
PR01565358,90.0,3  Above,158158,1225568,SBL,Ever Bounce,True,0,0,0.0,0.0,0.0,,Ever Bounced,False,0.75,High
PR01566309,90.0,3  Above,64305,691636,SBL,Ever Bounce,True,0,0,0.0,0.0,0.0,,Ever Bounced,False,0.75,High
PR01923946,90.0,3  Above,42205,439466,SBL,Ever Bounce,True,0,0,0.0,0.0,0.0,,Ever Bounced,False,0.75,High
PR01567114,90.0,3  Above,113519,851278,SBL,Ever Bounce,True,0,0,0.0,0.0,0.0,,Ever Bounced,False,0.75,High
PR01569192,90.0,3  Above,135718,468643,Micro Loan,Ever Bounce,True,0,0,0.0,0.0,0.0,,Ever Bounced,False,0.75,High
PR01571625,90.0,3  Above,183733,890511,SBL,Ever Bounce,True,0,0,0.0,0.0,0.0,,Ever Bounced,False,0.75,High
PR01573598,90.0,3  Above,112278,978325,SBL,Ever Bounce,True,0,0,0.0,0.0,0.0,,Ever Bounced,False,0.75,High
PR01573604,90.0,3  Above,207844,676991,SBL,Ever Bounce,True,0,0,0.0,0.0,0.0,,Ever Bounced,False,0.752,High
PR01574402,90.0,3  Above,41625,433418,SBL,Ever Bounce,True,0,0,0.0,0.0,0.0,,Ever Bounced,False,0.75,High
PR01575560,90.0,3  Above,212376,1422293,SBL,Ever Bounce,True,0,0,0.0,0.0,0.0,,Ever Bounced,False,0.752,High
PR01576126,90.0,3  Above,251265,971348,ME,Ever Bounce,True,0,0,0.0,0.0,0.0,,Ever Bounced,False,0.754,High
PR01576582,90.0,3  Above,230640,782315,SBL,Ever Bounce,True,0,0,0.0,0.0,0.0,,Ever Bounced,False,0.753,High
PR01576592,90.0,3  Above,52747,403323,SBL,Ever Bounce,True,0,0,0.0,0.0,0.0,,Ever Bounced,False,0.75,High
PR01577954,90.0,3  Above,63259,490240,ME,Ever Bounce,True,0,0,0.0,0.0,0.0,,Ever Bounced,False,0.75,High
PR01611488,90.0,3  Above,35630,386522,SBL,Ever Bounce,True,0,0,0.0,0.0,0.0,,Ever Bounced,False,0.75,High
PR01577986,90.0,3  Above,86568,541809,Micro Loan,Ever Bounce,True,0,0,0.0,0.0,0.0,,Ever Bounced,False,0.75,High
PR01578697,90.0,3  Above,151326,725622,SBL,Ever Bounce,True,0,0,0.0,0.0,0.0,,Ever Bounced,False,0.75,High
PR01657211,90.0,3  Above,84080,374227,SBL,Ever Bounce,True,0,0,0.0,0.0,0.0,,Ever Bounced,False,0.75,High
PR01578757,90.0,3  Above,208560,778386,SBL,Ever Bounce,True,0,0,0.0,0.0,0.0,,Ever Bounced,False,0.752,High
PR01537576,75.0,3,20388,267343,SBL,Ever Bounce,True,0,0,0.0,0.0,0.0,,Ever Bounced,False,0.703,High
PR01578783,90.0,3  Above,75817,577930,ME,Ever Bounce,True,0,0,0.0,0.0,0.0,,Ever Bounced,False,0.75,High
PR01578823,90.0,3  Above,97972,973684,ME,Ever Bounce,True,0,0,0.0,0.0,0.0,,Ever Bounced,False,0.75,High
PR01579934,90.0,3  Above,351744,1213878,SBL,Ever Bounce,True,0,0,0.0,0.0,0.0,,Ever Bounced,False,0.757,High
PR01579938,90.0,3  Above,81972,574884,SBL,Ever Bounce,True,0,0,0.0,0.0,0.0,,Ever Bounced,False,0.75,High
PR01634260,90.0,3  Above,18918,134937,SBL,Ever Bounce,True,0,0,0.0,0.0,0.0,,Ever Bounced,False,0.75,High
PR01580011,75.0,3,50812,658618,SBL,Ever Bounce,True,0,0,0.0,0.0,0.0,,Ever Bounced,False,0.712,High
PR01580404,90.0,3  Above,53875,579488,ME,Ever Bounce,True,0,0,0.0,0.0,0.0,,Ever Bounced,False,0.75,High
PR01626204,90.0,3  Above,59090,641073,ME,Ever Bounce,True,0,0,0.0,0.0,0.0,,Ever Bounced,False,0.75,High
PR01580427,90.0,3  Above,79128,512886,SBL,Ever Bounce,True,0,0,0.0,0.0,0.0,,Ever Bounced,False,0.75,High
PR01668764,90.0,3  Above,29528,192057,ME,Ever Bounce,True,0,0,0.0,0.0,0.0,,Ever Bounced,False,0.75,High
PR01580703,75.0,3,68832,1163485,ME,Ever Bounce,True,0,0,0.0,0.0,0.0,,Ever Bounced,False,0.715,High
PR01580801,90.0,3  Above,129661,972355,SBL,Ever Bounce,True,0,0,0.0,0.0,0.0,,Ever Bounced,False,0.75,High
PR01580872,90.0,3  Above,183944,1231862,SBL,Ever Bounce,True,0,0,0.0,0.0,0.0,,Ever Bounced,False,0.75,High
PR01580938,90.0,3  Above,158565,768506,SBL,Ever Bounce,True,0,0,0.0,0.0,0.0,,Ever Bounced,False,0.75,High
PR01581009,0.0,0,7852,552371,ME,Ever Bounce,True,0,0,0.0,0.0,0.0,,Ever Bounced,False,0.7,High
PR01624137,90.0,3  Above,63155,899507,ME,Ever Bounce,True,0,0,0.0,0.0,0.0,,Ever Bounced,False,0.75,High
PR01581037,90.0,3  Above,194238,941426,SBL,Ever Bounce,True,0,0,0.0,0.0,0.0,,Ever Bounced,False,0.751,High
PR01581047,90.0,3  Above,307892,1790134,Co-Lending,Ever Bounce,True,0,0,0.0,0.0,0.0,,Ever Bounced,False,0.756,High
PR01603211,90.0,3  Above,105612,615271,Co-Lending,Ever Bounce,True,0,0,0.0,0.0,0.0,,Ever Bounced,False,0.75,High
PR01581054,90.0,3  Above,137792,893128,SBL,Ever Bounce,True,0,0,0.0,0.0,0.0,,Ever Bounced,False,0.75,High
PR01607423,90.0,3  Above,44016,286413,SBL,Ever Bounce,True,0,0,0.0,0.0,0.0,,Ever Bounced,False,0.75,High
PR01581093,90.0,3  Above,138960,761641,SBL,Ever Bounce,True,0,0,0.0,0.0,0.0,,Ever Bounced,False,0.75,High
PR01581146,90.0,3  Above,121264,798857,SBL,Ever Bounce,True,0,0,0.0,0.0,0.0,,Ever Bounced,False,0.75,High
PR01581181,90.0,3  Above,271128,1250652,ME,Ever Bounce,True,0,0,0.0,0.0,0.0,,Ever Bounced,False,0.754,High
PR01589921,90.0,3  Above,38236,192409,ME,Ever Bounce,True,0,0,0.0,0.0,0.0,,Ever Bounced,False,0.75,High
PR01581708,90.0,3  Above,254943,1519674,Co-Lending,Ever Bounce,True,0,0,0.0,0.0,0.0,,Ever Bounced,False,0.754,High
PR01582139,90.0,3  Above,119640,788210,SBL,Ever Bounce,True,0,0,0.0,0.0,0.0,,Ever Bounced,False,0.75,High
PR01582200,90.0,3  Above,169370,899609,SBL,Ever Bounce,True,0,0,0.0,0.0,0.0,,Ever Bounced,False,0.75,High
PR01582247,90.0,3  Above,216264,1472533,SBL,Ever Bounce,True,0,0,0.0,0.0,0.0,,Ever Bounced,False,0.752,High
PR01582263,90.0,3  Above,50250,285552,SBL,Ever Bounce,True,0,0,0.0,0.0,0.0,,Ever Bounced,False,0.75,High
PR01631394,90.0,3  Above,83760,479894,SBL,Ever Bounce,True,0,0,0.0,0.0,0.0,,Ever Bounced,False,0.75,High
PR01582282,90.0,3  Above,198209,960629,SBL,Ever Bounce,True,0,0,0.0,0.0,0.0,,Ever Bounced,False,0.751,High
PR01582285,90.0,3  Above,100905,756694,SBL,Ever Bounce,True,0,0,0.0,0.0,0.0,,Ever Bounced,False,0.75,High
PR01582298,90.0,3  Above,298908,2386179,Co-Lending,Ever Bounce,True,0,0,0.0,0.0,0.0,,Ever Bounced,False,0.755,High
PR01582428,90.0,3  Above,458796,1318688,Co-Lending,Ever Bounce,True,0,0,0.0,0.0,0.0,,Ever Bounced,False,0.76,High
PR01591165,75.0,3,64868,844330,SBL,Ever Bounce,True,0,0,0.0,0.0,0.0,,Ever Bounced,False,0.715,High
PR01591262,90.0,3  Above,109496,549931,Micro Loan,Ever Bounce,True,0,0,0.0,0.0,0.0,,Ever Bounced,False,0.75,High
PR01592294,90.0,3  Above,117909,473592,SBL,Ever Bounce,True,0,0,0.0,0.0,0.0,,Ever Bounced,False,0.75,High
PR01592301,90.0,3  Above,110215,1097431,ME,Ever Bounce,True,0,0,0.0,0.0,0.0,,Ever Bounced,False,0.75,High
PR01594766,90.0,3  Above,114387,307639,SBL,Ever Bounce,True,0,0,0.0,0.0,0.0,,Ever Bounced,False,0.75,High
PR01595912,90.0,3  Above,30600,187254,SBL,Ever Bounce,True,0,0,0.0,0.0,0.0,,Ever Bounced,False,0.75,High
PR01596261,90.0,3  Above,184954,742891,SBL,Ever Bounce,True,0,0,0.0,0.0,0.0,,Ever Bounced,False,0.75,High
PR01596923,90.0,3  Above,195525,613696,SBL,Ever Bounce,True,0,0,0.0,0.0,0.0,,Ever Bounced,False,0.751,High
PR01596942,90.0,3  Above,142296,647703,SBL,Ever Bounce,True,0,0,0.0,0.0,0.0,,Ever Bounced,False,0.75,High
PR01597761,75.0,3,49352,449938,SBL,Ever Bounce,True,0,0,0.0,0.0,0.0,,Ever Bounced,False,0.712,High
PR01816342,90.0,3  Above,47362,221463,Micro Loan,Ever Bounce,True,0,0,0.0,0.0,0.0,,Ever Bounced,False,0.75,High
PR01597817,90.0,3  Above,161832,650033,SBL,Ever Bounce,True,0,0,0.0,0.0,0.0,,Ever Bounced,False,0.75,High
PR01597865,90.0,3  Above,280428,1646511,Co-Lending,Ever Bounce,True,0,0,0.0,0.0,0.0,,Ever Bounced,False,0.755,High
PR01578857,75.0,3,23635,316376,SBL,Ever Bounce,True,0,0,0.0,0.0,0.0,,Ever Bounced,False,0.704,High
PR01599073,45.0,2,18768,334975,ME,Ever Bounce,True,0,0,0.0,0.0,0.0,,Ever Bounced,False,0.7,High
PR01600127,15.0,1,65970,2418147,Co-Lending,Ever Bounce,True,0,0,0.0,0.0,0.0,,Ever Bounced,False,0.7,High
PR01663712,90.0,3  Above,94173,1170357,Co-Lending,Ever Bounce,True,0,0,0.0,0.0,0.0,,Ever Bounced,False,0.75,High
PR01600162,90.0,3  Above,111042,465678,Micro Loan,Ever Bounce,True,0,0,0.0,0.0,0.0,,Ever Bounced,False,0.75,High
PR01600167,75.0,3,51850,395701,SBL,Ever Bounce,True,0,0,0.0,0.0,0.0,,Ever Bounced,False,0.712,High
PR01600380,75.0,3,34760,167319,SBL,Ever Bounce,True,0,0,0.0,0.0,0.0,,Ever Bounced,False,0.708,High
PR01600720,90.0,3  Above,252210,1105831,SBL,Ever Bounce,True,0,0,0.0,0.0,0.0,,Ever Bounced,False,0.754,High
PR01601061,90.0,3  Above,201608,1378411,SBL,Ever Bounce,True,0,0,0.0,0.0,0.0,,Ever Bounced,False,0.751,High
PR01601113,90.0,3  Above,262656,959222,SBL,Ever Bounce,True,0,0,0.0,0.0,0.0,,Ever Bounced,False,0.754,High
PR01601128,90.0,3  Above,167955,791300,ME,Ever Bounce,True,0,0,0.0,0.0,0.0,,Ever Bounced,False,0.75,High
PR01672424,90.0,3  Above,33600,197493,ME,Ever Bounce,True,0,0,0.0,0.0,0.0,,Ever Bounced,False,0.75,High
PR01601257,90.0,3  Above,108808,634541,SBL,Ever Bounce,True,0,0,0.0,0.0,0.0,,Ever Bounced,False,0.75,High
PR01602066,90.0,3  Above,140517,646968,ME,Ever Bounce,True,0,0,0.0,0.0,0.0,,Ever Bounced,False,0.75,High
PR01627426,90.0,3  Above,27261,126054,ME,Ever Bounce,True,0,0,0.0,0.0,0.0,,Ever Bounced,False,0.75,High
PR01602214,90.0,3  Above,159885,736258,Micro Loan,Ever Bounce,True,0,0,0.0,0.0,0.0,,Ever Bounced,False,0.75,High
PR01602717,90.0,3  Above,220136,701087,SBL,Ever Bounce,True,0,0,0.0,0.0,0.0,,Ever Bounced,False,0.752,High
PR01602773,90.0,3  Above,88272,624471,SBL,Ever Bounce,True,0,0,0.0,0.0,0.0,,Ever Bounced,False,0.75,High
PR01602779,90.0,3  Above,27027,467106,SBL,Ever Bounce,True,0,0,0.0,0.0,0.0,,Ever Bounced,False,0.75,High
PR01794087,90.0,3  Above,36040,482085,ME,Ever Bounce,True,0,0,0.0,0.0,0.0,,Ever Bounced,False,0.75,High
PR01602803,90.0,3  Above,139896,644235,SBL,Ever Bounce,True,0,0,0.0,0.0,0.0,,Ever Bounced,False,0.75,High
PR01603789,90.0,3  Above,232362,939245,ME,Ever Bounce,True,0,0,0.0,0.0,0.0,,Ever Bounced,False,0.753,High
PR01603813,90.0,3  Above,135140,720475,ME,Ever Bounce,True,0,0,0.0,0.0,0.0,,Ever Bounced,False,0.75,High
PR01657278,90.0,3  Above,87580,470290,ME,Ever Bounce,True,0,0,0.0,0.0,0.0,,Ever Bounced,False,0.75,High
PR01547820,90.0,3  Above,67356,584458,SBL,Ever Bounce,True,0,0,0.0,0.0,0.0,,Ever Bounced,False,0.75,High
PR01603846,90.0,3  Above,91693,690399,ME,Ever Bounce,True,0,0,0.0,0.0,0.0,,Ever Bounced,False,0.75,High
PR01603851,90.0,3  Above,56216,371815,ME,Ever Bounce,True,0,0,0.0,0.0,0.0,,Ever Bounced,False,0.75,High
PR01632143,90.0,3  Above,73880,395311,ME,Ever Bounce,True,0,0,0.0,0.0,0.0,,Ever Bounced,False,0.75,High
PR01604719,90.0,3  Above,65510,526369,Micro Loan,Ever Bounce,True,0,0,0.0,0.0,0.0,,Ever Bounced,False,0.75,High
PR01604921,90.0,3  Above,77168,482292,Micro Loan,Ever Bounce,True,0,0,0.0,0.0,0.0,,Ever Bounced,False,0.75,High
PR01605002,90.0,3  Above,128532,1590975,Co-Lending,Ever Bounce,True,0,0,0.0,0.0,0.0,,Ever Bounced,False,0.75,High
PR01657494,90.0,3  Above,22725,337718,Co-Lending,Ever Bounce,True,0,0,0.0,0.0,0.0,,Ever Bounced,False,0.75,High
PR01605017,90.0,3  Above,108110,1130458,SBL,Ever Bounce,True,0,0,0.0,0.0,0.0,,Ever Bounced,False,0.75,High
PR02044185,90.0,3  Above,17630,116522,ME,Ever Bounce,True,0,0,0.0,0.0,0.0,,Ever Bounced,False,0.75,High
PR01605020,90.0,3  Above,84685,885524,SBL,Ever Bounce,True,0,0,0.0,0.0,0.0,,Ever Bounced,False,0.75,High
PR01605855,90.0,3  Above,88272,624471,SBL,Ever Bounce,True,0,0,0.0,0.0,0.0,,Ever Bounced,False,0.75,High
PR01606035,90.0,3  Above,76580,800729,SBL,Ever Bounce,True,0,0,0.0,0.0,0.0,,Ever Bounced,False,0.75,High
PR01606043,90.0,3  Above,180918,1142192,ME,Ever Bounce,True,0,0,0.0,0.0,0.0,,Ever Bounced,False,0.75,High
PR01606047,90.0,3  Above,78876,690070,SBL,Ever Bounce,True,0,0,0.0,0.0,0.0,,Ever Bounced,False,0.75,High
PR01606064,90.0,3  Above,91962,889275,ME,Ever Bounce,True,0,0,0.0,0.0,0.0,,Ever Bounced,False,0.75,High
PR01606201,90.0,3  Above,201768,748478,SBL,Ever Bounce,True,0,0,0.0,0.0,0.0,,Ever Bounced,False,0.751,High
PR01582179,90.0,3  Above,93168,653409,SBL,Ever Bounce,True,0,0,0.0,0.0,0.0,,Ever Bounced,False,0.75,High
PR01606892,15.0,1,8408,172161,ME,Ever Bounce,True,0,0,0.0,0.0,0.0,,Ever Bounced,False,0.7,High
PR01607022,90.0,3  Above,284024,1031813,SBL,Ever Bounce,True,0,0,0.0,0.0,0.0,,Ever Bounced,False,0.755,High
PR01607213,90.0,3  Above,132433,997134,SBL,Ever Bounce,True,0,0,0.0,0.0,0.0,,Ever Bounced,False,0.75,High
PR01607240,90.0,3  Above,106080,701599,SBL,Ever Bounce,True,0,0,0.0,0.0,0.0,,Ever Bounced,False,0.75,High
PR01607288,90.0,3  Above,194975,981153,SBL,Ever Bounce,True,0,0,0.0,0.0,0.0,,Ever Bounced,False,0.751,High
PR01619069,90.0,3  Above,27808,190898,SBL,Ever Bounce,True,0,0,0.0,0.0,0.0,,Ever Bounced,False,0.75,High
PR01607330,90.0,3  Above,111230,1201569,SBL,Ever Bounce,True,0,0,0.0,0.0,0.0,,Ever Bounced,False,0.75,High
PR01607435,75.0,3,240395,4543542,Co-Lending,Ever Bounce,True,0,0,0.0,0.0,0.0,,Ever Bounced,False,0.728,High
PR01607469,90.0,3  Above,211250,906378,SBL,Ever Bounce,True,0,0,0.0,0.0,0.0,,Ever Bounced,False,0.752,High
PR01686865,90.0,3  Above,96984,454084,SBL,Ever Bounce,True,0,0,0.0,0.0,0.0,,Ever Bounced,False,0.75,High
PR01607508,90.0,3  Above,170324,1325399,SBL,Ever Bounce,True,0,0,0.0,0.0,0.0,,Ever Bounced,False,0.75,High
PR01607528,90.0,3  Above,99112,666403,SBL,Ever Bounce,True,0,0,0.0,0.0,0.0,,Ever Bounced,False,0.75,High
PR01610305,90.0,3  Above,121660,670803,SBL,Ever Bounce,True,0,0,0.0,0.0,0.0,,Ever Bounced,False,0.75,High
PR01386771,90.0,3  Above,69288,485252,ME,Ever Bounce,True,0,0,0.0,0.0,0.0,,Ever Bounced,False,0.75,High
PR01404891,90.0,3  Above,118296,832840,ME,Ever Bounce,True,0,0,0.0,0.0,0.0,,Ever Bounced,False,0.75,High
PR01616104,90.0,3  Above,130616,960445,ME,Ever Bounce,True,0,0,0.0,0.0,0.0,,Ever Bounced,False,0.75,High
PR01618599,90.0,3  Above,163944,612603,SBL,Ever Bounce,True,0,0,0.0,0.0,0.0,,Ever Bounced,False,0.75,High
PR01576655,90.0,3  Above,32264,235124,ME,Ever Bounce,True,0,0,0.0,0.0,0.0,,Ever Bounced,False,0.75,High
PR01619149,90.0,3  Above,161336,1186317,ME,Ever Bounce,True,0,0,0.0,0.0,0.0,,Ever Bounced,False,0.75,High
PR01619716,90.0,3  Above,191895,696650,SBL,Ever Bounce,True,0,0,0.0,0.0,0.0,,Ever Bounced,False,0.751,High
PR01619741,90.0,3  Above,170566,681562,SBL,Ever Bounce,True,0,0,0.0,0.0,0.0,,Ever Bounced,False,0.75,High
PR01620916,75.0,3,55980,665795,SBL,Ever Bounce,True,0,0,0.0,0.0,0.0,,Ever Bounced,False,0.713,High
PR01621434,90.0,3  Above,187704,872447,SBL,Ever Bounce,True,0,0,0.0,0.0,0.0,,Ever Bounced,False,0.751,High
PR01621481,90.0,3  Above,249904,838699,SBL,Ever Bounce,True,0,0,0.0,0.0,0.0,,Ever Bounced,False,0.754,High
PR01626202,90.0,3  Above,58688,196984,ME,Ever Bounce,True,0,0,0.0,0.0,0.0,,Ever Bounced,False,0.75,High
PR01582308,90.0,3  Above,285630,2141664,Co-Lending,Ever Bounce,True,0,0,0.0,0.0,0.0,,Ever Bounced,False,0.755,High
PR01621700,90.0,3  Above,103870,782256,Co-Lending,Ever Bounce,True,0,0,0.0,0.0,0.0,,Ever Bounced,False,0.75,High
PR01622739,90.0,3  Above,74960,370407,Micro Loan,Ever Bounce,True,0,0,0.0,0.0,0.0,,Ever Bounced,False,0.75,High
PR01622762,90.0,3  Above,391888,1978254,ME,Ever Bounce,True,0,0,0.0,0.0,0.0,,Ever Bounced,False,0.758,High
PR01666758,90.0,3  Above,78386,396292,ME,Ever Bounce,True,0,0,0.0,0.0,0.0,,Ever Bounced,False,0.75,High
PR01624107,90.0,3  Above,155440,653613,SBL,Ever Bounce,True,0,0,0.0,0.0,0.0,,Ever Bounced,False,0.75,High
PR01624154,90.0,3  Above,135280,677731,SBL,Ever Bounce,True,0,0,0.0,0.0,0.0,,Ever Bounced,False,0.75,High
PR01624171,90.0,3  Above,109296,594305,SBL,Ever Bounce,True,0,0,0.0,0.0,0.0,,Ever Bounced,False,0.75,High
PR01624453,75.0,3,61264,800729,SBL,Ever Bounce,True,0,0,0.0,0.0,0.0,,Ever Bounced,False,0.714,High
PR01625365,90.0,3  Above,182391,747505,SBL,Ever Bounce,True,0,0,0.0,0.0,0.0,,Ever Bounced,False,0.75,High
PR01625803,75.0,3,67918,716694,SBL,Ever Bounce,True,0,0,0.0,0.0,0.0,,Ever Bounced,False,0.715,High
PR01626430,75.0,3,48820,468630,Micro Loan,Ever Bounce,True,0,0,0.0,0.0,0.0,,Ever Bounced,False,0.712,High
PR01627156,90.0,3  Above,230640,787558,SBL,Ever Bounce,True,0,0,0.0,0.0,0.0,,Ever Bounced,False,0.753,High
PR01627355,90.0,3  Above,114786,643689,SBL,Ever Bounce,True,0,0,0.0,0.0,0.0,,Ever Bounced,False,0.75,High
PR01627373,90.0,3  Above,114786,643689,SBL,Ever Bounce,True,0,0,0.0,0.0,0.0,,Ever Bounced,False,0.75,High
PR01627792,90.0,3  Above,98964,452151,SBL,Ever Bounce,True,0,0,0.0,0.0,0.0,,Ever Bounced,False,0.75,High
PR01668368,90.0,3  Above,168883,717275,SBL,Ever Bounce,True,0,0,0.0,0.0,0.0,,Ever Bounced,False,0.75,High
PR01628142,90.0,3  Above,391050,1470036,SBL,Ever Bounce,True,0,0,0.0,0.0,0.0,,Ever Bounced,False,0.758,High
PR01628147,90.0,3  Above,54235,754601,ME,Ever Bounce,True,0,0,0.0,0.0,0.0,,Ever Bounced,False,0.75,High
PR01663882,15.0,1,10169,701883,ME,Ever Bounce,True,0,0,0.0,0.0,0.0,,Ever Bounced,False,0.7,High
PR01628178,90.0,3  Above,32242,251911,SBL,Ever Bounce,True,0,0,0.0,0.0,0.0,,Ever Bounced,False,0.75,High
PR01674941,90.0,3  Above,28595,224294,SBL,Ever Bounce,True,0,0,0.0,0.0,0.0,,Ever Bounced,False,0.75,High
PR01628434,90.0,3  Above,175659,659741,Micro Loan,Ever Bounce,True,0,0,0.0,0.0,0.0,,Ever Bounced,False,0.75,High
PR01628559,90.0,3  Above,325040,134825,SBL,Ever Bounce,True,0,0,0.0,0.0,0.0,,Ever Bounced,False,0.756,High
PR01628626,75.0,3,67256,707564,SBL,Ever Bounce,True,0,0,0.0,0.0,0.0,,Ever Bounced,False,0.715,High
PR01628902,90.0,3  Above,251925,1188889,ME,Ever Bounce,True,0,0,0.0,0.0,0.0,,Ever Bounced,False,0.754,High
PR01662571,90.0,3  Above,179152,795122,ME,Ever Bounce,True,0,0,0.0,0.0,0.0,,Ever Bounced,False,0.75,High
PR01577267,90.0,3  Above,143297,694543,ME,Ever Bounce,True,0,0,0.0,0.0,0.0,,Ever Bounced,False,0.75,High
PR01628917,90.0,3  Above,102674,501262,ME,Ever Bounce,True,0,0,0.0,0.0,0.0,,Ever Bounced,False,0.75,High
PR01628960,90.0,3  Above,76310,647763,SBL,Ever Bounce,True,0,0,0.0,0.0,0.0,,Ever Bounced,False,0.75,High
PR01629009,90.0,3  Above,178864,1187484,SBL,Ever Bounce,True,0,0,0.0,0.0,0.0,,Ever Bounced,False,0.75,High
PR01629150,90.0,3  Above,81928,733519,Home Loan,Ever Bounce,True,0,0,0.0,0.0,0.0,,Ever Bounced,False,0.75,High
PR01629169,90.0,3  Above,218582,759405,SBL,Ever Bounce,True,0,0,0.0,0.0,0.0,,Ever Bounced,False,0.752,High
PR01629214,90.0,3  Above,188760,872666,ME,Ever Bounce,True,0,0,0.0,0.0,0.0,,Ever Bounced,False,0.751,High
PR01629704,90.0,3  Above,118016,783559,SBL,Ever Bounce,True,0,0,0.0,0.0,0.0,,Ever Bounced,False,0.75,High
PR01630047,90.0,3  Above,131400,455376,Micro Loan,Ever Bounce,True,0,0,0.0,0.0,0.0,,Ever Bounced,False,0.75,High
PR01630088,75.0,3,72376,977305,SBL,Ever Bounce,True,0,0,0.0,0.0,0.0,,Ever Bounced,False,0.716,High
PR01630697,75.0,3,100748,1863513,Co-Lending,Ever Bounce,True,0,0,0.0,0.0,0.0,,Ever Bounced,False,0.719,High
PR01631175,90.0,3  Above,168465,1129989,ME,Ever Bounce,True,0,0,0.0,0.0,0.0,,Ever Bounced,False,0.75,High
PR01679712,90.0,3  Above,80575,542430,ME,Ever Bounce,True,0,0,0.0,0.0,0.0,,Ever Bounced,False,0.75,High
PR01631280,75.0,3,165884,2879657,ME,Ever Bounce,True,0,0,0.0,0.0,0.0,,Ever Bounced,False,0.724,High
PR01631292,90.0,3  Above,186528,662686,Micro Loan,Ever Bounce,True,0,0,0.0,0.0,0.0,,Ever Bounced,False,0.751,High
PR01631381,75.0,3,50248,616347,SBL,Ever Bounce,True,0,0,0.0,0.0,0.0,,Ever Bounced,False,0.712,High
PR01631452,90.0,3  Above,148808,679927,SBL,Ever Bounce,True,0,0,0.0,0.0,0.0,,Ever Bounced,False,0.75,High
PR01631578,90.0,3  Above,68436,454890,Micro Loan,Ever Bounce,True,0,0,0.0,0.0,0.0,,Ever Bounced,False,0.75,High
PR01631775,90.0,3  Above,102984,634925,SBL,Ever Bounce,True,0,0,0.0,0.0,0.0,,Ever Bounced,False,0.75,High
PR01631904,90.0,3  Above,220707,1102348,SBL,Ever Bounce,True,0,0,0.0,0.0,0.0,,Ever Bounced,False,0.752,High
PR01631975,90.0,3  Above,132435,1390434,SBL,Ever Bounce,True,0,0,0.0,0.0,0.0,,Ever Bounced,False,0.75,High
PR01632189,75.0,3,78104,1355837,ME,Ever Bounce,True,0,0,0.0,0.0,0.0,,Ever Bounced,False,0.717,High
PR01668826,75.0,3,33868,588967,ME,Ever Bounce,True,0,0,0.0,0.0,0.0,,Ever Bounced,False,0.708,High
PR01632295,90.0,3  Above,68436,454890,Micro Loan,Ever Bounce,True,0,0,0.0,0.0,0.0,,Ever Bounced,False,0.75,High
PR01632478,90.0,3  Above,321165,1282210,SBL,Ever Bounce,True,0,0,0.0,0.0,0.0,,Ever Bounced,False,0.756,High
PR01632551,90.0,3  Above,191180,1058243,SBL,Ever Bounce,True,0,0,0.0,0.0,0.0,,Ever Bounced,False,0.751,High
PR01632580,90.0,3  Above,135718,474400,Micro Loan,Ever Bounce,True,0,0,0.0,0.0,0.0,,Ever Bounced,False,0.75,High
PR01632605,90.0,3  Above,139896,648963,SBL,Ever Bounce,True,0,0,0.0,0.0,0.0,,Ever Bounced,False,0.75,High
PR01633079,90.0,3  Above,242662,1008932,SBL,Ever Bounce,True,0,0,0.0,0.0,0.0,,Ever Bounced,False,0.753,High
PR01691382,90.0,3  Above,156562,653424,SBL,Ever Bounce,True,0,0,0.0,0.0,0.0,,Ever Bounced,False,0.75,High
PR01633162,90.0,3  Above,128843,472329,Micro Loan,Ever Bounce,True,0,0,0.0,0.0,0.0,,Ever Bounced,False,0.75,High
PR01633394,90.0,3  Above,127790,986641,Co-Lending,Ever Bounce,True,0,0,0.0,0.0,0.0,,Ever Bounced,False,0.75,High
PR01728714,90.0,3  Above,123871,876930,Co-Lending,Ever Bounce,True,0,0,0.0,0.0,0.0,,Ever Bounced,False,0.75,High
PR01758113,90.0,3  Above,63270,492211,Co-Lending,Ever Bounce,True,0,0,0.0,0.0,0.0,,Ever Bounced,False,0.75,High
PR01633400,90.0,3  Above,224939,1546274,ME,Ever Bounce,True,0,0,0.0,0.0,0.0,,Ever Bounced,False,0.752,High
PR01718474,90.0,3  Above,50247,422982,ME,Ever Bounce,True,0,0,0.0,0.0,0.0,,Ever Bounced,False,0.75,High
PR01633959,90.0,3  Above,103788,911654,SBL,Ever Bounce,True,0,0,0.0,0.0,0.0,,Ever Bounced,False,0.75,High
PR01634047,90.0,3  Above,202240,1436420,SBL,Ever Bounce,True,0,0,0.0,0.0,0.0,,Ever Bounced,False,0.751,High
PR01634059,90.0,3  Above,192465,575925,Micro Loan,Ever Bounce,True,0,0,0.0,0.0,0.0,,Ever Bounced,False,0.751,High
PR01634147,90.0,3  Above,132264,473377,Micro Loan,Ever Bounce,True,0,0,0.0,0.0,0.0,,Ever Bounced,False,0.75,High
PR01634177,90.0,3  Above,84336,285195,Micro Loan,Ever Bounce,True,0,0,0.0,0.0,0.0,,Ever Bounced,False,0.75,High
PR01634221,90.0,3  Above,208560,1893427,ME,Ever Bounce,True,0,0,0.0,0.0,0.0,,Ever Bounced,False,0.752,High
PR01634264,90.0,3  Above,194598,1152768,SBL,Ever Bounce,True,0,0,0.0,0.0,0.0,,Ever Bounced,False,0.751,High
PR01634323,90.0,3  Above,207597,668361,Micro Loan,Ever Bounce,True,0,0,0.0,0.0,0.0,,Ever Bounced,False,0.752,High
PR01634389,90.0,3  Above,224549,671908,Micro Loan,Ever Bounce,True,0,0,0.0,0.0,0.0,,Ever Bounced,False,0.752,High
PR01707229,75.0,3,156620,3290622,Co-Lending,Ever Bounce,True,0,0,0.0,0.0,0.0,,Ever Bounced,False,0.724,High
PR01634424,90.0,3  Above,133176,1221211,ME,Ever Bounce,True,0,0,0.0,0.0,0.0,,Ever Bounced,False,0.75,High
PR01669466,90.0,3  Above,218408,2006678,ME,Ever Bounce,True,0,0,0.0,0.0,0.0,,Ever Bounced,False,0.752,High
PR01639444,75.0,3,43216,447890,SBL,Ever Bounce,True,0,0,0.0,0.0,0.0,,Ever Bounced,False,0.71,High
PR01668068,15.0,1,12966,264234,ME,Ever Bounce,True,0,0,0.0,0.0,0.0,,Ever Bounced,False,0.7,High
PR01639664,90.0,3  Above,61176,421649,SBL,Ever Bounce,True,0,0,0.0,0.0,0.0,,Ever Bounced,False,0.75,High
PR01674905,90.0,3  Above,50056,344981,SBL,Ever Bounce,True,0,0,0.0,0.0,0.0,,Ever Bounced,False,0.75,High
PR01640359,90.0,3  Above,283101,1267622,SBL,Ever Bounce,True,0,0,0.0,0.0,0.0,,Ever Bounced,False,0.755,High
PR01657233,90.0,3  Above,125472,319517,Micro Loan,Ever Bounce,True,0,0,0.0,0.0,0.0,,Ever Bounced,False,0.75,High
PR01697604,90.0,3  Above,38480,98507,Micro Loan,Ever Bounce,True,0,0,0.0,0.0,0.0,,Ever Bounced,False,0.75,High
PR01661263,90.0,3  Above,170995,662676,Micro Loan,Ever Bounce,True,0,0,0.0,0.0,0.0,,Ever Bounced,False,0.75,High
PR01661537,90.0,3  Above,117705,731450,Micro Loan,Ever Bounce,False,2,0,0.0,1.0,77200.0,2026-09-16 19:15:20,Ever Bounced,False,0.75,High
PR01718499,90.0,3  Above,133630,1132829,ME,Ever Bounce,True,0,0,0.0,0.0,0.0,,Ever Bounced,False,0.75,High
PR01744600,90.0,3  Above,126126,1073859,ME,Ever Bounce,True,0,0,0.0,0.0,0.0,,Ever Bounced,False,0.75,High
PR01664034,90.0,3  Above,172264,1272275,ME,Ever Bounce,True,0,0,0.0,0.0,0.0,,Ever Bounced,False,0.75,High
PR01682218,90.0,3  Above,25816,191484,ME,Ever Bounce,True,0,0,0.0,0.0,0.0,,Ever Bounced,False,0.75,High
PR01886078,90.0,3  Above,69808,499946,ME,Ever Bounce,True,0,0,0.0,0.0,0.0,,Ever Bounced,False,0.75,High
PR01664146,90.0,3  Above,221122,1161050,SBL,Ever Bounce,True,0,0,0.0,0.0,0.0,,Ever Bounced,False,0.752,High
PR01664962,90.0,3  Above,234247,977893,SBL,Ever Bounce,True,0,0,0.0,0.0,0.0,,Ever Bounced,False,0.753,High
PR01665949,90.0,3  Above,196188,757827,SBL,Ever Bounce,True,0,0,0.0,0.0,0.0,,Ever Bounced,False,0.751,High
PR01666686,75.0,3,100904,1324219,SBL,Ever Bounce,True,0,0,0.0,0.0,0.0,,Ever Bounced,False,0.719,High
PR01667439,90.0,3  Above,159282,963129,SBL,Ever Bounce,True,0,0,0.0,0.0,0.0,,Ever Bounced,False,0.75,High
PR01667667,90.0,3  Above,89691,580822,SBL,Ever Bounce,True,0,0,0.0,0.0,0.0,,Ever Bounced,False,0.75,High
PR01667822,90.0,3  Above,172088,954895,SBL,Ever Bounce,True,0,0,0.0,0.0,0.0,,Ever Bounced,False,0.75,High
PR01667872,75.0,3,43648,457694,SBL,Ever Bounce,True,0,0,0.0,0.0,0.0,,Ever Bounced,False,0.711,High
PR01701209,75.0,3,37340,394790,SBL,Ever Bounce,False,1,0,0.0,1.0,9335.0,2026-09-11 13:43:29,Ever Bounced,False,0.7,High
PR01667994,90.0,3  Above,130350,724305,SBL,Ever Bounce,True,0,0,0.0,0.0,0.0,,Ever Bounced,False,0.75,High
PR01668029,90.0,3  Above,191142,1155748,SBL,Ever Bounce,True,0,0,0.0,0.0,0.0,,Ever Bounced,False,0.751,High
PR01668512,90.0,3  Above,159285,590379,SBL,Ever Bounce,True,0,0,0.0,0.0,0.0,,Ever Bounced,False,0.75,High
PR01668631,90.0,3  Above,50456,382802,SBL,Ever Bounce,True,0,0,0.0,0.0,0.0,,Ever Bounced,False,0.75,High
PR01711274,90.0,3  Above,72080,483837,SBL,Ever Bounce,True,0,0,0.0,0.0,0.0,,Ever Bounced,False,0.75,High
PR01668821,90.0,3  Above,202540,690430,SBL,Ever Bounce,True,0,0,0.0,0.0,0.0,,Ever Bounced,False,0.751,High
PR01668854,90.0,3  Above,86723,669035,SBL,Ever Bounce,True,0,0,0.0,0.0,0.0,,Ever Bounced,False,0.75,High
PR01669271,90.0,3  Above,46872,278644,ME,Ever Bounce,True,0,0,0.0,0.0,0.0,,Ever Bounced,False,0.75,High
PR01699998,90.0,3  Above,8001,416524,ME,Ever Bounce,True,0,0,0.0,0.0,0.0,,Ever Bounced,False,0.75,High
PR01670675,90.0,3  Above,69935,1021992,ME,Ever Bounce,True,0,0,0.0,0.0,0.0,,Ever Bounced,False,0.75,High
PR01707831,90.0,3  Above,64575,947423,ME,Ever Bounce,True,0,0,0.0,0.0,0.0,,Ever Bounced,False,0.75,High
PR01670882,90.0,3  Above,223936,993902,ME,Ever Bounce,True,0,0,0.0,0.0,0.0,,Ever Bounced,False,0.752,High
PR01683062,90.0,3  Above,19600,99230,ME,Ever Bounce,True,0,0,0.0,0.0,0.0,,Ever Bounced,False,0.75,High
PR01671518,90.0,3  Above,76878,579141,SBL,Ever Bounce,True,0,0,0.0,0.0,0.0,,Ever Bounced,False,0.75,High
PR01671560,90.0,3  Above,114395,1186298,SBL,Ever Bounce,True,0,0,0.0,0.0,0.0,,Ever Bounced,False,0.75,High
PR01671911,90.0,3  Above,98835,1301001,ME,Ever Bounce,True,0,0,0.0,0.0,0.0,,Ever Bounced,False,0.75,High
PR01672134,90.0,3  Above,64245,723773,SBL,Ever Bounce,True,0,0,0.0,0.0,0.0,,Ever Bounced,False,0.75,High
PR01729016,90.0,3  Above,58032,417273,SBL,Ever Bounce,True,0,0,0.0,0.0,0.0,,Ever Bounced,False,0.75,High
PR01672358,90.0,3  Above,113449,688010,SBL,Ever Bounce,True,0,0,0.0,0.0,0.0,,Ever Bounced,False,0.75,High
PR01672566,90.0,3  Above,255504,684729,Micro Loan,Ever Bounce,True,0,0,0.0,0.0,0.0,,Ever Bounced,False,0.754,High
PR01672583,90.0,3  Above,188097,687901,SBL,Ever Bounce,True,0,0,0.0,0.0,0.0,,Ever Bounced,False,0.751,High
PR01672894,90.0,3  Above,393660,2874121,Co-Lending,Ever Bounce,True,0,0,0.0,0.0,0.0,,Ever Bounced,False,0.758,High
PR01672966,90.0,3  Above,125620,631356,SBL,Ever Bounce,True,0,0,0.0,0.0,0.0,,Ever Bounced,False,0.75,High
PR01673217,90.0,3  Above,175695,486793,Micro Loan,Ever Bounce,True,0,0,0.0,0.0,0.0,,Ever Bounced,False,0.75,High
PR01673454,90.0,3  Above,198390,536054,Micro Loan,Ever Bounce,True,0,0,0.0,0.0,0.0,,Ever Bounced,False,0.751,High
PR01674319,75.0,3,107668,1460053,SBL,Ever Bounce,True,0,0,0.0,0.0,0.0,,Ever Bounced,False,0.72,High
PR01674597,90.0,3  Above,72369,463337,ME,Ever Bounce,True,0,0,0.0,0.0,0.0,,Ever Bounced,False,0.75,High
PR01693790,90.0,3  Above,69282,541291,ME,Ever Bounce,True,0,0,0.0,0.0,0.0,,Ever Bounced,False,0.75,High
PR01674601,75.0,3,53300,492936,Micro Loan,Ever Bounce,True,0,0,0.0,0.0,0.0,,Ever Bounced,False,0.713,High
PR01674654,90.0,3  Above,151776,902373,SBL,Ever Bounce,True,0,0,0.0,0.0,0.0,,Ever Bounced,False,0.75,High
PR01674763,90.0,3  Above,103642,558808,Micro Loan,Ever Bounce,True,0,0,0.0,0.0,0.0,,Ever Bounced,False,0.75,High
PR01674957,90.0,3  Above,331677,2111541,SBL,Ever Bounce,True,0,0,0.0,0.0,0.0,,Ever Bounced,False,0.756,High
PR01674995,90.0,3  Above,205620,1379870,ME,Ever Bounce,True,0,0,0.0,0.0,0.0,,Ever Bounced,False,0.752,High
PR01675116,90.0,3  Above,270280,1451538,SBL,Ever Bounce,True,0,0,0.0,0.0,0.0,,Ever Bounced,False,0.754,High
PR01675353,90.0,3  Above,267900,1502744,ME,Ever Bounce,True,0,0,0.0,0.0,0.0,,Ever Bounced,False,0.754,High
PR01720140,90.0,3  Above,70500,474552,ME,Ever Bounce,True,0,0,0.0,0.0,0.0,,Ever Bounced,False,0.75,High
PR01675356,90.0,3  Above,201552,894510,ME,Ever Bounce,True,0,0,0.0,0.0,0.0,,Ever Bounced,False,0.751,High
PR01696115,90.0,3  Above,246336,1095000,ME,Ever Bounce,True,0,0,0.0,0.0,0.0,,Ever Bounced,False,0.753,High
PR01675453,90.0,3  Above,42565,364328,ME,Ever Bounce,True,0,0,0.0,0.0,0.0,,Ever Bounced,False,0.75,High
PR01718182,90.0,3  Above,33630,292579,ME,Ever Bounce,True,0,0,0.0,0.0,0.0,,Ever Bounced,False,0.75,High
PR01675606,90.0,3  Above,138780,798102,SBL,Ever Bounce,True,0,0,0.0,0.0,0.0,,Ever Bounced,False,0.75,High
PR01675612,90.0,3  Above,126130,677385,SBL,Ever Bounce,True,0,0,0.0,0.0,0.0,,Ever Bounced,False,0.75,High
PR01675653,90.0,3  Above,200040,1122117,ME,Ever Bounce,True,0,0,0.0,0.0,0.0,,Ever Bounced,False,0.751,High
PR01721606,90.0,3  Above,53610,360857,ME,Ever Bounce,True,0,0,0.0,0.0,0.0,,Ever Bounced,False,0.75,High
PR01680723,90.0,3  Above,180360,489953,Micro Loan,Ever Bounce,True,0,0,0.0,0.0,0.0,,Ever Bounced,False,0.75,High
PR01683088,90.0,3  Above,149292,527926,Micro Loan,Ever Bounce,True,0,0,0.0,0.0,0.0,,Ever Bounced,False,0.75,High
PR01684755,90.0,3  Above,252009,1454330,SBL,Ever Bounce,True,0,0,0.0,0.0,0.0,,Ever Bounced,False,0.754,High
PR01685149,90.0,3  Above,106190,1142406,SBL,Ever Bounce,True,0,0,0.0,0.0,0.0,,Ever Bounced,False,0.75,High
PR01688774,90.0,3  Above,94314,807907,SBL,Ever Bounce,True,0,0,0.0,0.0,0.0,,Ever Bounced,False,0.75,High
PR01689125,90.0,3  Above,183541,2448278,ME,Ever Bounce,True,0,0,0.0,0.0,0.0,,Ever Bounced,False,0.75,High
PR01689139,90.0,3  Above,189888,492380,Micro Loan,Ever Bounce,True,0,0,0.0,0.0,0.0,,Ever Bounced,False,0.751,High
PR01689328,90.0,3  Above,150075,895519,ME,Ever Bounce,True,0,0,0.0,0.0,0.0,,Ever Bounced,False,0.75,High
PR01749174,90.0,3  Above,52641,316314,ME,Ever Bounce,True,0,0,0.0,0.0,0.0,,Ever Bounced,False,0.75,High
PR01690978,90.0,3  Above,126133,960629,SBL,Ever Bounce,True,0,0,0.0,0.0,0.0,,Ever Bounced,False,0.75,High
PR01690983,90.0,3  Above,91476,673998,SBL,Ever Bounce,True,0,0,0.0,0.0,0.0,,Ever Bounced,False,0.75,High
PR01692278,90.0,3  Above,162336,686301,SBL,Ever Bounce,True,0,0,0.0,0.0,0.0,,Ever Bounced,False,0.75,High
PR01692762,90.0,3  Above,142680,792297,ME,Ever Bounce,True,0,0,0.0,0.0,0.0,,Ever Bounced,False,0.75,High
PR01718390,90.0,3  Above,124848,694260,SBL,Ever Bounce,True,0,0,0.0,0.0,0.0,,Ever Bounced,False,0.75,High
PR01692774,90.0,3  Above,195503,1488980,SBL,Ever Bounce,True,0,0,0.0,0.0,0.0,,Ever Bounced,False,0.751,High
PR01693556,90.0,3  Above,130872,629166,ME,Ever Bounce,True,0,0,0.0,0.0,0.0,,Ever Bounced,False,0.75,High
PR01752254,90.0,3  Above,181337,813664,ME,Ever Bounce,True,0,0,0.0,0.0,0.0,,Ever Bounced,False,0.75,High
PR01693683,90.0,3  Above,148060,572629,Micro Loan,Ever Bounce,True,0,0,0.0,0.0,0.0,,Ever Bounced,False,0.75,High
PR01693843,75.0,3,39568,512862,SBL,Ever Bounce,True,0,0,0.0,0.0,0.0,,Ever Bounced,False,0.71,High
PR01699422,45.0,2,11007,189462,ME,Ever Bounce,True,0,0,0.0,0.0,0.0,,Ever Bounced,False,0.7,High
PR01693915,90.0,3  Above,151360,815756,SBL,Ever Bounce,True,0,0,0.0,0.0,0.0,,Ever Bounced,False,0.75,High
PR01694710,90.0,3  Above,220104,1447834,SBL,Ever Bounce,True,0,0,0.0,0.0,0.0,,Ever Bounced,False,0.752,High
PR01694781,90.0,3  Above,183348,815108,SBL,Ever Bounce,True,0,0,0.0,0.0,0.0,,Ever Bounced,False,0.75,High
PR01694804,90.0,3  Above,232440,818775,SBL,Ever Bounce,True,0,0,0.0,0.0,0.0,,Ever Bounced,False,0.753,High
PR01694855,90.0,3  Above,38635,303268,Micro Loan,Ever Bounce,True,0,0,0.0,0.0,0.0,,Ever Bounced,False,0.75,High
PR01694939,90.0,3  Above,106188,955771,SBL,Ever Bounce,True,0,0,0.0,0.0,0.0,,Ever Bounced,False,0.75,High
PR01695512,90.0,3  Above,198209,974542,SBL,Ever Bounce,True,0,0,0.0,0.0,0.0,,Ever Bounced,False,0.751,High
PR01695982,90.0,3  Above,240810,850017,SBL,Ever Bounce,True,0,0,0.0,0.0,0.0,,Ever Bounced,False,0.753,High
PR01696036,90.0,3  Above,85224,409687,ME,Ever Bounce,True,0,0,0.0,0.0,0.0,,Ever Bounced,False,0.75,High
PR01721184,90.0,3  Above,56820,274146,ME,Ever Bounce,True,0,0,0.0,0.0,0.0,,Ever Bounced,False,0.75,High
PR01696137,90.0,3  Above,105882,647031,SBL,Ever Bounce,True,0,0,0.0,0.0,0.0,,Ever Bounced,False,0.75,High
PR01696156,90.0,3  Above,176917,716102,SBL,Ever Bounce,True,0,0,0.0,0.0,0.0,,Ever Bounced,False,0.75,High
PR01696300,90.0,3  Above,296100,1429987,ME,Ever Bounce,True,0,0,0.0,0.0,0.0,,Ever Bounced,False,0.755,High
PR01697175,90.0,3  Above,79356,510793,Micro Loan,Ever Bounce,True,0,0,0.0,0.0,0.0,,Ever Bounced,False,0.75,High
PR01698515,90.0,3  Above,39158,522953,ME,Ever Bounce,True,0,0,0.0,0.0,0.0,,Ever Bounced,False,0.75,High
PR01721150,90.0,3  Above,82523,754926,ME,Ever Bounce,True,0,0,0.0,0.0,0.0,,Ever Bounced,False,0.75,High
PR01699855,90.0,3  Above,59180,338802,ME,Ever Bounce,True,0,0,0.0,0.0,0.0,,Ever Bounced,False,0.75,High
PR01755779,90.0,3  Above,53262,340114,ME,Ever Bounce,True,0,0,0.0,0.0,0.0,,Ever Bounced,False,0.75,High
PR01699933,90.0,3  Above,57714,371484,Micro Loan,Ever Bounce,True,0,0,0.0,0.0,0.0,,Ever Bounced,False,0.75,High
PR01699967,90.0,3  Above,81504,408170,Micro Loan,Ever Bounce,True,0,0,0.0,0.0,0.0,,Ever Bounced,False,0.75,High
PR01718225,90.0,3  Above,37488,188924,ME,Ever Bounce,True,0,0,0.0,0.0,0.0,,Ever Bounced,False,0.75,High
PR01699973,90.0,3  Above,70278,462998,Micro Loan,Ever Bounce,True,0,0,0.0,0.0,0.0,,Ever Bounced,False,0.75,High
PR01699994,90.0,3  Above,192588,856234,SBL,Ever Bounce,True,0,0,0.0,0.0,0.0,,Ever Bounced,False,0.751,High
PR01727103,90.0,3  Above,71544,319066,SBL,Ever Bounce,True,0,0,0.0,0.0,0.0,,Ever Bounced,False,0.75,High
PR01700338,90.0,3  Above,398205,1480900,SBL,Ever Bounce,True,0,0,0.0,0.0,0.0,,Ever Bounced,False,0.758,High
PR01700727,90.0,3  Above,132759,908495,Co-Lending,Ever Bounce,True,0,0,0.0,0.0,0.0,,Ever Bounced,False,0.75,High
PR01723056,90.0,3  Above,240670,1497042,Co-Lending,Ever Bounce,True,0,0,0.0,0.0,0.0,,Ever Bounced,False,0.753,High
PR01701140,90.0,3  Above,129269,1357341,ME,Ever Bounce,True,0,0,0.0,0.0,0.0,,Ever Bounced,False,0.75,High
PR01746262,90.0,3  Above,66507,700931,ME,Ever Bounce,True,0,0,0.0,0.0,0.0,,Ever Bounced,False,0.75,High
PR01701184,90.0,3  Above,47046,402958,SBL,Ever Bounce,True,0,0,0.0,0.0,0.0,,Ever Bounced,False,0.75,High
PR01726722,90.0,3  Above,42564,365884,SBL,Ever Bounce,True,0,0,0.0,0.0,0.0,,Ever Bounced,False,0.75,High
PR01701277,90.0,3  Above,108576,518704,Micro Loan,Ever Bounce,True,0,0,0.0,0.0,0.0,,Ever Bounced,False,0.75,High
PR01701412,90.0,3  Above,83424,763588,SBL,Ever Bounce,True,0,0,0.0,0.0,0.0,,Ever Bounced,False,0.75,High
PR01702018,75.0,3,55475,731215,SBL,Ever Bounce,False,1,0,0.0,1.0,13875.0,2026-09-08 10:03:59,Ever Bounced,False,0.7,High
PR01702664,90.0,3  Above,204048,648562,Micro Loan,Ever Bounce,True,0,0,0.0,0.0,0.0,,Ever Bounced,False,0.751,High
PR01702951,90.0,3  Above,159810,2324463,Co-Lending,Ever Bounce,True,0,0,0.0,0.0,0.0,,Ever Bounced,False,0.75,High
PR01750160,90.0,3  Above,39955,583134,Co-Lending,Ever Bounce,True,0,0,0.0,0.0,0.0,,Ever Bounced,False,0.75,High
PR01703029,90.0,3  Above,53256,302762,Micro Loan,Ever Bounce,True,0,0,0.0,0.0,0.0,,Ever Bounced,False,0.75,High
PR01703871,90.0,3  Above,55860,301054,SBL,Ever Bounce,True,0,0,0.0,0.0,0.0,,Ever Bounced,False,0.75,High
PR01742931,90.0,3  Above,83248,412101,ME,Ever Bounce,True,0,0,0.0,0.0,0.0,,Ever Bounced,False,0.75,High
PR01780142,90.0,3  Above,80780,29047,ME,Ever Bounce,True,0,0,0.0,0.0,0.0,,Ever Bounced,False,0.75,High
PR01824101,90.0,3  Above,29375,11615,ME,Ever Bounce,True,0,0,0.0,0.0,0.0,,Ever Bounced,False,0.75,High
PR01712961,90.0,3  Above,167952,689055,SBL,Ever Bounce,True,0,0,0.0,0.0,0.0,,Ever Bounced,False,0.75,High
PR01715632,90.0,3  Above,183420,975295,SBL,Ever Bounce,True,0,0,0.0,0.0,0.0,,Ever Bounced,False,0.75,High
PR01716232,90.0,3  Above,40206,382329,ME,Ever Bounce,True,0,0,0.0,0.0,0.0,,Ever Bounced,False,0.75,High
PR01749862,0.0,0,15077,845523,ME,Ever Bounce,True,0,0,0.0,0.0,0.0,,Ever Bounced,False,0.7,High
PR01790723,90.0,3  Above,136890,1679901,ME,Ever Bounce,True,0,0,0.0,0.0,0.0,,Ever Bounced,False,0.75,High
PR01717588,90.0,3  Above,110200,555453,SBL,Ever Bounce,True,0,0,0.0,0.0,0.0,,Ever Bounced,False,0.75,High
PR01718364,90.0,3  Above,141438,685962,SBL,Ever Bounce,True,0,0,0.0,0.0,0.0,,Ever Bounced,False,0.75,High
PR01718512,75.0,3,50452,667354,SBL,Ever Bounce,True,0,0,0.0,0.0,0.0,,Ever Bounced,False,0.712,High
PR01718661,90.0,3  Above,148060,575917,Micro Loan,Ever Bounce,True,0,0,0.0,0.0,0.0,,Ever Bounced,False,0.75,High
PR01719624,90.0,3  Above,186540,675740,SBL,Ever Bounce,True,0,0,0.0,0.0,0.0,,Ever Bounced,False,0.751,High
PR01719633,90.0,3  Above,194607,1165368,SBL,Ever Bounce,True,0,0,0.0,0.0,0.0,,Ever Bounced,False,0.751,High
PR01719650,75.0,3,59736,764774,SBL,Ever Bounce,True,0,0,0.0,0.0,0.0,,Ever Bounced,False,0.714,High
PR01719678,90.0,3  Above,316238,1329000,SBL,Ever Bounce,True,0,0,0.0,0.0,0.0,,Ever Bounced,False,0.756,High
PR01719836,90.0,3  Above,110999,848480,SBL,Ever Bounce,True,0,0,0.0,0.0,0.0,,Ever Bounced,False,0.75,High
PR01719869,90.0,3  Above,180856,1300555,ME,Ever Bounce,True,0,0,0.0,0.0,0.0,,Ever Bounced,False,0.75,High
PR01775289,90.0,3  Above,26808,194263,ME,Ever Bounce,True,0,0,0.0,0.0,0.0,,Ever Bounced,False,0.75,High
PR01721011,90.0,3  Above,172400,1147151,ME,Ever Bounce,True,0,0,0.0,0.0,0.0,,Ever Bounced,False,0.75,High
PR01722346,90.0,3  Above,58565,622055,SBL,Ever Bounce,True,0,0,0.0,0.0,0.0,,Ever Bounced,False,0.75,High
PR01773917,90.0,3  Above,18020,192835,SBL,Ever Bounce,True,0,0,0.0,0.0,0.0,,Ever Bounced,False,0.75,High
PR01722363,90.0,3  Above,111344,1074915,Co-Lending,Ever Bounce,True,0,0,0.0,0.0,0.0,,Ever Bounced,False,0.75,High
PR01755117,90.0,3  Above,111344,1076664,Co-Lending,Ever Bounce,True,0,0,0.0,0.0,0.0,,Ever Bounced,False,0.75,High
PR01723454,90.0,3  Above,153160,828362,SBL,Ever Bounce,True,0,0,0.0,0.0,0.0,,Ever Bounced,False,0.75,High
PR01723613,90.0,3  Above,162170,877042,SBL,Ever Bounce,True,0,0,0.0,0.0,0.0,,Ever Bounced,False,0.75,High
PR01723920,90.0,3  Above,119795,615793,ME,Ever Bounce,True,0,0,0.0,0.0,0.0,,Ever Bounced,False,0.75,High
PR01764318,90.0,3  Above,112060,577671,ME,Ever Bounce,True,0,0,0.0,0.0,0.0,,Ever Bounced,False,0.75,High
PR01724853,90.0,3  Above,50456,338686,ME,Ever Bounce,True,0,0,0.0,0.0,0.0,,Ever Bounced,False,0.75,High
PR01754058,90.0,3  Above,83896,565205,ME,Ever Bounce,True,0,0,0.0,0.0,0.0,,Ever Bounced,False,0.75,High
PR01726073,90.0,3  Above,90240,801823,ME,Ever Bounce,True,0,0,0.0,0.0,0.0,,Ever Bounced,False,0.75,High
PR01726617,90.0,3  Above,111783,655317,SBL,Ever Bounce,True,0,0,0.0,0.0,0.0,,Ever Bounced,False,0.75,High
PR01726636,90.0,3  Above,72762,534884,Micro Loan,Ever Bounce,True,0,0,0.0,0.0,0.0,,Ever Bounced,False,0.75,High
PR01726705,90.0,3  Above,341685,1345697,ME,Ever Bounce,True,0,0,0.0,0.0,0.0,,Ever Bounced,False,0.757,High
PR01726837,90.0,3  Above,98704,474400,Micro Loan,Ever Bounce,True,0,0,0.0,0.0,0.0,,Ever Bounced,False,0.75,High
PR01726951,90.0,3  Above,63065,669918,SBL,Ever Bounce,True,0,0,0.0,0.0,0.0,,Ever Bounced,False,0.75,High
PR01727227,90.0,3  Above,69065,572431,SBL,Ever Bounce,True,0,0,0.0,0.0,0.0,,Ever Bounced,False,0.75,High
PR01727288,90.0,3  Above,85992,632133,SBL,Ever Bounce,True,0,0,0.0,0.0,0.0,,Ever Bounced,False,0.75,High
PR01727450,90.0,3  Above,245244,1194130,SBL,Ever Bounce,True,0,0,0.0,0.0,0.0,,Ever Bounced,False,0.753,High
PR01750916,90.0,3  Above,89148,435669,SBL,Ever Bounce,True,0,0,0.0,0.0,0.0,,Ever Bounced,False,0.75,High
PR01729042,90.0,3  Above,148728,456445,SBL,Ever Bounce,True,0,0,0.0,0.0,0.0,,Ever Bounced,False,0.75,High
PR01729105,90.0,3  Above,192353,1470378,SBL,Ever Bounce,True,0,0,0.0,0.0,0.0,,Ever Bounced,False,0.751,High
PR01729151,75.0,3,64828,682696,SBL,Ever Bounce,True,0,0,0.0,0.0,0.0,,Ever Bounced,False,0.715,High
PR01729168,90.0,3  Above,202090,635228,Micro Loan,Ever Bounce,True,0,0,0.0,0.0,0.0,,Ever Bounced,False,0.751,High
PR01729245,75.0,3,22700,244893,ME,Ever Bounce,True,0,0,0.0,0.0,0.0,,Ever Bounced,False,0.704,High
PR01772735,45.0,2,14505,210283,ME,Ever Bounce,True,0,0,0.0,0.0,0.0,,Ever Bounced,False,0.7,High
PR01730166,90.0,3  Above,151320,674647,SBL,Ever Bounce,True,0,0,0.0,0.0,0.0,,Ever Bounced,False,0.75,High
PR01730610,90.0,3  Above,103720,562774,SBL,Ever Bounce,True,0,0,0.0,0.0,0.0,,Ever Bounced,False,0.75,High
PR01730824,90.0,3  Above,525651,5782565,Co-Lending,Ever Bounce,True,0,0,0.0,0.0,0.0,,Ever Bounced,False,0.761,High
PR01784569,90.0,3  Above,84775,1305545,Co-Lending,Ever Bounce,True,0,0,0.0,0.0,0.0,,Ever Bounced,False,0.75,High
PR01730829,90.0,3  Above,126133,964185,SBL,Ever Bounce,True,0,0,0.0,0.0,0.0,,Ever Bounced,False,0.75,High
PR01730858,90.0,3  Above,123252,1095111,SBL,Ever Bounce,True,0,0,0.0,0.0,0.0,,Ever Bounced,False,0.75,High
PR01731012,90.0,3  Above,149424,1074516,SBL,Ever Bounce,True,0,0,0.0,0.0,0.0,,Ever Bounced,False,0.75,High
PR01731098,75.0,3,106188,1428015,ME,Ever Bounce,True,0,0,0.0,0.0,0.0,,Ever Bounced,False,0.72,High
PR01731200,90.0,3  Above,144288,484636,Micro Loan,Ever Bounce,True,0,0,0.0,0.0,0.0,,Ever Bounced,False,0.75,High
PR01731303,90.0,3  Above,160386,1788162,ME,Ever Bounce,True,0,0,0.0,0.0,0.0,,Ever Bounced,False,0.75,High
PR01758901,90.0,3  Above,33492,373939,ME,Ever Bounce,True,0,0,0.0,0.0,0.0,,Ever Bounced,False,0.75,High
PR01734103,75.0,3,72076,957019,SBL,Ever Bounce,True,0,0,0.0,0.0,0.0,,Ever Bounced,False,0.716,High
PR01734106,90.0,3  Above,100904,679801,SBL,Ever Bounce,True,0,0,0.0,0.0,0.0,,Ever Bounced,False,0.75,High
PR01737440,90.0,3  Above,216230,1173470,SBL,Ever Bounce,True,0,0,0.0,0.0,0.0,,Ever Bounced,False,0.752,High
PR01739255,90.0,3  Above,112452,389431,Micro Loan,Ever Bounce,True,0,0,0.0,0.0,0.0,,Ever Bounced,False,0.75,High
PR01742811,90.0,3  Above,51546,193598,Micro Loan,Ever Bounce,True,0,0,0.0,0.0,0.0,,Ever Bounced,False,0.75,High
PR01739440,90.0,3  Above,168672,584150,SBL,Ever Bounce,True,0,0,0.0,0.0,0.0,,Ever Bounced,False,0.75,High
PR01739811,90.0,3  Above,155744,1067302,SBL,Ever Bounce,True,0,0,0.0,0.0,0.0,,Ever Bounced,False,0.75,High
PR01743082,90.0,3  Above,216228,1928368,SBL,Ever Bounce,True,0,0,0.0,0.0,0.0,,Ever Bounced,False,0.752,High
PR01743743,90.0,3  Above,100904,679801,SBL,Ever Bounce,True,0,0,0.0,0.0,0.0,,Ever Bounced,False,0.75,High
PR01744470,90.0,3  Above,125048,619156,Micro Loan,Ever Bounce,True,0,0,0.0,0.0,0.0,,Ever Bounced,False,0.75,High
PR01745772,75.0,3,86492,1148421,SBL,Ever Bounce,True,0,0,0.0,0.0,0.0,,Ever Bounced,False,0.718,High
PR01746476,90.0,3  Above,83251,638670,ME,Ever Bounce,True,0,0,0.0,0.0,0.0,,Ever Bounced,False,0.75,High
PR01747964,90.0,3  Above,105832,588011,Micro Loan,Ever Bounce,True,0,0,0.0,0.0,0.0,,Ever Bounced,False,0.75,High
PR01748958,90.0,3  Above,93270,653601,Micro Loan,Ever Bounce,True,0,0,0.0,0.0,0.0,,Ever Bounced,False,0.75,High
PR01749010,75.0,3,79284,1052719,SBL,Ever Bounce,True,0,0,0.0,0.0,0.0,,Ever Bounced,False,0.717,High
PR01749195,90.0,3  Above,105936,593750,SBL,Ever Bounce,True,0,0,0.0,0.0,0.0,,Ever Bounced,False,0.75,High
PR01750067,90.0,3  Above,72144,470426,Micro Loan,Ever Bounce,False,1,0,0.0,1.0,12024.0,2026-09-10 13:20:04,Ever Bounced,False,0.75,High
PR01750181,90.0,3  Above,411120,2103557,Co-Lending,Ever Bounce,True,0,0,0.0,0.0,0.0,,Ever Bounced,False,0.759,High
PR01808815,90.0,3  Above,90216,575817,Co-Lending,Ever Bounce,True,0,0,0.0,0.0,0.0,,Ever Bounced,False,0.75,High
PR01750220,90.0,3  Above,100904,679801,SBL,Ever Bounce,True,0,0,0.0,0.0,0.0,,Ever Bounced,False,0.75,High
PR01750352,90.0,3  Above,66624,466850,SBL,Ever Bounce,True,0,0,0.0,0.0,0.0,,Ever Bounced,False,0.75,High
PR01750412,90.0,3  Above,92753,682988,SBL,Ever Bounce,True,0,0,0.0,0.0,0.0,,Ever Bounced,False,0.75,High
PR01750885,90.0,3  Above,121092,551288,SBL,Ever Bounce,True,0,0,0.0,0.0,0.0,,Ever Bounced,False,0.75,High
PR01833399,90.0,3  Above,74129,370562,ME,Ever Bounce,True,0,0,0.0,0.0,0.0,,Ever Bounced,False,0.75,High
PR01750889,90.0,3  Above,95250,1050375,SBL,Ever Bounce,True,0,0,0.0,0.0,0.0,,Ever Bounced,False,0.75,High
PR01775268,90.0,3  Above,17380,192408,SBL,Ever Bounce,True,0,0,0.0,0.0,0.0,,Ever Bounced,False,0.75,High
PR01750903,90.0,3  Above,69579,315656,Micro Loan,Ever Bounce,True,0,0,0.0,0.0,0.0,,Ever Bounced,False,0.75,High
PR01751048,90.0,3  Above,234250,1271257,SBL,Ever Bounce,True,0,0,0.0,0.0,0.0,,Ever Bounced,False,0.753,High
PR01751064,90.0,3  Above,173148,584783,SBL,Ever Bounce,True,0,0,0.0,0.0,0.0,,Ever Bounced,False,0.75,High
PR01751065,90.0,3  Above,81995,652624,SBL,Ever Bounce,True,0,0,0.0,0.0,0.0,,Ever Bounced,False,0.75,High
PR01752316,90.0,3  Above,107964,873040,Micro Loan,Ever Bounce,True,0,0,0.0,0.0,0.0,,Ever Bounced,False,0.75,High
PR01752527,90.0,3  Above,54060,482085,SBL,Ever Bounce,True,0,0,0.0,0.0,0.0,,Ever Bounced,False,0.75,High
PR01775538,90.0,3  Above,75678,677385,SBL,Ever Bounce,True,0,0,0.0,0.0,0.0,,Ever Bounced,False,0.75,High
PR01752548,75.0,3,51252,580822,SBL,Ever Bounce,True,0,0,0.0,0.0,0.0,,Ever Bounced,False,0.712,High
PR01752553,90.0,3  Above,127752,664088,SBL,Ever Bounce,True,0,0,0.0,0.0,0.0,,Ever Bounced,False,0.75,High
PR01752557,75.0,3,74672,959437,SBL,Ever Bounce,True,0,0,0.0,0.0,0.0,,Ever Bounced,False,0.716,High
PR01752568,90.0,3  Above,175864,692367,SBL,Ever Bounce,True,0,0,0.0,0.0,0.0,,Ever Bounced,False,0.75,High
PR01752569,75.0,3,48096,464353,ME,Ever Bounce,True,0,0,0.0,0.0,0.0,,Ever Bounced,False,0.712,High
PR01752586,90.0,3  Above,40545,243634,SBL,Ever Bounce,True,0,0,0.0,0.0,0.0,,Ever Bounced,False,0.75,High
PR01778055,90.0,3  Above,50456,341086,SBL,Ever Bounce,True,0,0,0.0,0.0,0.0,,Ever Bounced,False,0.75,High
PR01753275,90.0,3  Above,81085,864567,SBL,Ever Bounce,True,0,0,0.0,0.0,0.0,,Ever Bounced,False,0.75,High
PR01754028,90.0,3  Above,182945,1357365,SBL,Ever Bounce,True,0,0,0.0,0.0,0.0,,Ever Bounced,False,0.75,High
PR01754354,90.0,3  Above,212520,1484078,ME,Ever Bounce,True,0,0,0.0,0.0,0.0,,Ever Bounced,False,0.752,High
PR01755039,90.0,3  Above,121630,1296845,SBL,Ever Bounce,True,0,0,0.0,0.0,0.0,,Ever Bounced,False,0.75,High
PR01755354,75.0,3,71884,986935,SBL,Ever Bounce,True,0,0,0.0,0.0,0.0,,Ever Bounced,False,0.716,High
PR01755397,90.0,3  Above,163188,908793,ME,Ever Bounce,True,0,0,0.0,0.0,0.0,,Ever Bounced,False,0.75,High
PR01805482,90.0,3  Above,140004,781847,ME,Ever Bounce,True,0,0,0.0,0.0,0.0,,Ever Bounced,False,0.75,High
PR01755418,90.0,3  Above,70896,782630,ME,Ever Bounce,True,0,0,0.0,0.0,0.0,,Ever Bounced,False,0.75,High
PR01816550,90.0,3  Above,27198,301171,ME,Ever Bounce,True,0,0,0.0,0.0,0.0,,Ever Bounced,False,0.75,High
PR01755447,90.0,3  Above,72076,957019,SBL,Ever Bounce,True,0,0,0.0,0.0,0.0,,Ever Bounced,False,0.75,High
PR01755504,90.0,3  Above,154098,638497,ME,Ever Bounce,True,0,0,0.0,0.0,0.0,,Ever Bounced,False,0.75,High
PR01781493,90.0,3  Above,59738,248330,ME,Ever Bounce,True,0,0,0.0,0.0,0.0,,Ever Bounced,False,0.75,High
PR01756449,90.0,3  Above,138743,686836,SBL,Ever Bounce,True,0,0,0.0,0.0,0.0,,Ever Bounced,False,0.75,High
PR01756936,90.0,3  Above,247450,2924153,ME,Ever Bounce,True,0,0,0.0,0.0,0.0,,Ever Bounced,False,0.753,High
PR01756943,90.0,3  Above,161843,673755,SBL,Ever Bounce,True,0,0,0.0,0.0,0.0,,Ever Bounced,False,0.75,High
PR01756950,90.0,3  Above,193206,994611,ME,Ever Bounce,True,0,0,0.0,0.0,0.0,,Ever Bounced,False,0.751,High
PR01824974,90.0,3  Above,96603,499340,ME,Ever Bounce,True,0,0,0.0,0.0,0.0,,Ever Bounced,False,0.75,High
PR01756988,90.0,3  Above,91648,769974,ME,Ever Bounce,True,0,0,0.0,0.0,0.0,,Ever Bounced,False,0.75,High
PR01834627,90.0,3  Above,19830,266524,ME,Ever Bounce,True,0,0,0.0,0.0,0.0,,Ever Bounced,False,0.75,High
PR01757109,90.0,3  Above,189196,1451538,SBL,Ever Bounce,True,0,0,0.0,0.0,0.0,,Ever Bounced,False,0.751,High
PR01758013,75.0,3,32868,436396,ME,Ever Bounce,True,0,0,0.0,0.0,0.0,,Ever Bounced,False,0.708,High
PR01795363,75.0,3,32004,428092,ME,Ever Bounce,True,0,0,0.0,0.0,0.0,,Ever Bounced,False,0.707,High
PR01758467,90.0,3  Above,154217,1478427,ME,Ever Bounce,True,0,0,0.0,0.0,0.0,,Ever Bounced,False,0.75,High
PR01758532,90.0,3  Above,103642,569276,SBL,Ever Bounce,True,0,0,0.0,0.0,0.0,,Ever Bounced,False,0.75,High
PR01758624,90.0,3  Above,212531,1289343,ME,Ever Bounce,True,0,0,0.0,0.0,0.0,,Ever Bounced,False,0.752,High
PR01781777,90.0,3  Above,163482,993218,ME,Ever Bounce,True,0,0,0.0,0.0,0.0,,Ever Bounced,False,0.75,High
PR01758933,75.0,3,48096,464353,Micro Loan,Ever Bounce,True,0,0,0.0,0.0,0.0,,Ever Bounced,False,0.712,High
PR01758962,90.0,3  Above,141584,970277,SBL,Ever Bounce,True,0,0,0.0,0.0,0.0,,Ever Bounced,False,0.75,High
PR01759065,90.0,3  Above,148915,699485,ME,Ever Bounce,True,0,0,0.0,0.0,0.0,,Ever Bounced,False,0.75,High
PR01765319,90.0,3  Above,177957,839114,ME,Ever Bounce,True,0,0,0.0,0.0,0.0,,Ever Bounced,False,0.75,High
PR01762800,90.0,3  Above,88278,654909,SBL,Ever Bounce,True,0,0,0.0,0.0,0.0,,Ever Bounced,False,0.75,High
PR01764209,90.0,3  Above,69444,601121,SBL,Ever Bounce,True,0,0,0.0,0.0,0.0,,Ever Bounced,False,0.75,High
PR01766243,90.0,3  Above,134330,1034268,SBL,Ever Bounce,True,0,0,0.0,0.0,0.0,,Ever Bounced,False,0.75,High
PR01799835,90.0,3  Above,83250,747775,ME,Ever Bounce,True,0,0,0.0,0.0,0.0,,Ever Bounced,False,0.75,High
PR01767210,90.0,3  Above,168910,859461,SBL,Ever Bounce,True,0,0,0.0,0.0,0.0,,Ever Bounced,False,0.75,High
PR01803743,90.0,3  Above,48688,319214,ME,Ever Bounce,True,0,0,0.0,0.0,0.0,,Ever Bounced,False,0.75,High
PR01767653,90.0,3  Above,70496,510920,ME,Ever Bounce,True,0,0,0.0,0.0,0.0,,Ever Bounced,False,0.75,High
PR01804941,90.0,3  Above,68224,496366,ME,Ever Bounce,True,0,0,0.0,0.0,0.0,,Ever Bounced,False,0.75,High
PR01768048,75.0,3,44328,590782,SBL,Ever Bounce,True,0,0,0.0,0.0,0.0,,Ever Bounced,False,0.711,High
PR01805483,75.0,3,27752,371203,SBL,Ever Bounce,True,0,0,0.0,0.0,0.0,,Ever Bounced,False,0.706,High
PR01768375,90.0,3  Above,177276,1641755,SBL,Ever Bounce,True,0,0,0.0,0.0,0.0,,Ever Bounced,False,0.75,High
PR01770814,90.0,3  Above,203152,912349,SBL,Ever Bounce,True,0,0,0.0,0.0,0.0,,Ever Bounced,False,0.751,High
PR01770830,90.0,3  Above,60205,623217,SBL,Ever Bounce,True,0,0,0.0,0.0,0.0,,Ever Bounced,False,0.75,High
PR01910875,45.0,2,5667,97415,SBL,Ever Bounce,True,0,0,0.0,0.0,0.0,,Ever Bounced,False,0.7,High
PR01771607,90.0,3  Above,162168,1451538,SBL,Ever Bounce,True,0,0,0.0,0.0,0.0,,Ever Bounced,False,0.75,High
PR01827772,75.0,3,23064,309663,SBL,Ever Bounce,True,0,0,0.0,0.0,0.0,,Ever Bounced,False,0.704,High
PR01855285,75.0,3,14416,194227,ME,Ever Bounce,True,0,0,0.0,0.0,0.0,,Ever Bounced,False,0.7,High
PR01772347,90.0,3  Above,91835,791520,SBL,Ever Bounce,True,0,0,0.0,0.0,0.0,,Ever Bounced,False,0.75,High
PR01772408,75.0,3,52916,583516,SBL,Ever Bounce,True,0,0,0.0,0.0,0.0,,Ever Bounced,False,0.713,High
PR01772933,90.0,3  Above,154217,1480715,ME,Ever Bounce,True,0,0,0.0,0.0,0.0,,Ever Bounced,False,0.75,High
PR01773014,90.0,3  Above,148665,548339,SBL,Ever Bounce,True,0,0,0.0,0.0,0.0,,Ever Bounced,False,0.75,High
PR01807450,90.0,3  Above,105952,418732,ME,Ever Bounce,True,0,0,0.0,0.0,0.0,,Ever Bounced,False,0.75,High
PR01773025,90.0,3  Above,99105,1060602,SBL,Ever Bounce,True,0,0,0.0,0.0,0.0,,Ever Bounced,False,0.75,High
PR01773172,90.0,3  Above,276397,1473672,SBL,Ever Bounce,True,0,0,0.0,0.0,0.0,,Ever Bounced,False,0.755,High
PR01773856,90.0,3  Above,103642,572629,SBL,Ever Bounce,True,0,0,0.0,0.0,0.0,,Ever Bounced,False,0.75,High
PR01773966,90.0,3  Above,147130,673755,SBL,Ever Bounce,True,0,0,0.0,0.0,0.0,,Ever Bounced,False,0.75,High
PR01774014,90.0,3  Above,178350,1190163,ME,Ever Bounce,True,0,0,0.0,0.0,0.0,,Ever Bounced,False,0.75,High
PR01774016,45.0,2,50010,1113345,ME,Ever Bounce,True,0,0,0.0,0.0,0.0,,Ever Bounced,False,0.7,High
PR01803667,75.0,3,12632,211574,ME,Ever Bounce,True,0,0,0.0,0.0,0.0,,Ever Bounced,False,0.7,High
PR01774379,90.0,3  Above,78102,699055,SBL,Ever Bounce,True,0,0,0.0,0.0,0.0,,Ever Bounced,False,0.75,High
PR01836578,90.0,3  Above,88075,949391,SBL,Ever Bounce,True,0,0,0.0,0.0,0.0,,Ever Bounced,False,0.75,High
PR01775360,75.0,3,43248,576370,SBL,Ever Bounce,True,0,0,0.0,0.0,0.0,,Ever Bounced,False,0.71,High
PR01820773,75.0,3,43248,580607,ME,Ever Bounce,True,0,0,0.0,0.0,0.0,,Ever Bounced,False,0.71,High
PR01776667,75.0,3,36040,480306,ME,Ever Bounce,True,0,0,0.0,0.0,0.0,,Ever Bounced,False,0.709,High
PR01776678,90.0,3  Above,108120,493822,ME,Ever Bounce,True,0,0,0.0,0.0,0.0,,Ever Bounced,False,0.75,High
PR01776959,90.0,3  Above,165340,1364234,SBL,Ever Bounce,True,0,0,0.0,0.0,0.0,,Ever Bounced,False,0.75,High
PR01865625,90.0,3  Above,32670,378816,SBL,Ever Bounce,True,0,0,0.0,0.0,0.0,,Ever Bounced,False,0.75,High
PR01778297,90.0,3  Above,98394,661254,SBL,Ever Bounce,True,0,0,0.0,0.0,0.0,,Ever Bounced,False,0.75,High
PR01779201,90.0,3  Above,207636,1012788,ME,Ever Bounce,True,0,0,0.0,0.0,0.0,,Ever Bounced,False,0.752,High
PR01779468,90.0,3  Above,62375,585044,SBL,Ever Bounce,True,0,0,0.0,0.0,0.0,,Ever Bounced,False,0.75,High
PR01780640,90.0,3  Above,148654,738336,SBL,Ever Bounce,True,0,0,0.0,0.0,0.0,,Ever Bounced,False,0.75,High
PR01780835,90.0,3  Above,381240,2234188,ME,Ever Bounce,True,0,0,0.0,0.0,0.0,,Ever Bounced,False,0.758,High
PR01831869,90.0,3  Above,37260,261970,ME,Ever Bounce,True,0,0,0.0,0.0,0.0,,Ever Bounced,False,0.75,High
PR01781005,90.0,3  Above,157302,948558,SBL,Ever Bounce,True,0,0,0.0,0.0,0.0,,Ever Bounced,False,0.75,High
PR01781551,90.0,3  Above,160394,492845,Micro Loan,Ever Bounce,True,0,0,0.0,0.0,0.0,,Ever Bounced,False,0.75,High
PR01781568,90.0,3  Above,90755,566765,SBL,Ever Bounce,True,0,0,0.0,0.0,0.0,,Ever Bounced,False,0.75,High
PR01781605,90.0,3  Above,52205,399051,Micro Loan,Ever Bounce,True,0,0,0.0,0.0,0.0,,Ever Bounced,False,0.75,High
PR01797636,45.0,2,7404,93723,Micro Loan,Ever Bounce,True,0,0,0.0,0.0,0.0,,Ever Bounced,False,0.7,High
PR01781935,90.0,3  Above,68117,524411,SBL,Ever Bounce,True,0,0,0.0,0.0,0.0,,Ever Bounced,False,0.75,High
PR01809610,90.0,3  Above,95865,740648,SBL,Ever Bounce,True,0,0,0.0,0.0,0.0,,Ever Bounced,False,0.75,High
PR01783026,90.0,3  Above,100904,682181,SBL,Ever Bounce,True,0,0,0.0,0.0,0.0,,Ever Bounced,False,0.75,High
PR01783140,90.0,3  Above,86490,774154,SBL,Ever Bounce,True,0,0,0.0,0.0,0.0,,Ever Bounced,False,0.75,High
PR01783181,90.0,3  Above,125952,1127358,SBL,Ever Bounce,True,0,0,0.0,0.0,0.0,,Ever Bounced,False,0.75,High
PR01815372,90.0,3  Above,47034,422438,ME,Ever Bounce,True,0,0,0.0,0.0,0.0,,Ever Bounced,False,0.75,High
PR01783190,90.0,3  Above,206987,694383,SBL,Ever Bounce,True,0,0,0.0,0.0,0.0,,Ever Bounced,False,0.752,High
PR01783228,90.0,3  Above,244699,1072410,SBL,Ever Bounce,True,0,0,0.0,0.0,0.0,,Ever Bounced,False,0.753,High
PR01819910,90.0,3  Above,119496,569232,SBL,Ever Bounce,True,0,0,0.0,0.0,0.0,,Ever Bounced,False,0.75,High
PR01783260,90.0,3  Above,257764,1344443,ME,Ever Bounce,True,0,0,0.0,0.0,0.0,,Ever Bounced,False,0.754,High
PR01783303,90.0,3  Above,103642,572629,SBL,Ever Bounce,True,0,0,0.0,0.0,0.0,,Ever Bounced,False,0.75,High
PR01783441,90.0,3  Above,81886,609625,SBL,Ever Bounce,True,0,0,0.0,0.0,0.0,,Ever Bounced,False,0.75,High
PR01917584,90.0,3  Above,11202,98536,SBL,Ever Bounce,True,0,0,0.0,0.0,0.0,,Ever Bounced,False,0.75,High
PR01784390,90.0,3  Above,248710,791062,Micro Loan,Ever Bounce,True,0,0,0.0,0.0,0.0,,Ever Bounced,False,0.754,High
PR01784582,90.0,3  Above,71484,360499,SBL,Ever Bounce,True,0,0,0.0,0.0,0.0,,Ever Bounced,False,0.75,High
PR01882158,90.0,3  Above,71484,378719,SBL,Ever Bounce,True,0,0,0.0,0.0,0.0,,Ever Bounced,False,0.75,High
PR01784668,90.0,3  Above,471254,1856759,SBL,Ever Bounce,True,0,0,0.0,0.0,0.0,,Ever Bounced,False,0.76,High
PR01784776,90.0,3  Above,102390,587648,ME,Ever Bounce,True,0,0,0.0,0.0,0.0,,Ever Bounced,False,0.75,High
PR01822810,90.0,3  Above,54608,391766,ME,Ever Bounce,True,0,0,0.0,0.0,0.0,,Ever Bounced,False,0.75,High
PR01784896,90.0,3  Above,146710,1116400,Co-Lending,Ever Bounce,True,0,0,0.0,0.0,0.0,,Ever Bounced,False,0.75,High
PR01810118,90.0,3  Above,101664,859524,Co-Lending,Ever Bounce,True,0,0,0.0,0.0,0.0,,Ever Bounced,False,0.75,High
PR01784923,90.0,3  Above,178178,736892,SBL,Ever Bounce,True,0,0,0.0,0.0,0.0,,Ever Bounced,False,0.75,High
PR01784927,90.0,3  Above,193602,1923103,SBL,Ever Bounce,True,0,0,0.0,0.0,0.0,,Ever Bounced,False,0.751,High
PR01784940,90.0,3  Above,49284,426600,SBL,Ever Bounce,True,0,0,0.0,0.0,0.0,,Ever Bounced,False,0.75,High
PR01828597,90.0,3  Above,52270,544776,SBL,Ever Bounce,True,0,0,0.0,0.0,0.0,,Ever Bounced,False,0.75,High
PR01784948,90.0,3  Above,128418,742243,SBL,Ever Bounce,True,0,0,0.0,0.0,0.0,,Ever Bounced,False,0.75,High
PR01784950,90.0,3  Above,73565,650020,SBL,Ever Bounce,True,0,0,0.0,0.0,0.0,,Ever Bounced,False,0.75,High
PR01785027,90.0,3  Above,137135,1627643,SBL,Ever Bounce,True,0,0,0.0,0.0,0.0,,Ever Bounced,False,0.75,High
PR01792873,90.0,3  Above,264840,1479038,ME,Ever Bounce,True,0,0,0.0,0.0,0.0,,Ever Bounced,False,0.754,High
PR01828994,90.0,3  Above,25860,144615,ME,Ever Bounce,True,0,0,0.0,0.0,0.0,,Ever Bounced,False,0.75,High
PR01797946,90.0,3  Above,114779,886835,SBL,Ever Bounce,True,0,0,0.0,0.0,0.0,,Ever Bounced,False,0.75,High
PR01876383,90.0,3  Above,42168,382661,SBL,Ever Bounce,True,0,0,0.0,0.0,0.0,,Ever Bounced,False,0.75,High
PR01798237,90.0,3  Above,297856,1555748,ME,Ever Bounce,True,0,0,0.0,0.0,0.0,,Ever Bounced,False,0.755,High
PR01836449,90.0,3  Above,141297,738998,ME,Ever Bounce,True,0,0,0.0,0.0,0.0,,Ever Bounced,False,0.75,High
PR01798499,90.0,3  Above,252260,1378227,ME,Ever Bounce,True,0,0,0.0,0.0,0.0,,Ever Bounced,False,0.754,High
PR01798505,75.0,3,70828,772564,SBL,Ever Bounce,True,0,0,0.0,0.0,0.0,,Ever Bounced,False,0.716,High
PR01798947,90.0,3  Above,103642,575917,SBL,Ever Bounce,True,0,0,0.0,0.0,0.0,,Ever Bounced,False,0.75,High
PR01799735,90.0,3  Above,115432,578280,SBL,Ever Bounce,True,0,0,0.0,0.0,0.0,,Ever Bounced,False,0.75,High
PR01799838,90.0,3  Above,125292,1125446,SBL,Ever Bounce,True,0,0,0.0,0.0,0.0,,Ever Bounced,False,0.75,High
PR01811578,75.0,3,14416,192835,ME,Ever Bounce,True,0,0,0.0,0.0,0.0,,Ever Bounced,False,0.7,High
PR01801847,90.0,3  Above,164484,561493,Micro Loan,Ever Bounce,True,0,0,0.0,0.0,0.0,,Ever Bounced,False,0.75,High
PR01802542,90.0,3  Above,142615,585807,SBL,Ever Bounce,True,0,0,0.0,0.0,0.0,,Ever Bounced,False,0.75,High
PR01803270,90.0,3  Above,74030,569276,SBL,Ever Bounce,True,0,0,0.0,0.0,0.0,,Ever Bounced,False,0.75,High
PR01803689,75.0,3,51892,495780,Micro Loan,Ever Bounce,True,0,0,0.0,0.0,0.0,,Ever Bounced,False,0.712,High
PR01803788,75.0,3,73468,791520,SBL,Ever Bounce,True,0,0,0.0,0.0,0.0,,Ever Bounced,False,0.716,High
PR01803789,90.0,3  Above,330156,1486632,SBL,Ever Bounce,True,0,0,0.0,0.0,0.0,,Ever Bounced,False,0.756,High
PR01803926,90.0,3  Above,95814,664088,SBL,Ever Bounce,True,0,0,0.0,0.0,0.0,,Ever Bounced,False,0.75,High
PR01804307,75.0,3,85660,1165381,SBL,Ever Bounce,True,0,0,0.0,0.0,0.0,,Ever Bounced,False,0.717,High
PR01805728,90.0,3  Above,171576,844644,ME,Ever Bounce,True,0,0,0.0,0.0,0.0,,Ever Bounced,False,0.75,High
PR01868344,90.0,3  Above,30159,197208,ME,Ever Bounce,True,0,0,0.0,0.0,0.0,,Ever Bounced,False,0.75,High
PR01807272,90.0,3  Above,94696,684211,SBL,Ever Bounce,True,0,0,0.0,0.0,0.0,,Ever Bounced,False,0.75,High
PR01807322,75.0,3,145632,1981332,SBL,Ever Bounce,True,0,0,0.0,0.0,0.0,,Ever Bounced,False,0.723,High
PR01807390,90.0,3  Above,48655,522546,SBL,Ever Bounce,True,0,0,0.0,0.0,0.0,,Ever Bounced,False,0.75,High
PR01851852,90.0,3  Above,32976,298255,ME,Ever Bounce,True,0,0,0.0,0.0,0.0,,Ever Bounced,False,0.75,High
PR01807711,90.0,3  Above,126133,971179,SBL,Ever Bounce,True,0,0,0.0,0.0,0.0,,Ever Bounced,False,0.75,High
PR01808569,90.0,3  Above,93268,571804,Micro Loan,Ever Bounce,True,0,0,0.0,0.0,0.0,,Ever Bounced,False,0.75,High
PR01808819,90.0,3  Above,76030,816581,SBL,Ever Bounce,True,0,0,0.0,0.0,0.0,,Ever Bounced,False,0.75,High
PR01819506,90.0,3  Above,18020,194227,ME,Ever Bounce,True,0,0,0.0,0.0,0.0,,Ever Bounced,False,0.75,High
PR01808920,90.0,3  Above,148291,494640,SBL,Ever Bounce,True,0,0,0.0,0.0,0.0,,Ever Bounced,False,0.75,High
PR01809039,90.0,3  Above,184492,1995421,Co-Lending,Ever Bounce,True,0,0,0.0,0.0,0.0,,Ever Bounced,False,0.75,High
PR01862391,90.0,3  Above,56350,612286,Co-Lending,Ever Bounce,True,0,0,0.0,0.0,0.0,,Ever Bounced,False,0.75,High
PR01809054,90.0,3  Above,61690,474400,Micro Loan,Ever Bounce,True,0,0,0.0,0.0,0.0,,Ever Bounced,False,0.75,High
PR01809426,90.0,3  Above,79956,349377,Micro Loan,Ever Bounce,True,0,0,0.0,0.0,0.0,,Ever Bounced,False,0.75,High
PR01809508,90.0,3  Above,40545,435456,SBL,Ever Bounce,True,0,0,0.0,0.0,0.0,,Ever Bounced,False,0.75,High
PR01859913,90.0,3  Above,54060,584720,SBL,Ever Bounce,True,0,0,0.0,0.0,0.0,,Ever Bounced,False,0.75,High
PR01810342,75.0,3,95580,1300348,SBL,Ever Bounce,True,0,0,0.0,0.0,0.0,,Ever Bounced,False,0.719,High
PR01810369,75.0,3,145412,2730672,Co-Lending,Ever Bounce,True,0,0,0.0,0.0,0.0,,Ever Bounced,False,0.723,High
PR01836142,75.0,3,42848,806703,Co-Lending,Ever Bounce,True,0,0,0.0,0.0,0.0,,Ever Bounced,False,0.71,High
PR01847154,15.0,1,9738,365711,Co-Lending,Ever Bounce,True,0,0,0.0,0.0,0.0,,Ever Bounced,False,0.7,High
PR02097537,15.0,1,38950,1489423,Co-Lending,Ever Bounce,True,0,0,0.0,0.0,0.0,,Ever Bounced,False,0.7,High
PR01810467,90.0,3  Above,88770,722184,SBL,Ever Bounce,True,0,0,0.0,0.0,0.0,,Ever Bounced,False,0.75,High
PR01810469,75.0,3,130968,1781779,SBL,Ever Bounce,True,0,0,0.0,0.0,0.0,,Ever Bounced,False,0.722,High
PR01810527,90.0,3  Above,126133,389817,SBL,Ever Bounce,True,0,0,0.0,0.0,0.0,,Ever Bounced,False,0.75,High
PR01810556,90.0,3  Above,172984,1173470,SBL,Ever Bounce,True,0,0,0.0,0.0,0.0,,Ever Bounced,False,0.75,High
PR01811362,90.0,3  Above,81790,787407,SBL,Ever Bounce,True,0,0,0.0,0.0,0.0,,Ever Bounced,False,0.75,High
PR01811726,90.0,3  Above,198210,1082889,SBL,Ever Bounce,True,0,0,0.0,0.0,0.0,,Ever Bounced,False,0.751,High
PR01811788,90.0,3  Above,90095,967689,SBL,Ever Bounce,True,0,0,0.0,0.0,0.0,,Ever Bounced,False,0.75,High
PR01812050,90.0,3  Above,31535,243634,SBL,Ever Bounce,True,0,0,0.0,0.0,0.0,,Ever Bounced,False,0.75,High
PR01855404,90.0,3  Above,61984,423313,SBL,Ever Bounce,True,0,0,0.0,0.0,0.0,,Ever Bounced,False,0.75,High
PR01812071,90.0,3  Above,335904,1990912,ME,Ever Bounce,True,0,0,0.0,0.0,0.0,,Ever Bounced,False,0.757,High
PR01812082,90.0,3  Above,67885,729152,SBL,Ever Bounce,True,0,0,0.0,0.0,0.0,,Ever Bounced,False,0.75,High
PR01815360,90.0,3  Above,66605,715362,SBL,Ever Bounce,True,0,0,0.0,0.0,0.0,,Ever Bounced,False,0.75,High
PR01827401,0.0,0,1802,95701,ME,Ever Bounce,True,0,0,0.0,0.0,0.0,,Ever Bounced,False,0.7,High
PR01815471,75.0,3,51924,496094,Micro Loan,Ever Bounce,True,0,0,0.0,0.0,0.0,,Ever Bounced,False,0.712,High
PR01815504,90.0,3  Above,135140,738336,SBL,Ever Bounce,True,0,0,0.0,0.0,0.0,,Ever Bounced,False,0.75,High
PR01815789,90.0,3  Above,93268,571804,Micro Loan,Ever Bounce,True,0,0,0.0,0.0,0.0,,Ever Bounced,False,0.75,High
PR01815843,90.0,3  Above,259472,1760207,SBL,Ever Bounce,True,0,0,0.0,0.0,0.0,,Ever Bounced,False,0.754,High
PR01815850,90.0,3  Above,83195,523132,Micro Loan,Ever Bounce,True,0,0,0.0,0.0,0.0,,Ever Bounced,False,0.75,High
PR01815965,90.0,3  Above,185164,547316,Micro Loan,Ever Bounce,True,0,0,0.0,0.0,0.0,,Ever Bounced,False,0.75,High
PR01816031,90.0,3  Above,107212,828362,SBL,Ever Bounce,True,0,0,0.0,0.0,0.0,,Ever Bounced,False,0.75,High
PR01860642,90.0,3  Above,55140,14159,ME,Ever Bounce,True,0,0,0.0,0.0,0.0,,Ever Bounced,False,0.75,High
PR01816505,75.0,3,37200,528191,ME,Ever Bounce,True,0,0,0.0,0.0,0.0,,Ever Bounced,False,0.709,High
PR01836651,75.0,3,30436,433889,ME,Ever Bounce,True,0,0,0.0,0.0,0.0,,Ever Bounced,False,0.707,High
PR01816535,90.0,3  Above,324336,1486211,SBL,Ever Bounce,True,0,0,0.0,0.0,0.0,,Ever Bounced,False,0.756,High
PR01816538,90.0,3  Above,132732,1595938,ME,Ever Bounce,True,0,0,0.0,0.0,0.0,,Ever Bounced,False,0.75,High
PR01889745,90.0,3  Above,21850,316347,ME,Ever Bounce,True,0,0,0.0,0.0,0.0,,Ever Bounced,False,0.75,High
PR01816544,90.0,3  Above,54060,485564,SBL,Ever Bounce,True,0,0,0.0,0.0,0.0,,Ever Bounced,False,0.75,High
PR01816545,75.0,3,31508,521757,ME,Ever Bounce,True,0,0,0.0,0.0,0.0,,Ever Bounced,False,0.707,High
PR01836571,45.0,2,20955,462693,ME,Ever Bounce,True,0,0,0.0,0.0,0.0,,Ever Bounced,False,0.7,High
PR01821660,90.0,3  Above,233856,247208,ME,Ever Bounce,True,0,0,0.0,0.0,0.0,,Ever Bounced,False,0.753,High
PR01825200,90.0,3  Above,72345,684152,SBL,Ever Bounce,True,0,0,0.0,0.0,0.0,,Ever Bounced,False,0.75,High
PR01826281,90.0,3  Above,65340,680965,SBL,Ever Bounce,True,0,0,0.0,0.0,0.0,,Ever Bounced,False,0.75,High
PR01827038,90.0,3  Above,158565,792646,SBL,Ever Bounce,True,0,0,0.0,0.0,0.0,,Ever Bounced,False,0.75,High
PR01828021,90.0,3  Above,122390,713909,ME,Ever Bounce,True,0,0,0.0,0.0,0.0,,Ever Bounced,False,0.75,High
PR01836752,90.0,3  Above,36528,264353,ME,Ever Bounce,True,0,0,0.0,0.0,0.0,,Ever Bounced,False,0.75,High
PR01828940,90.0,3  Above,144152,981194,SBL,Ever Bounce,True,0,0,0.0,0.0,0.0,,Ever Bounced,False,0.75,High
PR01828983,90.0,3  Above,53262,510170,ME,Ever Bounce,True,0,0,0.0,0.0,0.0,,Ever Bounced,False,0.75,High
PR01859132,90.0,3  Above,27900,268249,ME,Ever Bounce,True,0,0,0.0,0.0,0.0,,Ever Bounced,False,0.75,High
PR01829544,90.0,3  Above,133470,731536,SBL,Ever Bounce,True,0,0,0.0,0.0,0.0,,Ever Bounced,False,0.75,High
PR01830562,75.0,3,134504,1836785,ME,Ever Bounce,True,0,0,0.0,0.0,0.0,,Ever Bounced,False,0.722,High
PR01830703,90.0,3  Above,89736,808867,SBL,Ever Bounce,True,0,0,0.0,0.0,0.0,,Ever Bounced,False,0.75,High
PR01830979,90.0,3  Above,88291,684526,SBL,Ever Bounce,True,0,0,0.0,0.0,0.0,,Ever Bounced,False,0.75,High
PR01848899,90.0,3  Above,18020,194907,ME,Ever Bounce,True,0,0,0.0,0.0,0.0,,Ever Bounced,False,0.75,High
PR01831308,75.0,3,69148,750363,SBL,Ever Bounce,True,0,0,0.0,0.0,0.0,,Ever Bounced,False,0.715,High
PR01831743,90.0,3  Above,82632,744836,SBL,Ever Bounce,True,0,0,0.0,0.0,0.0,,Ever Bounced,False,0.75,High
PR01864655,90.0,3  Above,17298,156463,SBL,Ever Bounce,True,0,0,0.0,0.0,0.0,,Ever Bounced,False,0.75,High
PR01831904,90.0,3  Above,107861,343316,Micro Loan,Ever Bounce,True,0,0,0.0,0.0,0.0,,Ever Bounced,False,0.75,High
PR01833382,90.0,3  Above,115086,855189,SBL,Ever Bounce,True,0,0,0.0,0.0,0.0,,Ever Bounced,False,0.75,High
PR01833436,90.0,3  Above,168858,1100339,ME,Ever Bounce,True,0,0,0.0,0.0,0.0,,Ever Bounced,False,0.75,High
PR01834267,90.0,3  Above,167515,1935090,SBL,Ever Bounce,True,0,0,0.0,0.0,0.0,,Ever Bounced,False,0.75,High
PR01834789,75.0,3,83608,1122518,SBL,Ever Bounce,True,0,0,0.0,0.0,0.0,,Ever Bounced,False,0.717,High
PR01835010,90.0,3  Above,140556,494861,Micro Loan,Ever Bounce,True,0,0,0.0,0.0,0.0,,Ever Bounced,False,0.75,High
PR01835090,90.0,3  Above,126130,691355,SBL,Ever Bounce,True,0,0,0.0,0.0,0.0,,Ever Bounced,False,0.75,High
PR01835125,75.0,3,24784,332756,ME,Ever Bounce,True,0,0,0.0,0.0,0.0,,Ever Bounced,False,0.705,High
PR01865084,75.0,3,46852,631236,SBL,Ever Bounce,True,0,0,0.0,0.0,0.0,,Ever Bounced,False,0.711,High
PR01835590,90.0,3  Above,72345,684152,SBL,Ever Bounce,True,0,0,0.0,0.0,0.0,,Ever Bounced,False,0.75,High
PR01836365,90.0,3  Above,131192,677601,Micro Loan,Ever Bounce,True,0,0,0.0,0.0,0.0,,Ever Bounced,False,0.75,High
PR01836709,90.0,3  Above,78407,587513,SBL,Ever Bounce,True,0,0,0.0,0.0,0.0,,Ever Bounced,False,0.75,High
PR01836763,90.0,3  Above,175889,1462643,SBL,Ever Bounce,True,0,0,0.0,0.0,0.0,,Ever Bounced,False,0.75,High
PR01836764,75.0,3,56508,758667,SBL,Ever Bounce,True,0,0,0.0,0.0,0.0,,Ever Bounced,False,0.713,High
PR01854188,0.0,0,3532,188280,ME,Ever Bounce,True,0,0,0.0,0.0,0.0,,Ever Bounced,False,0.7,High
PR01836846,90.0,3  Above,88278,664472,SBL,Ever Bounce,True,0,0,0.0,0.0,0.0,,Ever Bounced,False,0.75,High
PR01836858,90.0,3  Above,101283,687901,SBL,Ever Bounce,True,0,0,0.0,0.0,0.0,,Ever Bounced,False,0.75,High
PR01836868,90.0,3  Above,73565,659726,SBL,Ever Bounce,True,0,0,0.0,0.0,0.0,,Ever Bounced,False,0.75,High
PR01836913,75.0,3,31536,333785,SBL,Ever Bounce,True,0,0,0.0,0.0,0.0,,Ever Bounced,False,0.707,High
PR01872277,75.0,3,17324,185830,SBL,Ever Bounce,True,0,0,0.0,0.0,0.0,,Ever Bounced,False,0.701,High
PR01836915,90.0,3  Above,264375,1986093,ME,Ever Bounce,True,0,0,0.0,0.0,0.0,,Ever Bounced,False,0.754,High
PR01836917,90.0,3  Above,250272,1573555,SBL,Ever Bounce,True,0,0,0.0,0.0,0.0,,Ever Bounced,False,0.754,High
PR01841248,90.0,3  Above,155682,1408167,SBL,Ever Bounce,True,0,0,0.0,0.0,0.0,,Ever Bounced,False,0.75,High
PR01847232,90.0,3  Above,73370,780232,SBL,Ever Bounce,True,0,0,0.0,0.0,0.0,,Ever Bounced,False,0.75,High
PR01850548,90.0,3  Above,73712,538335,ME,Ever Bounce,True,0,0,0.0,0.0,0.0,,Ever Bounced,False,0.75,High
PR01873134,90.0,3  Above,52773,442097,ME,Ever Bounce,True,0,0,0.0,0.0,0.0,,Ever Bounced,False,0.75,High
PR01852549,90.0,3  Above,254856,1771135,SBL,Ever Bounce,True,0,0,0.0,0.0,0.0,,Ever Bounced,False,0.754,High
PR01865149,90.0,3  Above,28320,196792,SBL,Ever Bounce,True,0,0,0.0,0.0,0.0,,Ever Bounced,False,0.75,High
PR01853158,75.0,3,59736,778253,SBL,Ever Bounce,False,1,0,0.0,1.0,14934.0,2026-09-11 14:20:32,Ever Bounced,False,0.7,High
PR01855289,90.0,3  Above,69080,496252,Micro Loan,Ever Bounce,True,0,0,0.0,0.0,0.0,,Ever Bounced,False,0.75,High
PR01858574,75.0,3,53296,568010,SBL,Ever Bounce,True,0,0,0.0,0.0,0.0,,Ever Bounced,False,0.713,High
PR01858599,90.0,3  Above,74745,686887,SBL,Ever Bounce,True,0,0,0.0,0.0,0.0,,Ever Bounced,False,0.75,High
PR01859151,90.0,3  Above,72345,686044,SBL,Ever Bounce,True,0,0,0.0,0.0,0.0,,Ever Bounced,False,0.75,High
PR01859857,90.0,3  Above,54060,488941,SBL,Ever Bounce,True,0,0,0.0,0.0,0.0,,Ever Bounced,False,0.75,High
PR01860983,90.0,3  Above,108815,675740,SBL,Ever Bounce,True,0,0,0.0,0.0,0.0,,Ever Bounced,False,0.75,High
PR01861298,75.0,3,53504,888706,ME,Ever Bounce,True,0,0,0.0,0.0,0.0,,Ever Bounced,False,0.713,High
PR01897017,75.0,3,47560,791136,ME,Ever Bounce,True,0,0,0.0,0.0,0.0,,Ever Bounced,False,0.711,High
PR01862349,90.0,3  Above,193210,1294779,ME,Ever Bounce,True,0,0,0.0,0.0,0.0,,Ever Bounced,False,0.751,High
PR01862411,90.0,3  Above,71016,682816,ME,Ever Bounce,True,0,0,0.0,0.0,0.0,,Ever Bounced,False,0.75,High
PR01862467,75.0,3,122824,2162798,ME,Ever Bounce,True,0,0,0.0,0.0,0.0,,Ever Bounced,False,0.721,High
PR01862501,90.0,3  Above,74670,780824,SBL,Ever Bounce,True,0,0,0.0,0.0,0.0,,Ever Bounced,False,0.75,High
PR01863784,75.0,3,117500,1974285,ME,Ever Bounce,True,0,0,0.0,0.0,0.0,,Ever Bounced,False,0.721,High
PR01864014,90.0,3  Above,129660,198845,SBL,Ever Bounce,True,0,0,0.0,0.0,0.0,,Ever Bounced,False,0.75,High
PR01864795,90.0,3  Above,147126,962511,SBL,Ever Bounce,True,0,0,0.0,0.0,0.0,,Ever Bounced,False,0.75,High
PR01865078,90.0,3  Above,75678,684526,SBL,Ever Bounce,True,0,0,0.0,0.0,0.0,,Ever Bounced,False,0.75,High
PR01865159,75.0,3,38735,513167,SBL,Ever Bounce,True,0,0,0.0,0.0,0.0,,Ever Bounced,False,0.709,High
PR01887018,75.0,3,14676,195053,SBL,Ever Bounce,True,0,0,0.0,0.0,0.0,,Ever Bounced,False,0.7,High
PR01865818,75.0,3,72076,971141,SBL,Ever Bounce,True,0,0,0.0,0.0,0.0,,Ever Bounced,False,0.716,High
PR01866083,90.0,3  Above,115752,691516,SBL,Ever Bounce,True,0,0,0.0,0.0,0.0,,Ever Bounced,False,0.75,High
PR01866100,90.0,3  Above,62424,693257,ME,Ever Bounce,True,0,0,0.0,0.0,0.0,,Ever Bounced,False,0.75,High
PR01896530,90.0,3  Above,53508,595077,ME,Ever Bounce,True,0,0,0.0,0.0,0.0,,Ever Bounced,False,0.75,High
PR01866189,90.0,3  Above,90756,670320,SBL,Ever Bounce,True,0,0,0.0,0.0,0.0,,Ever Bounced,False,0.75,High
PR01866197,90.0,3  Above,297972,2529746,Co-Lending,Ever Bounce,True,0,0,0.0,0.0,0.0,,Ever Bounced,False,0.755,High
PR01922986,90.0,3  Above,157752,1345293,Co-Lending,Ever Bounce,True,0,0,0.0,0.0,0.0,,Ever Bounced,False,0.75,High
PR01866290,90.0,3  Above,146495,2163921,Co-Lending,Ever Bounce,True,0,0,0.0,0.0,0.0,,Ever Bounced,False,0.75,High
PR01919603,90.0,3  Above,49340,751693,Co-Lending,Ever Bounce,True,0,0,0.0,0.0,0.0,,Ever Bounced,False,0.75,High
PR01866450,90.0,3  Above,133248,497229,SBL,Ever Bounce,True,0,0,0.0,0.0,0.0,,Ever Bounced,False,0.75,High
PR01866542,90.0,3  Above,257418,1354393,SBL,Ever Bounce,True,0,0,0.0,0.0,0.0,,Ever Bounced,False,0.754,High
PR01878799,45.0,2,20271,364180,SBL,Ever Bounce,True,0,0,0.0,0.0,0.0,,Ever Bounced,False,0.7,High
PR01913082,90.0,3  Above,38290,417007,SBL,Ever Bounce,True,0,0,0.0,0.0,0.0,,Ever Bounced,False,0.75,High
PR01879211,90.0,3  Above,66450,721262,SBL,Ever Bounce,True,0,0,0.0,0.0,0.0,,Ever Bounced,False,0.75,High
PR01879237,75.0,3,109212,1555476,ME,Ever Bounce,True,0,0,0.0,0.0,0.0,,Ever Bounced,False,0.72,High
PR01908679,75.0,3,31948,456677,ME,Ever Bounce,True,0,0,0.0,0.0,0.0,,Ever Bounced,False,0.707,High
PR01880862,90.0,3  Above,156825,941533,SBL,Ever Bounce,True,0,0,0.0,0.0,0.0,,Ever Bounced,False,0.75,High
PR01885843,90.0,3  Above,168048,1026734,SBL,Ever Bounce,True,0,0,0.0,0.0,0.0,,Ever Bounced,False,0.75,High
PR01887033,90.0,3  Above,85498,534247,SBL,Ever Bounce,True,0,0,0.0,0.0,0.0,,Ever Bounced,False,0.75,High
PR01888256,90.0,3  Above,87934,674548,SBL,Ever Bounce,True,0,0,0.0,0.0,0.0,,Ever Bounced,False,0.75,High
PR01917329,75.0,3,14676,195705,SBL,Ever Bounce,True,0,0,0.0,0.0,0.0,,Ever Bounced,False,0.7,High
PR02102694,90.0,3  Above,4405,47859,SBL,Ever Bounce,True,0,0,0.0,0.0,0.0,,Ever Bounced,False,0.75,High
PR01889445,90.0,3  Above,176890,820138,SBL,Ever Bounce,True,0,0,0.0,0.0,0.0,,Ever Bounced,False,0.75,High
PR01925812,90.0,3  Above,61632,416256,SBL,Ever Bounce,True,0,0,0.0,0.0,0.0,,Ever Bounced,False,0.75,High
PR01889498,90.0,3  Above,101448,979106,ME,Ever Bounce,True,0,0,0.0,0.0,0.0,,Ever Bounced,False,0.75,High
PR01889559,90.0,3  Above,147875,1174458,SBL,Ever Bounce,True,0,0,0.0,0.0,0.0,,Ever Bounced,False,0.75,High
PR01922972,90.0,3  Above,45094,359349,SBL,Ever Bounce,True,0,0,0.0,0.0,0.0,,Ever Bounced,False,0.75,High
PR01891561,75.0,3,40240,578199,ME,Ever Bounce,True,0,0,0.0,0.0,0.0,,Ever Bounced,False,0.71,High
PR01942034,75.0,3,44300,641313,ME,Ever Bounce,True,0,0,0.0,0.0,0.0,,Ever Bounced,False,0.711,High
PR01892499,90.0,3  Above,88404,674717,SBL,Ever Bounce,True,0,0,0.0,0.0,0.0,,Ever Bounced,False,0.75,High
PR01892522,90.0,3  Above,198825,1036658,SBL,Ever Bounce,True,0,0,0.0,0.0,0.0,,Ever Bounced,False,0.751,High
PR01892584,90.0,3  Above,145956,1324609,SBL,Ever Bounce,True,0,0,0.0,0.0,0.0,,Ever Bounced,False,0.75,High
PR01892628,90.0,3  Above,92016,702301,SBL,Ever Bounce,True,0,0,0.0,0.0,0.0,,Ever Bounced,False,0.75,High
PR01892654,90.0,3  Above,112780,1485913,ME,Ever Bounce,True,0,0,0.0,0.0,0.0,,Ever Bounced,False,0.75,High
PR01892826,90.0,3  Above,91476,689758,SBL,Ever Bounce,True,0,0,0.0,0.0,0.0,,Ever Bounced,False,0.75,High
PR01894013,75.0,3,30436,437286,ME,Ever Bounce,True,0,0,0.0,0.0,0.0,,Ever Bounced,False,0.707,High
PR01951650,75.0,3,23672,342686,ME,Ever Bounce,True,0,0,0.0,0.0,0.0,,Ever Bounced,False,0.704,High
PR01895073,75.0,3,44020,585178,SBL,Ever Bounce,True,0,0,0.0,0.0,0.0,,Ever Bounced,False,0.711,High
PR01914944,15.0,1,7338,194391,SBL,Ever Bounce,True,0,0,0.0,0.0,0.0,,Ever Bounced,False,0.7,High
PR01895120,75.0,3,74672,976025,SBL,Ever Bounce,True,0,0,0.0,0.0,0.0,,Ever Bounced,False,0.716,High
PR01895170,90.0,3  Above,157635,1433895,SBL,Ever Bounce,True,0,0,0.0,0.0,0.0,,Ever Bounced,False,0.75,High
PR01895173,90.0,3  Above,76728,577937,ME,Ever Bounce,True,0,0,0.0,0.0,0.0,,Ever Bounced,False,0.75,High
PR01895353,90.0,3  Above,129735,792646,SBL,Ever Bounce,True,0,0,0.0,0.0,0.0,,Ever Bounced,False,0.75,High
PR01895429,90.0,3  Above,201058,993564,SBL,Ever Bounce,True,0,0,0.0,0.0,0.0,,Ever Bounced,False,0.751,High
PR01895430,90.0,3  Above,144152,987650,SBL,Ever Bounce,True,0,0,0.0,0.0,0.0,,Ever Bounced,False,0.75,High
PR01896269,75.0,3,49352,479933,Micro Loan,Ever Bounce,True,0,0,0.0,0.0,0.0,,Ever Bounced,False,0.712,High
PR01898198,75.0,3,62364,828997,SBL,Ever Bounce,True,0,0,0.0,0.0,0.0,,Ever Bounced,False,0.714,High
PR01920078,75.0,3,29348,391420,SBL,Ever Bounce,True,0,0,0.0,0.0,0.0,,Ever Bounced,False,0.706,High
PR01900062,90.0,3  Above,25362,244776,ME,Ever Bounce,True,0,0,0.0,0.0,0.0,,Ever Bounced,False,0.75,High
PR01935924,90.0,3  Above,30438,295876,ME,Ever Bounce,True,0,0,0.0,0.0,0.0,,Ever Bounced,False,0.75,High
PR01908973,75.0,3,34176,497293,ME,Ever Bounce,True,0,0,0.0,0.0,0.0,,Ever Bounced,False,0.708,High
PR01931996,75.0,3,52936,773245,ME,Ever Bounce,True,0,0,0.0,0.0,0.0,,Ever Bounced,False,0.713,High
PR01912034,75.0,3,79944,863303,SBL,Ever Bounce,True,0,0,0.0,0.0,0.0,,Ever Bounced,False,0.717,High
PR01914776,90.0,3  Above,43788,398699,SBL,Ever Bounce,True,0,0,0.0,0.0,0.0,,Ever Bounced,False,0.75,High
PR01946837,90.0,3  Above,26580,290409,SBL,Ever Bounce,True,0,0,0.0,0.0,0.0,,Ever Bounced,False,0.75,High
PR01917511,90.0,3  Above,85720,917619,SBL,Ever Bounce,True,0,0,0.0,0.0,0.0,,Ever Bounced,False,0.75,High
PR01917808,90.0,3  Above,58630,685155,ME,Ever Bounce,True,0,0,0.0,0.0,0.0,,Ever Bounced,False,0.75,High
PR01919386,90.0,3  Above,93985,1240005,ME,Ever Bounce,True,0,0,0.0,0.0,0.0,,Ever Bounced,False,0.75,High
PR01919510,90.0,3  Above,86855,816870,SBL,Ever Bounce,True,0,0,0.0,0.0,0.0,,Ever Bounced,False,0.75,High
PR01919543,90.0,3  Above,64040,991596,ME,Ever Bounce,True,0,0,0.0,0.0,0.0,,Ever Bounced,False,0.75,High
PR01930320,90.0,3  Above,73430,991596,ME,Ever Bounce,True,0,0,0.0,0.0,0.0,,Ever Bounced,False,0.75,High
PR01919823,75.0,3,149116,1382914,SBL,Ever Bounce,True,0,0,0.0,0.0,0.0,,Ever Bounced,False,0.723,High
PR01921663,90.0,3  Above,82425,1485965,SBL,Ever Bounce,True,0,0,0.0,0.0,0.0,,Ever Bounced,False,0.75,High
PR01985552,0.0,0,6083,328957,SBL,Ever Bounce,True,0,0,0.0,0.0,0.0,,Ever Bounced,False,0.7,High
PR01921687,90.0,3  Above,226143,1489678,ME,Ever Bounce,True,0,0,0.0,0.0,0.0,,Ever Bounced,False,0.753,High
PR01923023,90.0,3  Above,121758,890182,SBL,Ever Bounce,True,0,0,0.0,0.0,0.0,,Ever Bounced,False,0.75,High
PR01923216,75.0,3,51360,684981,SBL,Ever Bounce,True,0,0,0.0,0.0,0.0,,Ever Bounced,False,0.712,High
PR01937584,45.0,2,11007,195705,SBL,Ever Bounce,True,0,0,0.0,0.0,0.0,,Ever Bounced,False,0.7,High
PR01925862,75.0,3,64868,880103,SBL,Ever Bounce,True,0,0,0.0,0.0,0.0,,Ever Bounced,False,0.715,High
PR01925905,90.0,3  Above,79975,787494,SBL,Ever Bounce,True,0,0,0.0,0.0,0.0,,Ever Bounced,False,0.75,High
PR01925955,90.0,3  Above,90756,679135,SBL,Ever Bounce,True,0,0,0.0,0.0,0.0,,Ever Bounced,False,0.75,High
PR01927207,90.0,3  Above,64870,706457,SBL,Ever Bounce,True,0,0,0.0,0.0,0.0,,Ever Bounced,False,0.75,High
PR01927225,90.0,3  Above,221584,1923164,ME,Ever Bounce,True,0,0,0.0,0.0,0.0,,Ever Bounced,False,0.752,High
PR01949145,90.0,3  Above,73552,639251,ME,Ever Bounce,True,0,0,0.0,0.0,0.0,,Ever Bounced,False,0.75,High
PR01927383,90.0,3  Above,72325,1088509,ME,Ever Bounce,True,0,0,0.0,0.0,0.0,,Ever Bounced,False,0.75,High
PR01975818,75.0,3,42080,793077,ME,Ever Bounce,True,0,0,0.0,0.0,0.0,,Ever Bounced,False,0.71,High
PR01927550,90.0,3  Above,75792,582365,SBL,Ever Bounce,True,0,0,0.0,0.0,0.0,,Ever Bounced,False,0.75,High
PR01949157,90.0,3  Above,10510,96899,ME,Ever Bounce,True,0,0,0.0,0.0,0.0,,Ever Bounced,False,0.75,High
PR01927750,90.0,3  Above,89694,692039,SBL,Ever Bounce,True,0,0,0.0,0.0,0.0,,Ever Bounced,False,0.75,High
PR01927868,90.0,3  Above,88291,691355,SBL,Ever Bounce,True,0,0,0.0,0.0,0.0,,Ever Bounced,False,0.75,High
PR01929955,90.0,3  Above,308232,2276098,SBL,Ever Bounce,True,0,0,0.0,0.0,0.0,,Ever Bounced,False,0.756,High
PR01942325,90.0,3  Above,26808,198623,SBL,Ever Bounce,True,0,0,0.0,0.0,0.0,,Ever Bounced,False,0.75,High
PR01939440,90.0,3  Above,81340,781415,SBL,Ever Bounce,True,0,0,0.0,0.0,0.0,,Ever Bounced,False,0.75,High
PR01946167,90.0,3  Above,69618,785635,ME,Ever Bounce,True,0,0,0.0,0.0,0.0,,Ever Bounced,False,0.75,High
PR01983955,90.0,3  Above,42154,408882,ME,Ever Bounce,True,0,0,0.0,0.0,0.0,,Ever Bounced,False,0.75,High
PR01947401,75.0,3,45104,593308,SBL,Ever Bounce,True,0,0,0.0,0.0,0.0,,Ever Bounced,False,0.711,High
PR01949083,75.0,3,59796,690354,SBL,Ever Bounce,True,0,0,0.0,0.0,0.0,,Ever Bounced,False,0.714,High
PR01951689,90.0,3  Above,168840,937000,SBL,Ever Bounce,True,0,0,0.0,0.0,0.0,,Ever Bounced,False,0.75,High
PR01951715,75.0,3,44588,743849,ME,Ever Bounce,True,0,0,0.0,0.0,0.0,,Ever Bounced,False,0.711,High
PR01951765,90.0,3  Above,136944,944221,SBL,Ever Bounce,True,0,0,0.0,0.0,0.0,,Ever Bounced,False,0.75,High
PR01951806,75.0,3,24148,328696,ME,Ever Bounce,True,0,0,0.0,0.0,0.0,,Ever Bounced,False,0.704,High
PR01986057,75.0,3,36040,492219,SBL,Ever Bounce,True,0,0,0.0,0.0,0.0,,Ever Bounced,False,0.709,High
PR02019376,15.0,1,13154,358135,ME,Ever Bounce,True,0,0,0.0,0.0,0.0,,Ever Bounced,False,0.7,High
PR01953448,90.0,3  Above,72075,787558,SBL,Ever Bounce,True,0,0,0.0,0.0,0.0,,Ever Bounced,False,0.75,High
PR01953517,90.0,3  Above,48305,645588,ME,Ever Bounce,True,0,0,0.0,0.0,0.0,,Ever Bounced,False,0.75,High
PR01986260,75.0,3,32696,546270,ME,Ever Bounce,True,0,0,0.0,0.0,0.0,,Ever Bounced,False,0.708,High
PR01953733,75.0,3,135260,1958217,ME,Ever Bounce,True,0,0,0.0,0.0,0.0,,Ever Bounced,False,0.722,High
PR01953737,90.0,3  Above,89675,805263,Micro Loan,Ever Bounce,True,0,0,0.0,0.0,0.0,,Ever Bounced,False,0.75,High
PR01953788,90.0,3  Above,101283,695002,SBL,Ever Bounce,True,0,0,0.0,0.0,0.0,,Ever Bounced,False,0.75,High
PR01953830,75.0,3,57876,689725,SBL,Ever Bounce,True,0,0,0.0,0.0,0.0,,Ever Bounced,False,0.713,High
PR01953918,90.0,3  Above,67570,738336,SBL,Ever Bounce,True,0,0,0.0,0.0,0.0,,Ever Bounced,False,0.75,High
PR01963187,90.0,3  Above,169904,1196262,SBL,Ever Bounce,True,0,0,0.0,0.0,0.0,,Ever Bounced,False,0.75,High
PR01982659,90.0,3  Above,145206,1483442,SBL,Ever Bounce,True,0,0,0.0,0.0,0.0,,Ever Bounced,False,0.75,High
PR01982764,75.0,3,39484,390263,Micro Loan,Ever Bounce,True,0,0,0.0,0.0,0.0,,Ever Bounced,False,0.709,High
PR02006433,45.0,2,7404,97564,Micro Loan,Ever Bounce,True,0,0,0.0,0.0,0.0,,Ever Bounced,False,0.7,High
PR01982835,75.0,3,57660,787558,SBL,Ever Bounce,True,0,0,0.0,0.0,0.0,,Ever Bounced,False,0.713,High
PR01984015,75.0,3,73368,984916,SBL,Ever Bounce,True,0,0,0.0,0.0,0.0,,Ever Bounced,False,0.716,High
PR01984175,90.0,3  Above,119352,695873,SBL,Ever Bounce,True,0,0,0.0,0.0,0.0,,Ever Bounced,False,0.75,High
PR01984249,75.0,3,38772,520455,SBL,Ever Bounce,True,0,0,0.0,0.0,0.0,,Ever Bounced,False,0.709,High
PR02039660,15.0,1,7338,196979,SBL,Ever Bounce,True,0,0,0.0,0.0,0.0,,Ever Bounced,False,0.7,High
PR01985955,90.0,3  Above,154070,1192926,SBL,Ever Bounce,True,0,0,0.0,0.0,0.0,,Ever Bounced,False,0.75,High
PR01986176,75.0,3,67204,886836,SBL,Ever Bounce,True,0,0,0.0,0.0,0.0,,Ever Bounced,False,0.715,High
PR01987871,75.0,3,52752,766512,SBL,Ever Bounce,True,0,0,0.0,0.0,0.0,,Ever Bounced,False,0.712,High
PR01987935,90.0,3  Above,136044,1612637,ME,Ever Bounce,True,0,0,0.0,0.0,0.0,,Ever Bounced,False,0.75,High
PR01988004,75.0,3,111528,1523317,SBL,Ever Bounce,True,0,0,0.0,0.0,0.0,,Ever Bounced,False,0.72,High
PR02009264,75.0,3,106668,37547,SBL,Ever Bounce,True,0,0,0.0,0.0,0.0,,Ever Bounced,False,0.72,High
PR02023501,90.0,3  Above,94598,747736,SBL,Ever Bounce,True,0,0,0.0,0.0,0.0,,Ever Bounced,False,0.75,High
PR02023591,90.0,3  Above,135140,1486211,SBL,Ever Bounce,True,0,0,0.0,0.0,0.0,,Ever Bounced,False,0.75,High
PR02054548,90.0,3  Above,75047,640000,SBL,Ever Bounce,True,0,0,0.0,0.0,0.0,,Ever Bounced,False,0.75,High
PR02099834,90.0,3  Above,51264,510000,SBL,Ever Bounce,True,0,0,0.0,0.0,0.0,,Ever Bounced,False,0.75,High
PR02058288,75.0,3,57660,317059,SBL,Ever Bounce,True,0,0,0.0,0.0,0.0,,Ever Bounced,False,0.713,High
PR02059993,90.0,3  Above,182490,1500000,SBL,Ever Bounce,True,0,0,0.0,0.0,0.0,,Ever Bounced,False,0.75,High
PR02099898,90.0,3  Above,111300,1898323,Home Loan,Ever Bounce,True,0,0,0.0,0.0,0.0,,Ever Bounced,False,0.75,High
PR01669150,45.0,2,24234,535896,ME,Ever Bounce,True,0,0,0.0,0.0,0.0,,Ever Bounced,False,0.7,High
PR01698735,45.0,2,19830,439202,ME,Ever Bounce,True,0,0,0.0,0.0,0.0,,Ever Bounced,False,0.7,High
PR00720213,45.0,2,90267,808053,ME,Ever Bounce,False,1,0,0.0,1.0,30089.0,2026-09-07 13:48:22,Ever Bounced,False,0.7,High
PR00215144,45.0,2,50745,621944,ME,Ever Bounce,False,1,0,0.0,1.0,16915.0,2026-09-11 19:55:59,Ever Bounced,False,0.7,High
PR00650179,45.0,2,26808,566817,ME,Ever Bounce,True,0,0,0.0,0.0,0.0,,Ever Bounced,False,0.7,High
PR00852109,45.0,2,1776,37054,ME,Ever Bounce,True,0,0,0.0,0.0,0.0,,Ever Bounced,False,0.7,High
PR00827960,45.0,2,93246,1969494,ME,Ever Bounce,True,0,0,0.0,0.0,0.0,,Ever Bounced,False,0.7,High
PR00828006,45.0,2,292290,7075319,ME,Ever Bounce,False,1,0,0.0,1.0,97430.0,2026-09-15 18:00:12,Ever Bounced,False,0.7,High
PR00358130,45.0,2,117201,1024989,ME,Ever Bounce,True,0,0,0.0,0.0,0.0,,Ever Bounced,False,0.7,High
PR00379244,45.0,2,48246,762750,ME,Ever Bounce,True,0,0,0.0,0.0,0.0,,Ever Bounced,False,0.7,High
PR00359594,45.0,2,133316,2742879,ME,Ever Bounce,True,0,0,0.0,0.0,0.0,,Ever Bounced,False,0.7,High
PR00924019,0.0,0,2691,160759,ME,Ever Bounce,True,0,0,0.0,0.0,0.0,,Ever Bounced,False,0.7,High
PR00698052,45.0,2,53595,1377465,ME,Ever Bounce,True,0,0,0.0,0.0,0.0,,Ever Bounced,False,0.7,High
PR00913157,0.0,0,958,71719,ME,Ever Bounce,True,0,0,0.0,0.0,0.0,,Ever Bounced,False,0.7,High
PR00399662,45.0,2,32508,101958,ME,Ever Bounce,True,0,0,0.0,0.0,0.0,,Ever Bounced,False,0.7,High
PR00402848,45.0,2,93393,2084415,ME,Ever Bounce,True,0,0,0.0,0.0,0.0,,Ever Bounced,False,0.7,High
PR00985006,0.0,0,1480,94097,ME,Ever Bounce,True,0,0,0.0,0.0,0.0,,Ever Bounced,False,0.7,High
PR00404469,45.0,2,40953,22247,ME,Ever Bounce,True,0,0,0.0,0.0,0.0,,Ever Bounced,False,0.7,High
PR00407058,45.0,2,183540,3648149,SME,Ever Bounce,True,0,0,0.0,0.0,0.0,,Ever Bounced,False,0.7,High
PR00758453,45.0,2,54999,224072,ME,Ever Bounce,True,0,0,0.0,0.0,0.0,,Ever Bounced,False,0.7,High
PR00414513,45.0,2,140712,304706,ME,Ever Bounce,True,0,0,0.0,0.0,0.0,,Ever Bounced,False,0.7,High
PR00428133,45.0,2,73803,1381272,ME,Ever Bounce,True,0,0,0.0,0.0,0.0,,Ever Bounced,False,0.7,High
PR00423096,45.0,2,22533,463497,ME,Ever Bounce,True,0,0,0.0,0.0,0.0,,Ever Bounced,False,0.7,High
PR00423374,45.0,2,143775,47232,ME,Ever Bounce,True,0,0,0.0,0.0,0.0,,Ever Bounced,False,0.7,High
PR00427662,45.0,2,79311,1337086,ME,Ever Bounce,False,1,0,0.0,1.0,26437.0,2026-09-04 14:04:10,Ever Bounced,False,0.7,High
PR00436425,45.0,2,75117,1299382,ME,Ever Bounce,True,0,0,0.0,0.0,0.0,,Ever Bounced,False,0.7,High
PR00429219,45.0,2,121440,1920891,ME,Ever Bounce,True,0,0,0.0,0.0,0.0,,Ever Bounced,False,0.7,High
PR00430654,45.0,2,80721,1530548,ME,Ever Bounce,True,0,0,0.0,0.0,0.0,,Ever Bounced,False,0.7,High
PR00436809,45.0,2,26436,431155,ME,Ever Bounce,True,0,0,0.0,0.0,0.0,,Ever Bounced,False,0.7,High
PR00438368,45.0,2,78096,1432419,ME,Ever Bounce,True,0,0,0.0,0.0,0.0,,Ever Bounced,False,0.7,High
PR00584192,45.0,2,49167,1000645,ME,Ever Bounce,True,0,0,0.0,0.0,0.0,,Ever Bounced,False,0.7,High
PR00590988,0.0,0,6004,367381,ME,Ever Bounce,True,0,0,0.0,0.0,0.0,,Ever Bounced,False,0.7,High
PR00586513,45.0,2,235125,5986251,ME,Ever Bounce,True,0,0,0.0,0.0,0.0,,Ever Bounced,False,0.7,High
PR00592293,45.0,2,188439,3909315,ME,Ever Bounce,True,0,0,0.0,0.0,0.0,,Ever Bounced,False,0.7,High
PR00592333,45.0,2,40965,790034,ME,Ever Bounce,True,0,0,0.0,0.0,0.0,,Ever Bounced,False,0.7,High
PR01527006,45.0,2,53241,999501,ME,Ever Bounce,True,0,0,0.0,0.0,0.0,,Ever Bounced,False,0.7,High
PR00594532,45.0,2,46614,1151155,ME,Ever Bounce,True,0,0,0.0,0.0,0.0,,Ever Bounced,False,0.7,High
PR00600961,45.0,2,22599,561263,ME,Ever Bounce,True,0,0,0.0,0.0,0.0,,Ever Bounced,False,0.7,High
PR00594835,45.0,2,51780,1014149,ME,Ever Bounce,True,0,0,0.0,0.0,0.0,,Ever Bounced,False,0.7,High
PR00608706,15.0,1,25514,768268,ME,Ever Bounce,True,0,0,0.0,0.0,0.0,,Ever Bounced,False,0.7,High
PR00598698,45.0,2,50634,1079589,ME,Ever Bounce,True,0,0,0.0,0.0,0.0,,Ever Bounced,False,0.7,High
PR00600335,45.0,2,32679,776230,ME,Ever Bounce,True,0,0,0.0,0.0,0.0,,Ever Bounced,False,0.7,High
PR00597788,45.0,2,495474,10232000,ME,Ever Bounce,True,0,0,0.0,0.0,0.0,,Ever Bounced,False,0.7,High
PR00598985,45.0,2,244038,4698399,ME,Ever Bounce,True,0,0,0.0,0.0,0.0,,Ever Bounced,False,0.7,High
PR00602750,45.0,2,28110,604212,ME,Ever Bounce,True,0,0,0.0,0.0,0.0,,Ever Bounced,False,0.7,High
PR00609700,45.0,2,9015,182544,ME,Ever Bounce,True,0,0,0.0,0.0,0.0,,Ever Bounced,False,0.7,High
PR00602781,45.0,2,222483,5625059,ME,Ever Bounce,True,0,0,0.0,0.0,0.0,,Ever Bounced,False,0.7,High
PR00608387,45.0,2,35190,899894,ME,Ever Bounce,True,0,0,0.0,0.0,0.0,,Ever Bounced,False,0.7,High
PR01010792,45.0,2,166200,2934383,Co-Lending,Ever Bounce,False,1,0,0.0,1.0,55400.0,2026-09-15 21:16:55,Ever Bounced,False,0.7,High
PR00606030,75.0,3,57468,967071,ME,Ever Bounce,True,0,0,0.0,0.0,0.0,,Ever Bounced,False,0.713,High
PR00606052,45.0,2,142758,2866208,ME,Ever Bounce,True,0,0,0.0,0.0,0.0,,Ever Bounced,False,0.7,High
PR00829015,45.0,2,153705,4345012,ME,Ever Bounce,True,0,0,0.0,0.0,0.0,,Ever Bounced,False,0.7,High
PR00610787,45.0,2,69951,1858198,ME,Ever Bounce,True,0,0,0.0,0.0,0.0,,Ever Bounced,False,0.7,High
PR00623841,45.0,2,63924,1357822,ME,Ever Bounce,True,0,0,0.0,0.0,0.0,,Ever Bounced,False,0.7,High
PR00615854,45.0,2,17241,406628,ME,Ever Bounce,True,0,0,0.0,0.0,0.0,,Ever Bounced,False,0.7,High
PR00611358,45.0,2,105804,2628916,ME,Ever Bounce,True,0,0,0.0,0.0,0.0,,Ever Bounced,False,0.7,High
PR00936915,45.0,2,4305,104482,ME,Ever Bounce,True,0,0,0.0,0.0,0.0,,Ever Bounced,False,0.7,High
PR00611402,45.0,2,213189,3045865,ME,Ever Bounce,True,0,0,0.0,0.0,0.0,,Ever Bounced,False,0.7,High
PR00611605,45.0,2,128874,2425202,ME,Ever Bounce,False,1,0,0.0,1.0,128874.0,2026-09-07 11:32:36,Ever Bounced,False,0.7,High
PR00620963,45.0,2,65415,1250508,ME,Ever Bounce,False,1,0,0.0,1.0,65415.0,2026-09-07 11:35:04,Ever Bounced,False,0.7,High
PR00615865,45.0,2,45486,665615,ME,Ever Bounce,True,0,0,0.0,0.0,0.0,,Ever Bounced,False,0.7,High
PR00876770,45.0,2,181941,4811484,ME,Ever Bounce,False,1,0,0.0,1.0,60647.0,2026-09-12 16:50:34,Ever Bounced,False,0.7,High
PR00620887,45.0,2,84825,2109325,ME,Ever Bounce,True,0,0,0.0,0.0,0.0,,Ever Bounced,False,0.7,High
PR00633304,0.0,0,9489,731303,ME,Ever Bounce,True,0,0,0.0,0.0,0.0,,Ever Bounced,False,0.7,High
PR00854502,0.0,0,592,45679,ME,Ever Bounce,False,1,0,0.0,1.0,592.0,2026-09-12 12:50:22,Ever Bounced,False,0.7,High
PR00620906,45.0,2,139662,2858226,ME,Ever Bounce,True,0,0,0.0,0.0,0.0,,Ever Bounced,False,0.7,High
PR00620916,45.0,2,82035,932552,ME,Ever Bounce,True,0,0,0.0,0.0,0.0,,Ever Bounced,False,0.7,High
PR00638401,45.0,2,62169,1547808,ME,Ever Bounce,True,0,0,0.0,0.0,0.0,,Ever Bounced,False,0.7,High
PR00976765,0.0,0,1329,99641,ME,Ever Bounce,True,0,0,0.0,0.0,0.0,,Ever Bounced,False,0.7,High
PR00641009,45.0,2,102414,2069072,ME,Ever Bounce,True,0,0,0.0,0.0,0.0,,Ever Bounced,False,0.7,High
PR00645623,45.0,2,41980,875544,ME,Ever Bounce,True,0,0,0.0,0.0,0.0,,Ever Bounced,False,0.7,High
PR00650890,45.0,2,79905,1642940,Co-Lending,Ever Bounce,True,0,0,0.0,0.0,0.0,,Ever Bounced,False,0.7,High
PR00660174,45.0,2,19977,398129,Co-Lending,Ever Bounce,True,0,0,0.0,0.0,0.0,,Ever Bounced,False,0.7,High
PR00651498,45.0,2,147909,3673534,ME,Ever Bounce,True,0,0,0.0,0.0,0.0,,Ever Bounced,False,0.7,High
PR00851588,15.0,1,1292,48168,ME,Ever Bounce,True,0,0,0.0,0.0,0.0,,Ever Bounced,False,0.7,High
PR00651572,45.0,2,73707,1881436,ME,Ever Bounce,True,0,0,0.0,0.0,0.0,,Ever Bounced,False,0.7,High
PR00664604,45.0,2,31782,783531,ME,Ever Bounce,True,0,0,0.0,0.0,0.0,,Ever Bounced,False,0.7,High
PR00653613,45.0,2,43788,778845,Co-Lending,Ever Bounce,True,0,0,0.0,0.0,0.0,,Ever Bounced,False,0.7,High
PR00663863,15.0,1,12092,336577,Co-Lending,Ever Bounce,True,0,0,0.0,0.0,0.0,,Ever Bounced,False,0.7,High
PR00653895,45.0,2,71913,1332190,Co-Lending,Ever Bounce,False,1,0,0.0,1.0,23971.0,2026-09-11 19:58:31,Ever Bounced,False,0.7,High
PR00657459,45.0,2,111792,1588151,ME,Ever Bounce,True,0,0,0.0,0.0,0.0,,Ever Bounced,False,0.7,High
PR00657560,45.0,2,52824,1365520,ME,Ever Bounce,True,0,0,0.0,0.0,0.0,,Ever Bounced,False,0.7,High
PR00657694,45.0,2,66555,1111467,ME,Ever Bounce,True,0,0,0.0,0.0,0.0,,Ever Bounced,False,0.7,High
PR00974682,15.0,1,4524,105847,ME,Ever Bounce,True,0,0,0.0,0.0,0.0,,Ever Bounced,False,0.7,High
PR00657754,45.0,2,51939,1083800,ME,Ever Bounce,True,0,0,0.0,0.0,0.0,,Ever Bounced,False,0.7,High
PR00657944,45.0,2,21975,390764,Co-Lending,Ever Bounce,True,0,0,0.0,0.0,0.0,,Ever Bounced,False,0.7,High
PR00661977,45.0,2,34125,576446,Co-Lending,Ever Bounce,True,0,0,0.0,0.0,0.0,,Ever Bounced,False,0.7,High
PR01369894,45.0,2,30864,602603,Co-Lending,Ever Bounce,True,0,0,0.0,0.0,0.0,,Ever Bounced,False,0.7,High
PR00663187,45.0,2,52533,1180413,ME,Ever Bounce,True,0,0,0.0,0.0,0.0,,Ever Bounced,False,0.7,High
PR00973187,0.0,0,1200,77636,ME,Ever Bounce,True,0,0,0.0,0.0,0.0,,Ever Bounced,False,0.7,High
PR00663412,45.0,2,45855,1132164,ME,Ever Bounce,True,0,0,0.0,0.0,0.0,,Ever Bounced,False,0.7,High
PR00851586,0.0,0,780,60411,ME,Ever Bounce,True,0,0,0.0,0.0,0.0,,Ever Bounced,False,0.7,High
PR00663915,45.0,2,50727,772748,ME,Ever Bounce,True,0,0,0.0,0.0,0.0,,Ever Bounced,False,0.7,High
PR00667275,45.0,2,13713,244968,ME,Ever Bounce,False,1,0,0.0,1.0,4571.0,2026-09-09 20:11:27,Ever Bounced,False,0.7,High
PR00671390,45.0,2,37479,687167,ME,Ever Bounce,False,1,0,0.0,1.0,12493.0,2026-09-09 20:13:32,Ever Bounced,False,0.7,High
PR00851784,45.0,2,1410,23917,ME,Ever Bounce,False,1,0,0.0,1.0,470.0,2026-09-09 20:15:00,Ever Bounced,False,0.7,High
PR00669775,15.0,1,34226,1098673,Co-Lending,Ever Bounce,True,0,0,0.0,0.0,0.0,,Ever Bounced,False,0.7,High
PR00694229,45.0,2,16581,362636,Co-Lending,Ever Bounce,True,0,0,0.0,0.0,0.0,,Ever Bounced,False,0.7,High
PR00790723,45.0,2,46740,1016792,ME,Ever Bounce,True,0,0,0.0,0.0,0.0,,Ever Bounced,False,0.7,High
PR01390125,45.0,2,25827,563092,ME,Ever Bounce,True,0,0,0.0,0.0,0.0,,Ever Bounced,False,0.7,High
PR00675407,45.0,2,41980,896127,ME,Ever Bounce,True,0,0,0.0,0.0,0.0,,Ever Bounced,False,0.7,High
PR00676562,45.0,2,31662,696680,ME,Ever Bounce,True,0,0,0.0,0.0,0.0,,Ever Bounced,False,0.7,High
PR00696895,45.0,2,40254,890105,ME,Ever Bounce,True,0,0,0.0,0.0,0.0,,Ever Bounced,False,0.7,High
PR00677250,45.0,2,87894,1863650,ME,Ever Bounce,True,0,0,0.0,0.0,0.0,,Ever Bounced,False,0.7,High
PR00677500,45.0,2,48195,396526,Co-Lending,Ever Bounce,True,0,0,0.0,0.0,0.0,,Ever Bounced,False,0.7,High
PR00677568,45.0,2,118152,1144141,ME,Ever Bounce,True,0,0,0.0,0.0,0.0,,Ever Bounced,False,0.7,High
PR00851952,45.0,2,103053,2362631,ME,Ever Bounce,True,0,0,0.0,0.0,0.0,,Ever Bounced,False,0.7,High
PR00974084,45.0,2,60579,1328893,ME,Ever Bounce,True,0,0,0.0,0.0,0.0,,Ever Bounced,False,0.7,High
PR01157020,45.0,2,97986,2428964,Co-Lending,Ever Bounce,True,0,0,0.0,0.0,0.0,,Ever Bounced,False,0.7,High
PR00992965,45.0,2,109872,2296060,Home Loan,Ever Bounce,True,0,0,0.0,0.0,0.0,,Ever Bounced,False,0.7,High
PR00694220,45.0,2,88155,1969514,ME,Ever Bounce,False,1,0,0.0,1.0,29400.0,2026-09-16 12:46:29,Ever Bounced,False,0.7,High
PR00698664,45.0,2,50928,1283663,ME,Ever Bounce,True,0,0,0.0,0.0,0.0,,Ever Bounced,False,0.7,High
PR00706746,45.0,2,24204,618469,ME,Ever Bounce,True,0,0,0.0,0.0,0.0,,Ever Bounced,False,0.7,High
PR00913202,45.0,2,3543,93310,ME,Ever Bounce,True,0,0,0.0,0.0,0.0,,Ever Bounced,False,0.7,High
PR00699233,45.0,2,84570,1675594,Co-Lending,Ever Bounce,True,0,0,0.0,0.0,0.0,,Ever Bounced,False,0.7,High
PR00707167,45.0,2,57975,1082519,Co-Lending,Ever Bounce,True,0,0,0.0,0.0,0.0,,Ever Bounced,False,0.7,High
PR00711255,45.0,2,119892,2900313,ME,Ever Bounce,False,1,0,0.0,1.0,39964.0,2026-09-16 21:20:56,Ever Bounced,False,0.7,High
PR00711536,0.0,0,28766,1909240,ME,Ever Bounce,True,0,0,0.0,0.0,0.0,,Ever Bounced,False,0.7,High
PR00719857,45.0,2,33548,721503,ME,Ever Bounce,False,1,0,0.0,1.0,11200.0,2026-09-10 19:46:42,Ever Bounced,False,0.7,High
PR00712681,45.0,2,65127,1641571,ME,Ever Bounce,True,0,0,0.0,0.0,0.0,,Ever Bounced,False,0.7,High
PR00717244,45.0,2,23121,558361,ME,Ever Bounce,True,0,0,0.0,0.0,0.0,,Ever Bounced,False,0.7,High
PR00716181,45.0,2,90105,1982326,ME,Ever Bounce,True,0,0,0.0,0.0,0.0,,Ever Bounced,False,0.7,High
PR00718870,45.0,2,64374,181208,SBL,Ever Bounce,True,0,0,0.0,0.0,0.0,,Ever Bounced,False,0.7,High
PR00719049,45.0,2,44772,126091,ME,Ever Bounce,True,0,0,0.0,0.0,0.0,,Ever Bounced,False,0.7,High
PR00720042,45.0,2,101466,2311767,ME,Ever Bounce,True,0,0,0.0,0.0,0.0,,Ever Bounced,False,0.7,High
PR00728792,45.0,2,17388,388835,ME,Ever Bounce,False,1,0,0.0,1.0,5796.0,2026-09-11 09:52:15,Ever Bounced,False,0.7,High
PR00992970,45.0,2,5475,128557,ME,Ever Bounce,False,1,0,0.0,1.0,1825.0,2026-09-11 09:53:52,Ever Bounced,False,0.7,High
PR00989088,15.0,1,41284,1478908,ME,Ever Bounce,True,0,0,0.0,0.0,0.0,,Ever Bounced,False,0.7,High
PR01010337,15.0,1,7324,262996,ME,Ever Bounce,True,0,0,0.0,0.0,0.0,,Ever Bounced,False,0.7,High
PR00728155,45.0,2,51774,676087,ME,Ever Bounce,True,0,0,0.0,0.0,0.0,,Ever Bounced,False,0.7,High
PR00736201,45.0,2,41007,506558,ME,Ever Bounce,True,0,0,0.0,0.0,0.0,,Ever Bounced,False,0.7,High
PR00728412,45.0,2,85605,1682350,ME,Ever Bounce,True,0,0,0.0,0.0,0.0,,Ever Bounced,False,0.7,High
PR00728484,45.0,2,54580,1257864,Co-Lending,Ever Bounce,True,0,0,0.0,0.0,0.0,,Ever Bounced,False,0.7,High
PR00728744,45.0,2,58908,1505792,ME,Ever Bounce,False,1,0,0.0,1.0,19636.0,2026-09-15 20:36:35,Ever Bounced,False,0.7,High
PR00749292,45.0,2,14997,380637,ME,Ever Bounce,False,1,0,0.0,1.0,4999.0,2026-09-15 20:43:07,Ever Bounced,False,0.7,High
PR00988593,45.0,2,1746,45776,ME,Ever Bounce,False,1,0,0.0,1.0,582.0,2026-09-15 20:46:39,Ever Bounced,False,0.7,High
PR00728890,45.0,2,23592,404617,SBL,Ever Bounce,True,0,0,0.0,0.0,0.0,,Ever Bounced,False,0.7,High
PR00990382,0.0,0,508,24919,ME,Ever Bounce,True,0,0,0.0,0.0,0.0,,Ever Bounced,False,0.7,High
PR01358701,45.0,2,118323,2958158,Co-Lending,Ever Bounce,True,0,0,0.0,0.0,0.0,,Ever Bounced,False,0.7,High
PR00736869,45.0,2,49341,980727,Co-Lending,Ever Bounce,True,0,0,0.0,0.0,0.0,,Ever Bounced,False,0.7,High
PR00737365,45.0,2,69642,1413944,Co-Lending,Ever Bounce,True,0,0,0.0,0.0,0.0,,Ever Bounced,False,0.7,High
PR00737406,45.0,2,50052,1109737,ME,Ever Bounce,True,0,0,0.0,0.0,0.0,,Ever Bounced,False,0.7,High
PR00864880,0.0,0,921,63018,ME,Ever Bounce,True,0,0,0.0,0.0,0.0,,Ever Bounced,False,0.7,High
PR00738930,0.0,0,14063,833608,Co-Lending,Ever Bounce,True,0,0,0.0,0.0,0.0,,Ever Bounced,False,0.7,High
PR00812528,0.0,0,4581,323997,Co-Lending,Ever Bounce,True,0,0,0.0,0.0,0.0,,Ever Bounced,False,0.7,High
PR01260170,45.0,2,22074,7247,ME,Ever Bounce,True,0,0,0.0,0.0,0.0,,Ever Bounced,False,0.7,High
PR00739011,0.0,0,6987,232247,Co-Lending,Ever Bounce,True,0,0,0.0,0.0,0.0,,Ever Bounced,False,0.7,High
PR00743638,45.0,2,25620,294095,Co-Lending,Ever Bounce,True,0,0,0.0,0.0,0.0,,Ever Bounced,False,0.7,High
PR01190716,90.0,3  Above,92069,2265708,Co-Lending,Ever Bounce,True,0,0,0.0,0.0,0.0,,Ever Bounced,False,0.75,High
PR00743940,45.0,2,19515,165338,SBL,Ever Bounce,True,0,0,0.0,0.0,0.0,,Ever Bounced,False,0.7,High
PR00745017,45.0,2,63054,236690,SBL,Ever Bounce,True,0,0,0.0,0.0,0.0,,Ever Bounced,False,0.7,High
PR00875676,45.0,2,50517,372352,ME,Ever Bounce,True,0,0,0.0,0.0,0.0,,Ever Bounced,False,0.7,High
PR00745625,45.0,2,61308,345416,SBL,Ever Bounce,True,0,0,0.0,0.0,0.0,,Ever Bounced,False,0.7,High
PR00746071,45.0,2,59823,672542,Co-Lending,Ever Bounce,True,0,0,0.0,0.0,0.0,,Ever Bounced,False,0.7,High
PR00746360,45.0,2,69642,1490567,ME,Ever Bounce,True,0,0,0.0,0.0,0.0,,Ever Bounced,False,0.7,High
PR00753964,45.0,2,54900,1342570,ME,Ever Bounce,True,0,0,0.0,0.0,0.0,,Ever Bounced,False,0.7,High
PR00756924,45.0,2,61449,488949,ME,Ever Bounce,True,0,0,0.0,0.0,0.0,,Ever Bounced,False,0.7,High
PR00758424,45.0,2,52497,1284249,ME,Ever Bounce,True,0,0,0.0,0.0,0.0,,Ever Bounced,False,0.7,High
PR00810244,45.0,2,25194,605788,ME,Ever Bounce,True,0,0,0.0,0.0,0.0,,Ever Bounced,False,0.7,High
PR00987721,15.0,1,2706,61942,ME,Ever Bounce,True,0,0,0.0,0.0,0.0,,Ever Bounced,False,0.7,High
PR00813083,45.0,2,25194,549726,ME,Ever Bounce,True,0,0,0.0,0.0,0.0,,Ever Bounced,False,0.7,High
PR00816929,45.0,2,62568,858822,ME,Ever Bounce,False,1,0,0.0,1.0,20856.0,2026-09-11 10:31:35,Ever Bounced,False,0.7,High
PR01111322,45.0,2,102413,2421535,Co-Lending,Ever Bounce,False,1,0,0.0,1.0,34138.0,2026-09-12 10:49:22,Ever Bounced,False,0.7,High
PR00817044,45.0,2,41986,916308,ME,Ever Bounce,False,1,0,0.0,1.0,13996.0,2026-09-15 20:50:38,Ever Bounced,False,0.7,High
PR00826105,45.0,2,69408,196550,SBL,Ever Bounce,True,0,0,0.0,0.0,0.0,,Ever Bounced,False,0.7,High
PR00826994,45.0,2,63078,1521880,ME,Ever Bounce,True,0,0,0.0,0.0,0.0,,Ever Bounced,False,0.7,High
PR00987569,45.0,2,3612,84877,ME,Ever Bounce,True,0,0,0.0,0.0,0.0,,Ever Bounced,False,0.7,High
PR00827443,45.0,2,55176,349309,SBL,Ever Bounce,True,0,0,0.0,0.0,0.0,,Ever Bounced,False,0.7,High
PR00827717,45.0,2,61308,388084,SBL,Ever Bounce,True,0,0,0.0,0.0,0.0,,Ever Bounced,False,0.7,High
PR00827822,45.0,2,79584,710050,ME,Ever Bounce,True,0,0,0.0,0.0,0.0,,Ever Bounced,False,0.7,High
PR00827984,45.0,2,65544,1511543,Co-Lending,Ever Bounce,True,0,0,0.0,0.0,0.0,,Ever Bounced,False,0.7,High
PR00828003,45.0,2,79905,1815040,ME,Ever Bounce,True,0,0,0.0,0.0,0.0,,Ever Bounced,False,0.7,High
PR00828037,45.0,2,27540,520142,ME,Ever Bounce,True,0,0,0.0,0.0,0.0,,Ever Bounced,False,0.7,High
PR00987867,45.0,2,1728,31477,ME,Ever Bounce,True,0,0,0.0,0.0,0.0,,Ever Bounced,False,0.7,High
PR00828094,45.0,2,87438,1214473,SBL,Ever Bounce,True,0,0,0.0,0.0,0.0,,Ever Bounced,False,0.7,High
PR00828128,45.0,2,36783,232912,ME,Ever Bounce,True,0,0,0.0,0.0,0.0,,Ever Bounced,False,0.7,High
PR00828293,45.0,2,38748,245242,SBL,Ever Bounce,True,0,0,0.0,0.0,0.0,,Ever Bounced,False,0.7,High
PR00836303,45.0,2,63837,1416540,Co-Lending,Ever Bounce,False,1,0,0.0,1.0,21279.0,2026-09-11 19:37:56,Ever Bounced,False,0.7,High
PR00837721,45.0,2,49047,323471,ME,Ever Bounce,True,0,0,0.0,0.0,0.0,,Ever Bounced,False,0.7,High
PR00837783,45.0,2,54585,1200330,ME,Ever Bounce,True,0,0,0.0,0.0,0.0,,Ever Bounced,False,0.7,High
PR00872821,45.0,2,40524,303472,ME,Ever Bounce,True,0,0,0.0,0.0,0.0,,Ever Bounced,False,0.7,High
PR00838576,0.0,0,12907,555428,ME,Ever Bounce,True,0,0,0.0,0.0,0.0,,Ever Bounced,False,0.7,High
PR01582028,45.0,2,12756,60702,ME,Ever Bounce,True,0,0,0.0,0.0,0.0,,Ever Bounced,False,0.7,High
PR00838603,45.0,2,48397,707144,ME,Ever Bounce,True,0,0,0.0,0.0,0.0,,Ever Bounced,False,0.7,High
PR01025178,45.0,2,27944,486178,ME,Ever Bounce,True,0,0,0.0,0.0,0.0,,Ever Bounced,False,0.7,High
PR00838860,45.0,2,161655,3113011,ME,Ever Bounce,False,1,0,0.0,1.0,53885.0,2026-09-12 17:17:56,Ever Bounced,False,0.7,High
PR00838895,45.0,2,73569,485265,SBL,Ever Bounce,True,0,0,0.0,0.0,0.0,,Ever Bounced,False,0.7,High
PR00975936,45.0,2,49047,466274,ME,Ever Bounce,True,0,0,0.0,0.0,0.0,,Ever Bounced,False,0.7,High
PR00846547,45.0,2,73566,504540,SBL,Ever Bounce,True,0,0,0.0,0.0,0.0,,Ever Bounced,False,0.7,High
PR00848349,45.0,2,69870,1053966,ME,Ever Bounce,True,0,0,0.0,0.0,0.0,,Ever Bounced,False,0.7,High
PR00848402,45.0,2,59823,884326,ME,Ever Bounce,True,0,0,0.0,0.0,0.0,,Ever Bounced,False,0.7,High
PR01042008,45.0,2,10071,171365,ME,Ever Bounce,True,0,0,0.0,0.0,0.0,,Ever Bounced,False,0.7,High
PR00848852,45.0,2,47670,329207,ME,Ever Bounce,True,0,0,0.0,0.0,0.0,,Ever Bounced,False,0.7,High
PR00900830,45.0,2,39951,932290,ME,Ever Bounce,False,1,0,0.0,1.0,13317.0,2026-09-11 18:21:11,Ever Bounced,False,0.7,High
PR00851445,45.0,2,42915,294318,SBL,Ever Bounce,True,0,0,0.0,0.0,0.0,,Ever Bounced,False,0.7,High
PR00851996,45.0,2,38574,264568,SBL,Ever Bounce,True,0,0,0.0,0.0,0.0,,Ever Bounced,False,0.7,High
PR00857885,45.0,2,53628,384500,ME,Ever Bounce,True,0,0,0.0,0.0,0.0,,Ever Bounced,False,0.7,High
PR00861335,15.0,1,54620,1846188,ME,Ever Bounce,True,0,0,0.0,0.0,0.0,,Ever Bounced,False,0.7,High
PR01089713,45.0,2,22902,460870,ME,Ever Bounce,True,0,0,0.0,0.0,0.0,,Ever Bounced,False,0.7,High
PR00861343,45.0,2,67611,1495471,ME,Ever Bounce,True,0,0,0.0,0.0,0.0,,Ever Bounced,False,0.7,High
PR00974767,45.0,2,2274,48372,ME,Ever Bounce,True,0,0,0.0,0.0,0.0,,Ever Bounced,False,0.7,High
PR00862752,45.0,2,32367,48927,Co-Lending,Ever Bounce,True,0,0,0.0,0.0,0.0,,Ever Bounced,False,0.7,High
PR00880586,45.0,2,24762,502441,Co-Lending,Ever Bounce,True,0,0,0.0,0.0,0.0,,Ever Bounced,False,0.7,High
PR00863252,45.0,2,46185,1023329,ME,Ever Bounce,True,0,0,0.0,0.0,0.0,,Ever Bounced,False,0.7,High
PR00877910,45.0,2,31659,703935,ME,Ever Bounce,True,0,0,0.0,0.0,0.0,,Ever Bounced,False,0.7,High
PR01122896,45.0,2,44310,988079,ME,Ever Bounce,True,0,0,0.0,0.0,0.0,,Ever Bounced,False,0.7,High
PR00863255,45.0,2,82557,1897724,ME,Ever Bounce,True,0,0,0.0,0.0,0.0,,Ever Bounced,False,0.7,High
PR00863260,45.0,2,61308,436277,SBL,Ever Bounce,True,0,0,0.0,0.0,0.0,,Ever Bounced,False,0.7,High
PR00863859,45.0,2,66150,950040,SBL,Ever Bounce,True,0,0,0.0,0.0,0.0,,Ever Bounced,False,0.7,High
PR00864133,45.0,2,48543,1001239,ME,Ever Bounce,True,0,0,0.0,0.0,0.0,,Ever Bounced,False,0.7,High
PR00864308,45.0,2,59586,427222,ME,Ever Bounce,True,0,0,0.0,0.0,0.0,,Ever Bounced,False,0.7,High
PR01141904,45.0,2,55986,1383783,Co-Lending,Ever Bounce,True,0,0,0.0,0.0,0.0,,Ever Bounced,False,0.7,High
PR00871264,15.0,1,30654,328808,SBL,Ever Bounce,True,0,0,0.0,0.0,0.0,,Ever Bounced,False,0.7,High
PR01022018,45.0,2,20022,147196,ME,Ever Bounce,True,0,0,0.0,0.0,0.0,,Ever Bounced,False,0.7,High
PR00875081,45.0,2,43809,876289,ME,Ever Bounce,True,0,0,0.0,0.0,0.0,,Ever Bounced,False,0.7,High
PR00875943,45.0,2,39849,293725,ME,Ever Bounce,True,0,0,0.0,0.0,0.0,,Ever Bounced,False,0.7,High
PR00875987,45.0,2,61449,1391620,ME,Ever Bounce,True,0,0,0.0,0.0,0.0,,Ever Bounced,False,0.7,High
PR01523950,45.0,2,16416,162283,ME,Ever Bounce,True,0,0,0.0,0.0,0.0,,Ever Bounced,False,0.7,High
PR01208070,45.0,2,139740,2504743,ME,Ever Bounce,True,0,0,0.0,0.0,0.0,,Ever Bounced,False,0.7,High
PR00876038,45.0,2,39105,567617,ME,Ever Bounce,True,0,0,0.0,0.0,0.0,,Ever Bounced,False,0.7,High
PR01042757,45.0,2,24483,358590,ME,Ever Bounce,True,0,0,0.0,0.0,0.0,,Ever Bounced,False,0.7,High
PR00876048,15.0,1,27992,932462,ME,Ever Bounce,True,0,0,0.0,0.0,0.0,,Ever Bounced,False,0.7,High
PR01910608,45.0,2,24231,543756,ME,Ever Bounce,True,0,0,0.0,0.0,0.0,,Ever Bounced,False,0.7,High
PR00876222,45.0,2,83895,1935930,ME,Ever Bounce,True,0,0,0.0,0.0,0.0,,Ever Bounced,False,0.7,High
PR01023990,45.0,2,24485,564413,ME,Ever Bounce,True,0,0,0.0,0.0,0.0,,Ever Bounced,False,0.7,High
PR00876271,45.0,2,87120,1317502,ME,Ever Bounce,True,0,0,0.0,0.0,0.0,,Ever Bounced,False,0.7,High
PR00876288,45.0,2,35331,534350,ME,Ever Bounce,False,1,0,0.0,1.0,11777.0,2026-09-10 11:27:27,Ever Bounced,False,0.7,High
PR01024725,0.0,0,4887,220193,ME,Ever Bounce,True,0,0,0.0,0.0,0.0,,Ever Bounced,False,0.7,High
PR00876493,45.0,2,91167,677303,ME,Ever Bounce,True,0,0,0.0,0.0,0.0,,Ever Bounced,False,0.7,High
PR01281052,45.0,2,20454,347639,SBL,Ever Bounce,True,0,0,0.0,0.0,0.0,,Ever Bounced,False,0.7,High
PR00877403,45.0,2,51237,791248,ME,Ever Bounce,True,0,0,0.0,0.0,0.0,,Ever Bounced,False,0.7,High
PR00877797,45.0,2,51588,380327,SBL,Ever Bounce,True,0,0,0.0,0.0,0.0,,Ever Bounced,False,0.7,High
PR01279773,45.0,2,33255,237237,SBL,Ever Bounce,True,0,0,0.0,0.0,0.0,,Ever Bounced,False,0.7,High
PR00877800,45.0,2,82140,1895318,ME,Ever Bounce,True,0,0,0.0,0.0,0.0,,Ever Bounced,False,0.7,High
PR00877809,45.0,2,36741,279364,Co-Lending,Ever Bounce,False,1,0,0.0,1.0,12261.0,2026-09-16 09:33:31,Ever Bounced,False,0.7,High
PR01927605,45.0,2,48498,1122392,Co-Lending,Ever Bounce,True,0,0,0.0,0.0,0.0,,Ever Bounced,False,0.7,High
PR00878510,45.0,2,44466,988743,ME,Ever Bounce,True,0,0,0.0,0.0,0.0,,Ever Bounced,False,0.7,High
PR00905888,75.0,3,59344,1004312,ME,Ever Bounce,True,0,0,0.0,0.0,0.0,,Ever Bounced,False,0.714,High
PR00937000,75.0,3,38628,658091,ME,Ever Bounce,True,0,0,0.0,0.0,0.0,,Ever Bounced,False,0.709,High
PR00909355,45.0,2,67179,1514606,ME,Ever Bounce,True,0,0,0.0,0.0,0.0,,Ever Bounced,False,0.7,High
PR00887296,75.0,3,51872,731712,ME,Ever Bounce,True,0,0,0.0,0.0,0.0,,Ever Bounced,False,0.712,High
PR00887297,45.0,2,36522,546832,ME,Ever Bounce,True,0,0,0.0,0.0,0.0,,Ever Bounced,False,0.7,High
PR00910925,45.0,2,49144,1129396,ME,Ever Bounce,True,0,0,0.0,0.0,0.0,,Ever Bounced,False,0.7,High
PR00887340,45.0,2,36783,280426,ME,Ever Bounce,True,0,0,0.0,0.0,0.0,,Ever Bounced,False,0.7,High
PR00887999,45.0,2,73569,560748,SBL,Ever Bounce,True,0,0,0.0,0.0,0.0,,Ever Bounced,False,0.7,High
PR00990500,45.0,2,47643,474601,ME,Ever Bounce,True,0,0,0.0,0.0,0.0,,Ever Bounced,False,0.7,High
PR01126663,45.0,2,48399,832557,ME,Ever Bounce,True,0,0,0.0,0.0,0.0,,Ever Bounced,False,0.7,High
PR00888048,45.0,2,38625,294349,SBL,Ever Bounce,True,0,0,0.0,0.0,0.0,,Ever Bounced,False,0.7,High
PR01093831,45.0,2,43233,978449,ME,Ever Bounce,True,0,0,0.0,0.0,0.0,,Ever Bounced,False,0.7,High
PR00888640,45.0,2,59580,457982,ME,Ever Bounce,True,0,0,0.0,0.0,0.0,,Ever Bounced,False,0.7,High
PR00888650,45.0,2,53256,1210515,ME,Ever Bounce,True,0,0,0.0,0.0,0.0,,Ever Bounced,False,0.7,High
PR00888697,45.0,2,102834,1840306,ME,Ever Bounce,True,0,0,0.0,0.0,0.0,,Ever Bounced,False,0.7,High
PR01674528,45.0,2,60024,1269653,SBL,Ever Bounce,True,0,0,0.0,0.0,0.0,,Ever Bounced,False,0.7,High
PR00890617,45.0,2,73212,1155943,ME,Ever Bounce,True,0,0,0.0,0.0,0.0,,Ever Bounced,False,0.7,High
PR00894079,45.0,2,25170,585170,ME,Ever Bounce,True,0,0,0.0,0.0,0.0,,Ever Bounced,False,0.7,High
PR00894092,45.0,2,39000,577842,SBL,Ever Bounce,True,0,0,0.0,0.0,0.0,,Ever Bounced,False,0.7,High
PR00924460,45.0,2,37263,607375,ME,Ever Bounce,True,0,0,0.0,0.0,0.0,,Ever Bounced,False,0.7,High
PR00901169,45.0,2,32832,266414,SBL,Ever Bounce,True,0,0,0.0,0.0,0.0,,Ever Bounced,False,0.7,High
PR01058488,0.0,0,5450,167119,ME,Ever Bounce,True,0,0,0.0,0.0,0.0,,Ever Bounced,False,0.7,High
PR00904976,45.0,2,41988,946592,ME,Ever Bounce,True,0,0,0.0,0.0,0.0,,Ever Bounced,False,0.7,High
PR00908143,45.0,2,46632,378798,ME,Ever Bounce,True,0,0,0.0,0.0,0.0,,Ever Bounced,False,0.7,High
PR00910299,45.0,2,33720,281656,SBL,Ever Bounce,True,0,0,0.0,0.0,0.0,,Ever Bounced,False,0.7,High
PR01039460,45.0,2,24669,258770,ME,Ever Bounce,True,0,0,0.0,0.0,0.0,,Ever Bounced,False,0.7,High
PR00910341,45.0,2,30654,256068,SBL,Ever Bounce,False,1,0,0.0,1.0,10218.0,2026-09-15 14:53:57,Ever Bounced,False,0.7,High
PR00910950,45.0,2,57864,89099,Micro Loan,Ever Bounce,True,0,0,0.0,0.0,0.0,,Ever Bounced,False,0.7,High
PR00911491,45.0,2,73569,614600,SBL,Ever Bounce,True,0,0,0.0,0.0,0.0,,Ever Bounced,False,0.7,High
PR00911669,45.0,2,43145,1010418,ME,Ever Bounce,True,0,0,0.0,0.0,0.0,,Ever Bounced,False,0.7,High
PR00929743,45.0,2,20775,489979,ME,Ever Bounce,True,0,0,0.0,0.0,0.0,,Ever Bounced,False,0.7,High
PR01076758,45.0,2,65988,1620251,Co-Lending,Ever Bounce,True,0,0,0.0,0.0,0.0,,Ever Bounced,False,0.7,High
PR01093401,45.0,2,33894,815180,Co-Lending,Ever Bounce,True,0,0,0.0,0.0,0.0,,Ever Bounced,False,0.7,High
PR00912578,45.0,2,62286,1458614,ME,Ever Bounce,True,0,0,0.0,0.0,0.0,,Ever Bounced,False,0.7,High
PR00912968,45.0,2,42717,659383,ME,Ever Bounce,True,0,0,0.0,0.0,0.0,,Ever Bounced,False,0.7,High
PR01094281,45.0,2,29046,479361,ME,Ever Bounce,True,0,0,0.0,0.0,0.0,,Ever Bounced,False,0.7,High
PR00918174,45.0,2,62982,1424645,ME,Ever Bounce,True,0,0,0.0,0.0,0.0,,Ever Bounced,False,0.7,High
PR01104843,45.0,2,25935,574530,ME,Ever Bounce,True,0,0,0.0,0.0,0.0,,Ever Bounced,False,0.7,High
PR00919227,45.0,2,41712,636153,SBL,Ever Bounce,True,0,0,0.0,0.0,0.0,,Ever Bounced,False,0.7,High
PR00919245,45.0,2,31190,477112,SBL,Ever Bounce,False,1,0,0.0,1.0,10428.0,2026-09-04 10:05:16,Ever Bounced,False,0.7,High
PR00920576,45.0,2,17568,143880,Micro Loan,Ever Bounce,False,1,0,0.0,1.0,5856.0,2026-09-09 09:10:10,Ever Bounced,False,0.7,High
PR00936859,45.0,2,18975,159272,ME,Ever Bounce,False,1,0,0.0,1.0,6325.0,2026-09-09 09:08:31,Ever Bounced,False,0.7,High
PR00921548,45.0,2,43914,82448,Micro Loan,Ever Bounce,True,0,0,0.0,0.0,0.0,,Ever Bounced,False,0.7,High
PR00922215,45.0,2,51236,835152,SBL,Ever Bounce,True,0,0,0.0,0.0,0.0,,Ever Bounced,False,0.7,High
PR00922351,45.0,2,52140,795187,ME,Ever Bounce,True,0,0,0.0,0.0,0.0,,Ever Bounced,False,0.7,High
PR00923219,45.0,2,42921,80532,Micro Loan,Ever Bounce,True,0,0,0.0,0.0,0.0,,Ever Bounced,False,0.7,High
PR00923312,45.0,2,21642,175537,Micro Loan,Ever Bounce,True,0,0,0.0,0.0,0.0,,Ever Bounced,False,0.7,High
PR00923365,45.0,2,58929,1384968,ME,Ever Bounce,True,0,0,0.0,0.0,0.0,,Ever Bounced,False,0.7,High
PR00923389,45.0,2,74364,645266,SBL,Ever Bounce,True,0,0,0.0,0.0,0.0,,Ever Bounced,False,0.7,High
PR00923413,45.0,2,52086,1178213,ME,Ever Bounce,True,0,0,0.0,0.0,0.0,,Ever Bounced,False,0.7,High
PR00923416,45.0,2,83976,1899524,ME,Ever Bounce,True,0,0,0.0,0.0,0.0,,Ever Bounced,False,0.7,High
PR01093483,45.0,2,90456,1492833,SBL,Ever Bounce,True,0,0,0.0,0.0,0.0,,Ever Bounced,False,0.7,High
PR00923625,45.0,2,27333,618334,ME,Ever Bounce,True,0,0,0.0,0.0,0.0,,Ever Bounced,False,0.7,High
PR00923986,45.0,2,46653,711562,SBL,Ever Bounce,True,0,0,0.0,0.0,0.0,,Ever Bounced,False,0.7,High
PR00924120,45.0,2,88848,1385023,ME,Ever Bounce,True,0,0,0.0,0.0,0.0,,Ever Bounced,False,0.7,High
PR00924128,45.0,2,57492,896124,SBL,Ever Bounce,True,0,0,0.0,0.0,0.0,,Ever Bounced,False,0.7,High
PR01125065,45.0,2,36585,612877,ME,Ever Bounce,True,0,0,0.0,0.0,0.0,,Ever Bounced,False,0.7,High
PR00924458,45.0,2,49047,421327,SBL,Ever Bounce,True,0,0,0.0,0.0,0.0,,Ever Bounced,False,0.7,High
PR00924516,45.0,2,83960,1899484,ME,Ever Bounce,True,0,0,0.0,0.0,0.0,,Ever Bounced,False,0.7,High
PR00932852,45.0,2,75579,1715186,ME,Ever Bounce,True,0,0,0.0,0.0,0.0,,Ever Bounced,False,0.7,High
PR00933786,45.0,2,35139,294966,Micro Loan,Ever Bounce,True,0,0,0.0,0.0,0.0,,Ever Bounced,False,0.7,High
PR00933809,45.0,2,65340,1051626,ME,Ever Bounce,True,0,0,0.0,0.0,0.0,,Ever Bounced,False,0.7,High
PR00933860,45.0,2,47037,740234,SBL,Ever Bounce,True,0,0,0.0,0.0,0.0,,Ever Bounced,False,0.7,High
PR00934067,45.0,2,44136,389530,SBL,Ever Bounce,True,0,0,0.0,0.0,0.0,,Ever Bounced,False,0.7,High
PR01300897,45.0,2,272646,6462680,Co-Lending,Ever Bounce,True,0,0,0.0,0.0,0.0,,Ever Bounced,False,0.7,High
PR00934258,45.0,2,45590,399334,SBL,Ever Bounce,True,0,0,0.0,0.0,0.0,,Ever Bounced,False,0.7,High
PR00934816,45.0,2,28920,435497,SBL,Ever Bounce,True,0,0,0.0,0.0,0.0,,Ever Bounced,False,0.7,High
PR00935222,45.0,2,82308,1941124,ME,Ever Bounce,True,0,0,0.0,0.0,0.0,,Ever Bounced,False,0.7,High
PR00935341,45.0,2,38420,259863,SBL,Ever Bounce,True,0,0,0.0,0.0,0.0,,Ever Bounced,False,0.7,High
PR00958136,15.0,1,13488,183977,SBL,Ever Bounce,True,0,0,0.0,0.0,0.0,,Ever Bounced,False,0.7,High
PR00935562,45.0,2,57351,1326629,ME,Ever Bounce,True,0,0,0.0,0.0,0.0,,Ever Bounced,False,0.7,High
PR01300699,45.0,2,26451,591812,ME,Ever Bounce,True,0,0,0.0,0.0,0.0,,Ever Bounced,False,0.7,High
PR00935846,45.0,2,49192,412965,Micro Loan,Ever Bounce,True,0,0,0.0,0.0,0.0,,Ever Bounced,False,0.7,High
PR00936097,45.0,2,55176,486952,ME,Ever Bounce,True,0,0,0.0,0.0,0.0,,Ever Bounced,False,0.7,High
PR00936418,45.0,2,48942,1154206,ME,Ever Bounce,True,0,0,0.0,0.0,0.0,,Ever Bounced,False,0.7,High
PR00960688,45.0,2,34326,525885,Micro Loan,Ever Bounce,True,0,0,0.0,0.0,0.0,,Ever Bounced,False,0.7,High
PR00936855,45.0,2,36570,799390,ME,Ever Bounce,True,0,0,0.0,0.0,0.0,,Ever Bounced,False,0.7,High
PR00948382,45.0,2,16302,357446,ME,Ever Bounce,True,0,0,0.0,0.0,0.0,,Ever Bounced,False,0.7,High
PR00945334,45.0,2,61308,555196,SBL,Ever Bounce,True,0,0,0.0,0.0,0.0,,Ever Bounced,False,0.7,High
PR00945782,45.0,2,40986,367240,SBL,Ever Bounce,True,0,0,0.0,0.0,0.0,,Ever Bounced,False,0.7,High
PR00946099,45.0,2,43407,605192,Micro Loan,Ever Bounce,False,1,0,0.0,1.0,14469.0,2026-09-16 16:46:50,Ever Bounced,False,0.7,High
PR00947105,45.0,2,49212,688242,SBL,Ever Bounce,False,1,0,0.0,1.0,16404.0,2026-09-15 11:22:53,Ever Bounced,False,0.7,High
PR00952939,45.0,2,46581,781973,ME,Ever Bounce,True,0,0,0.0,0.0,0.0,,Ever Bounced,False,0.7,High
PR00947755,45.0,2,39678,337731,Micro Loan,Ever Bounce,True,0,0,0.0,0.0,0.0,,Ever Bounced,False,0.7,High
PR00948033,45.0,2,45012,799800,ME,Ever Bounce,True,0,0,0.0,0.0,0.0,,Ever Bounced,False,0.7,High
PR00975173,0.0,0,5398,385057,ME,Ever Bounce,True,0,0,0.0,0.0,0.0,,Ever Bounced,False,0.7,High
PR01140623,45.0,2,25688,425003,ME,Ever Bounce,False,1,0,0.0,1.0,6422.0,2026-09-15 16:57:52,Ever Bounced,False,0.7,High
PR01372053,45.0,2,18894,426648,ME,Ever Bounce,True,0,0,0.0,0.0,0.0,,Ever Bounced,False,0.7,High
PR00948050,45.0,2,41301,954142,Co-Lending,Ever Bounce,True,0,0,0.0,0.0,0.0,,Ever Bounced,False,0.7,High
PR00977282,45.0,2,24792,576238,Co-Lending,Ever Bounce,True,0,0,0.0,0.0,0.0,,Ever Bounced,False,0.7,High
PR00948068,45.0,2,49047,444124,SBL,Ever Bounce,True,0,0,0.0,0.0,0.0,,Ever Bounced,False,0.7,High
PR00948190,45.0,2,62646,994990,SBL,Ever Bounce,True,0,0,0.0,0.0,0.0,,Ever Bounced,False,0.7,High
PR00948338,45.0,2,38652,332378,Micro Loan,Ever Bounce,True,0,0,0.0,0.0,0.0,,Ever Bounced,False,0.7,High
PR00948367,45.0,2,37023,318362,Micro Loan,Ever Bounce,True,0,0,0.0,0.0,0.0,,Ever Bounced,False,0.7,High
PR00948401,45.0,2,37167,570804,SBL,Ever Bounce,True,0,0,0.0,0.0,0.0,,Ever Bounced,False,0.7,High
PR01093708,45.0,2,57141,1294756,ME,Ever Bounce,True,0,0,0.0,0.0,0.0,,Ever Bounced,False,0.7,High
PR00948544,45.0,2,35139,302130,Micro Loan,Ever Bounce,True,0,0,0.0,0.0,0.0,,Ever Bounced,False,0.7,High
PR01143870,45.0,2,107871,2554780,Co-Lending,Ever Bounce,True,0,0,0.0,0.0,0.0,,Ever Bounced,False,0.7,High
PR00948880,45.0,2,66618,584627,SBL,Ever Bounce,True,0,0,0.0,0.0,0.0,,Ever Bounced,False,0.7,High
PR00949045,45.0,2,34431,783875,ME,Ever Bounce,True,0,0,0.0,0.0,0.0,,Ever Bounced,False,0.7,High
PR00959887,45.0,2,36948,844010,ME,Ever Bounce,True,0,0,0.0,0.0,0.0,,Ever Bounced,False,0.7,High
PR00949467,45.0,2,50385,1147156,ME,Ever Bounce,True,0,0,0.0,0.0,0.0,,Ever Bounced,False,0.7,High
PR01226114,45.0,2,55278,921684,SBL,Ever Bounce,False,1,0,0.0,1.0,18426.0,2026-09-16 16:43:13,Ever Bounced,False,0.7,High
PR00949496,45.0,2,20175,511551,Home Loan,Ever Bounce,False,1,0,0.0,1.0,6725.0,2026-09-08 13:32:03,Ever Bounced,False,0.7,High
PR01002005,45.0,2,11478,284139,ME,Ever Bounce,False,1,0,0.0,1.0,3830.0,2026-09-09 13:37:29,Ever Bounced,False,0.7,High
PR00949513,45.0,2,34959,827289,ME,Ever Bounce,True,0,0,0.0,0.0,0.0,,Ever Bounced,False,0.7,High
PR00949990,45.0,2,62980,1433903,ME,Ever Bounce,True,0,0,0.0,0.0,0.0,,Ever Bounced,False,0.7,High
PR00949994,45.0,2,48498,425633,Micro Loan,Ever Bounce,True,0,0,0.0,0.0,0.0,,Ever Bounced,False,0.7,High
PR00950007,45.0,2,31615,271882,Micro Loan,Ever Bounce,True,0,0,0.0,0.0,0.0,,Ever Bounced,False,0.7,High
PR00952783,45.0,2,78708,793377,Co-Lending,Ever Bounce,True,0,0,0.0,0.0,0.0,,Ever Bounced,False,0.7,High
PR00959329,45.0,2,50619,1201983,ME,Ever Bounce,True,0,0,0.0,0.0,0.0,,Ever Bounced,False,0.7,High
PR00959693,45.0,2,20856,326767,SBL,Ever Bounce,True,0,0,0.0,0.0,0.0,,Ever Bounced,False,0.7,High
PR00959786,45.0,2,36498,571843,SBL,Ever Bounce,True,0,0,0.0,0.0,0.0,,Ever Bounced,False,0.7,High
PR01172791,45.0,2,72600,1246945,ME,Ever Bounce,True,0,0,0.0,0.0,0.0,,Ever Bounced,False,0.7,High
PR01183268,15.0,1,8066,208012,ME,Ever Bounce,True,0,0,0.0,0.0,0.0,,Ever Bounced,False,0.7,High
PR00959959,45.0,2,66837,1071350,ME,Ever Bounce,False,1,0,0.0,1.0,22279.0,2026-09-09 20:21:51,Ever Bounced,False,0.7,High
PR00973255,15.0,1,53002,1277938,ME,Ever Bounce,True,0,0,0.0,0.0,0.0,,Ever Bounced,False,0.7,High
PR00959969,45.0,2,95022,1595439,SBL,Ever Bounce,True,0,0,0.0,0.0,0.0,,Ever Bounced,False,0.7,High
PR00960042,45.0,2,85431,1369350,ME,Ever Bounce,True,0,0,0.0,0.0,0.0,,Ever Bounced,False,0.7,High
PR00960550,45.0,2,77898,1886807,ME,Ever Bounce,True,0,0,0.0,0.0,0.0,,Ever Bounced,False,0.7,High
PR00960698,45.0,2,54745,857750,SBL,Ever Bounce,True,0,0,0.0,0.0,0.0,,Ever Bounced,False,0.7,High
PR00960756,45.0,2,74181,478649,ME,Ever Bounce,True,0,0,0.0,0.0,0.0,,Ever Bounced,False,0.7,High
PR00961394,45.0,2,45546,1081495,ME,Ever Bounce,True,0,0,0.0,0.0,0.0,,Ever Bounced,False,0.7,High
PR00961464,45.0,2,26769,635613,ME,Ever Bounce,True,0,0,0.0,0.0,0.0,,Ever Bounced,False,0.7,High
PR00961733,45.0,2,31712,653543,SBL,Ever Bounce,True,0,0,0.0,0.0,0.0,,Ever Bounced,False,0.7,High
PR00961787,45.0,2,73911,1755050,ME,Ever Bounce,True,0,0,0.0,0.0,0.0,,Ever Bounced,False,0.7,High
PR00962056,45.0,2,54585,1246670,SBL,Ever Bounce,True,0,0,0.0,0.0,0.0,,Ever Bounced,False,0.7,High
PR00962066,45.0,2,61308,569099,SBL,Ever Bounce,True,0,0,0.0,0.0,0.0,,Ever Bounced,False,0.7,High
PR00962183,45.0,2,73569,682932,SBL,Ever Bounce,False,1,0,0.0,1.0,24523.0,2026-09-08 09:08:39,Ever Bounced,False,0.7,High
PR00963425,15.0,1,44822,1609260,Co-Lending,Ever Bounce,True,0,0,0.0,0.0,0.0,,Ever Bounced,False,0.7,High
PR00988339,45.0,2,38979,908408,Co-Lending,Ever Bounce,False,1,0,0.0,1.0,12993.0,2026-09-15 14:36:13,Ever Bounced,False,0.7,High
PR00967599,45.0,2,49047,466270,SBL,Ever Bounce,True,0,0,0.0,0.0,0.0,,Ever Bounced,False,0.7,High
PR00973322,45.0,2,55176,524608,SBL,Ever Bounce,True,0,0,0.0,0.0,0.0,,Ever Bounced,False,0.7,High
PR00973789,45.0,2,68919,1641921,ME,Ever Bounce,True,0,0,0.0,0.0,0.0,,Ever Bounced,False,0.7,High
PR00973994,45.0,2,20103,325044,ME,Ever Bounce,True,0,0,0.0,0.0,0.0,,Ever Bounced,False,0.7,High
PR01007707,45.0,2,25128,412827,ME,Ever Bounce,True,0,0,0.0,0.0,0.0,,Ever Bounced,False,0.7,High
PR00974585,45.0,2,49200,1172195,ME,Ever Bounce,True,0,0,0.0,0.0,0.0,,Ever Bounced,False,0.7,High
PR00998586,45.0,2,32769,785032,ME,Ever Bounce,True,0,0,0.0,0.0,0.0,,Ever Bounced,False,0.7,High
PR00974690,45.0,2,75579,1731605,ME,Ever Bounce,True,0,0,0.0,0.0,0.0,,Ever Bounced,False,0.7,High
PR00974795,45.0,2,59460,918585,SBL,Ever Bounce,True,0,0,0.0,0.0,0.0,,Ever Bounced,False,0.7,High
PR00975109,45.0,2,42717,690736,SBL,Ever Bounce,True,0,0,0.0,0.0,0.0,,Ever Bounced,False,0.7,High
PR00975203,45.0,2,47905,1142233,ME,Ever Bounce,True,0,0,0.0,0.0,0.0,,Ever Bounced,False,0.7,High
PR00975255,45.0,2,29964,713938,ME,Ever Bounce,True,0,0,0.0,0.0,0.0,,Ever Bounced,False,0.7,High
PR01004981,45.0,2,15183,363699,ME,Ever Bounce,True,0,0,0.0,0.0,0.0,,Ever Bounced,False,0.7,High
PR01224936,45.0,2,11145,225360,ME,Ever Bounce,True,0,0,0.0,0.0,0.0,,Ever Bounced,False,0.7,High
PR01594079,45.0,2,16365,26274,ME,Ever Bounce,True,0,0,0.0,0.0,0.0,,Ever Bounced,False,0.7,High
PR01005537,45.0,2,75381,1238567,SBL,Ever Bounce,True,0,0,0.0,0.0,0.0,,Ever Bounced,False,0.7,High
PR00975336,45.0,2,55932,1332701,ME,Ever Bounce,True,0,0,0.0,0.0,0.0,,Ever Bounced,False,0.7,High
PR00975338,45.0,2,41427,129641,Micro Loan,Ever Bounce,True,0,0,0.0,0.0,0.0,,Ever Bounced,False,0.7,High
PR00975351,45.0,2,37188,886445,ME,Ever Bounce,True,0,0,0.0,0.0,0.0,,Ever Bounced,False,0.7,High
PR01010219,45.0,2,18744,449067,ME,Ever Bounce,True,0,0,0.0,0.0,0.0,,Ever Bounced,False,0.7,High
PR00975369,45.0,2,20073,317261,SBL,Ever Bounce,True,0,0,0.0,0.0,0.0,,Ever Bounced,False,0.7,High
PR00975447,45.0,2,43345,614138,Micro Loan,Ever Bounce,True,0,0,0.0,0.0,0.0,,Ever Bounced,False,0.7,High
PR00975896,45.0,2,36294,330044,Micro Loan,Ever Bounce,False,1,0,0.0,1.0,12098.0,2026-09-14 12:41:03,Ever Bounced,False,0.7,High
PR00975920,45.0,2,41589,990951,ME,Ever Bounce,True,0,0,0.0,0.0,0.0,,Ever Bounced,False,0.7,High
PR00991093,45.0,2,21135,505197,ME,Ever Bounce,True,0,0,0.0,0.0,0.0,,Ever Bounced,False,0.7,High
PR00975971,45.0,2,41691,845566,SBL,Ever Bounce,False,1,0,0.0,1.0,13897.0,2026-09-16 18:00:05,Ever Bounced,False,0.7,High
PR01023312,45.0,2,18669,384804,SBL,Ever Bounce,True,0,0,0.0,0.0,0.0,,Ever Bounced,False,0.7,High
PR00976011,45.0,2,94476,1493072,SBL,Ever Bounce,True,0,0,0.0,0.0,0.0,,Ever Bounced,False,0.7,High
PR00976072,45.0,2,83976,1923978,ME,Ever Bounce,True,0,0,0.0,0.0,0.0,,Ever Bounced,False,0.7,High
PR01769704,45.0,2,21411,252510,ME,Ever Bounce,True,0,0,0.0,0.0,0.0,,Ever Bounced,False,0.7,High
PR01226281,45.0,2,77898,1825467,Co-Lending,Ever Bounce,True,0,0,0.0,0.0,0.0,,Ever Bounced,False,0.7,High
PR00987865,45.0,2,44223,721417,ME,Ever Bounce,True,0,0,0.0,0.0,0.0,,Ever Bounced,False,0.7,High
PR01023633,45.0,2,38946,645292,ME,Ever Bounce,False,1,0,0.0,1.0,12982.0,2026-09-12 19:35:43,Ever Bounced,False,0.7,High
PR00988163,45.0,2,53241,889248,SBL,Ever Bounce,True,0,0,0.0,0.0,0.0,,Ever Bounced,False,0.7,High
PR00989105,45.0,2,67809,667524,SBL,Ever Bounce,True,0,0,0.0,0.0,0.0,,Ever Bounced,False,0.7,High
PR00989659,45.0,2,75695,737219,SBL,Ever Bounce,False,1,0,0.0,1.0,25300.0,2026-09-04 10:02:42,Ever Bounced,False,0.7,High
PR00989839,45.0,2,45981,447344,SBL,Ever Bounce,True,0,0,0.0,0.0,0.0,,Ever Bounced,False,0.7,High
PR00989958,45.0,2,45981,447344,SBL,Ever Bounce,True,0,0,0.0,0.0,0.0,,Ever Bounced,False,0.7,High
PR00990205,45.0,2,34104,485987,Micro Loan,Ever Bounce,True,0,0,0.0,0.0,0.0,,Ever Bounced,False,0.7,High
PR00990274,45.0,2,30441,699608,ME,Ever Bounce,True,0,0,0.0,0.0,0.0,,Ever Bounced,False,0.7,High
PR00990428,45.0,2,82920,1352615,SBL,Ever Bounce,True,0,0,0.0,0.0,0.0,,Ever Bounced,False,0.7,High
PR00990431,45.0,2,31761,518093,SBL,Ever Bounce,True,0,0,0.0,0.0,0.0,,Ever Bounced,False,0.7,High
PR01007654,45.0,2,15429,253465,ME,Ever Bounce,True,0,0,0.0,0.0,0.0,,Ever Bounced,False,0.7,High
PR00990469,45.0,2,49047,477153,SBL,Ever Bounce,True,0,0,0.0,0.0,0.0,,Ever Bounced,False,0.7,High
PR00990504,45.0,2,54015,860888,SBL,Ever Bounce,True,0,0,0.0,0.0,0.0,,Ever Bounced,False,0.7,High
PR00991051,45.0,2,47541,707786,Micro Loan,Ever Bounce,True,0,0,0.0,0.0,0.0,,Ever Bounced,False,0.7,High
PR00991544,45.0,2,49941,1193785,ME,Ever Bounce,True,0,0,0.0,0.0,0.0,,Ever Bounced,False,0.7,High
PR01043317,90.0,3  Above,26688,643450,ME,Ever Bounce,True,0,0,0.0,0.0,0.0,,Ever Bounced,False,0.75,High
PR01156098,45.0,2,138816,3269470,Co-Lending,Ever Bounce,True,0,0,0.0,0.0,0.0,,Ever Bounced,False,0.7,High
PR00992067,45.0,2,49047,477153,SBL,Ever Bounce,True,0,0,0.0,0.0,0.0,,Ever Bounced,False,0.7,High
PR00992199,45.0,2,44142,429447,SBL,Ever Bounce,True,0,0,0.0,0.0,0.0,,Ever Bounced,False,0.7,High
PR00992232,45.0,2,62245,1016344,SBL,Ever Bounce,True,0,0,0.0,0.0,0.0,,Ever Bounced,False,0.7,High
PR00992731,45.0,2,59175,1428690,ME,Ever Bounce,False,1,0,0.0,1.0,19725.0,2026-09-15 09:33:55,Ever Bounced,False,0.7,High
PR01019645,45.0,2,19725,478857,ME,Ever Bounce,False,1,0,0.0,1.0,6575.0,2026-09-15 15:21:39,Ever Bounced,False,0.7,High
PR00992974,45.0,2,61304,596462,SBL,Ever Bounce,True,0,0,0.0,0.0,0.0,,Ever Bounced,False,0.7,High
PR00993001,45.0,2,43782,697688,SBL,Ever Bounce,True,0,0,0.0,0.0,0.0,,Ever Bounced,False,0.7,High
PR00993031,45.0,2,70125,1676254,ME,Ever Bounce,True,0,0,0.0,0.0,0.0,,Ever Bounced,False,0.7,High
PR00993141,45.0,2,53916,1289205,ME,Ever Bounce,False,1,0,0.0,1.0,18000.0,2026-09-07 08:37:56,Ever Bounced,False,0.7,High
PR00994994,45.0,2,70641,1854487,Co-Lending,Ever Bounce,True,0,0,0.0,0.0,0.0,,Ever Bounced,False,0.7,High
PR01025383,45.0,2,40368,1062480,Co-Lending,Ever Bounce,True,0,0,0.0,0.0,0.0,,Ever Bounced,False,0.7,High
PR01190472,15.0,1,16492,513464,Co-Lending,Ever Bounce,True,0,0,0.0,0.0,0.0,,Ever Bounced,False,0.7,High
PR01005196,45.0,2,77040,1265766,ME,Ever Bounce,True,0,0,0.0,0.0,0.0,,Ever Bounced,False,0.7,High
PR01005410,45.0,2,62922,1058866,SBL,Ever Bounce,True,0,0,0.0,0.0,0.0,,Ever Bounced,False,0.7,High
PR01204875,45.0,2,25128,425601,ME,Ever Bounce,True,0,0,0.0,0.0,0.0,,Ever Bounced,False,0.7,High
PR01005415,45.0,2,39873,687482,ME,Ever Bounce,True,0,0,0.0,0.0,0.0,,Ever Bounced,False,0.7,High
PR01041789,45.0,2,27726,668522,ME,Ever Bounce,True,0,0,0.0,0.0,0.0,,Ever Bounced,False,0.7,High
PR01005424,45.0,2,44319,711172,SBL,Ever Bounce,True,0,0,0.0,0.0,0.0,,Ever Bounced,False,0.7,High
PR01005709,45.0,2,35156,842306,ME,Ever Bounce,True,0,0,0.0,0.0,0.0,,Ever Bounced,False,0.7,High
PR01300924,45.0,2,97818,1775986,ME,Ever Bounce,True,0,0,0.0,0.0,0.0,,Ever Bounced,False,0.7,High
PR01006729,45.0,2,130482,3125207,Co-Lending,Ever Bounce,True,0,0,0.0,0.0,0.0,,Ever Bounced,False,0.7,High
PR01190462,45.0,2,38388,906612,Co-Lending,Ever Bounce,True,0,0,0.0,0.0,0.0,,Ever Bounced,False,0.7,High
PR01006850,45.0,2,95589,2290021,ME,Ever Bounce,True,0,0,0.0,0.0,0.0,,Ever Bounced,False,0.7,High
PR01007127,45.0,2,37881,607877,SBL,Ever Bounce,True,0,0,0.0,0.0,0.0,,Ever Bounced,False,0.7,High
PR01007231,45.0,2,79905,1862568,ME,Ever Bounce,True,0,0,0.0,0.0,0.0,,Ever Bounced,False,0.7,High
PR01208412,45.0,2,122895,2775115,Co-Lending,Ever Bounce,True,0,0,0.0,0.0,0.0,,Ever Bounced,False,0.7,High
PR01007359,45.0,2,28677,460169,Micro Loan,Ever Bounce,True,0,0,0.0,0.0,0.0,,Ever Bounced,False,0.7,High
PR01007365,45.0,2,40344,647425,SBL,Ever Bounce,True,0,0,0.0,0.0,0.0,,Ever Bounced,False,0.7,High
PR01007382,45.0,2,44691,449135,SBL,Ever Bounce,False,2,0,0.0,1.0,14897.0,2026-09-15 14:35:11,Ever Bounced,False,0.7,High
PR01007422,45.0,2,38775,622215,SBL,Ever Bounce,True,0,0,0.0,0.0,0.0,,Ever Bounced,False,0.7,High
PR01007758,45.0,2,42915,426138,SBL,Ever Bounce,True,0,0,0.0,0.0,0.0,,Ever Bounced,False,0.7,High
PR01007818,45.0,2,54057,847410,SBL,Ever Bounce,True,0,0,0.0,0.0,0.0,,Ever Bounced,False,0.7,High
PR01007892,45.0,2,52140,836670,Micro Loan,Ever Bounce,True,0,0,0.0,0.0,0.0,,Ever Bounced,False,0.7,High
PR01021974,45.0,2,42915,435361,SBL,Ever Bounce,True,0,0,0.0,0.0,0.0,,Ever Bounced,False,0.7,High
PR01022460,45.0,2,49533,1190482,ME,Ever Bounce,True,0,0,0.0,0.0,0.0,,Ever Bounced,False,0.7,High
PR01023519,45.0,2,41712,674741,SBL,Ever Bounce,True,0,0,0.0,0.0,0.0,,Ever Bounced,False,0.7,High
PR01023540,45.0,2,42876,429613,Micro Loan,Ever Bounce,True,0,0,0.0,0.0,0.0,,Ever Bounced,False,0.7,High
PR01023606,45.0,2,93240,1482601,ME,Ever Bounce,True,0,0,0.0,0.0,0.0,,Ever Bounced,False,0.7,High
PR01023612,45.0,2,48399,821619,ME,Ever Bounce,False,1,0,0.0,1.0,16133.0,2026-09-15 14:10:38,Ever Bounced,False,0.7,High
PR01023639,45.0,2,38682,625728,SBL,Ever Bounce,True,0,0,0.0,0.0,0.0,,Ever Bounced,False,0.7,High
PR01023736,15.0,1,22736,490217,Micro Loan,Ever Bounce,True,0,0,0.0,0.0,0.0,,Ever Bounced,False,0.7,High
PR01024129,45.0,2,88415,1430823,SBL,Ever Bounce,True,0,0,0.0,0.0,0.0,,Ever Bounced,False,0.7,High
PR01024562,15.0,1,12314,315548,SBL,Ever Bounce,True,0,0,0.0,0.0,0.0,,Ever Bounced,False,0.7,High
PR01045373,45.0,2,7599,131658,SBL,Ever Bounce,True,0,0,0.0,0.0,0.0,,Ever Bounced,False,0.7,High
PR01095551,45.0,2,7836,134421,SBL,Ever Bounce,True,0,0,0.0,0.0,0.0,,Ever Bounced,False,0.7,High
PR01024726,45.0,2,52140,843376,SBL,Ever Bounce,True,0,0,0.0,0.0,0.0,,Ever Bounced,False,0.7,High
PR01024901,45.0,2,65544,1544078,ME,Ever Bounce,True,0,0,0.0,0.0,0.0,,Ever Bounced,False,0.7,High
PR01025013,45.0,2,32910,474702,Micro Loan,Ever Bounce,True,0,0,0.0,0.0,0.0,,Ever Bounced,False,0.7,High
PR01169675,45.0,2,28716,465916,ME,Ever Bounce,True,0,0,0.0,0.0,0.0,,Ever Bounced,False,0.7,High
PR01025034,45.0,2,32163,532831,SBL,Ever Bounce,True,0,0,0.0,0.0,0.0,,Ever Bounced,False,0.7,High
PR01025040,45.0,2,69870,1215445,ME,Ever Bounce,True,0,0,0.0,0.0,0.0,,Ever Bounced,False,0.7,High
PR01025148,45.0,2,39066,563435,Micro Loan,Ever Bounce,True,0,0,0.0,0.0,0.0,,Ever Bounced,False,0.7,High
PR01156029,45.0,2,12798,172560,Micro Loan,Ever Bounce,True,0,0,0.0,0.0,0.0,,Ever Bounced,False,0.7,High
PR01025314,45.0,2,91854,2153506,Co-Lending,Ever Bounce,True,0,0,0.0,0.0,0.0,,Ever Bounced,False,0.7,High
PR01075600,45.0,2,47900,1116847,Co-Lending,Ever Bounce,True,0,0,0.0,0.0,0.0,,Ever Bounced,False,0.7,High
PR01025315,45.0,2,27387,453812,SBL,Ever Bounce,True,0,0,0.0,0.0,0.0,,Ever Bounced,False,0.7,High
PR01025336,45.0,2,33972,562839,SBL,Ever Bounce,True,0,0,0.0,0.0,0.0,,Ever Bounced,False,0.7,High
PR01093346,15.0,1,10854,267113,SBL,Ever Bounce,True,0,0,0.0,0.0,0.0,,Ever Bounced,False,0.7,High
PR01025370,45.0,2,52140,843431,SBL,Ever Bounce,True,0,0,0.0,0.0,0.0,,Ever Bounced,False,0.7,High
PR01260601,45.0,2,25221,290262,ME,Ever Bounce,True,0,0,0.0,0.0,0.0,,Ever Bounced,False,0.7,High
PR01025430,45.0,2,65370,1057458,ME,Ever Bounce,True,0,0,0.0,0.0,0.0,,Ever Bounced,False,0.7,High
PR01025530,45.0,2,37839,597801,SBL,Ever Bounce,True,0,0,0.0,0.0,0.0,,Ever Bounced,False,0.7,High
PR01259152,45.0,2,18915,217707,ME,Ever Bounce,True,0,0,0.0,0.0,0.0,,Ever Bounced,False,0.7,High
PR01032216,45.0,2,38091,164934,Micro Loan,Ever Bounce,True,0,0,0.0,0.0,0.0,,Ever Bounced,False,0.7,High
PR01034705,45.0,2,22920,364863,SBL,Ever Bounce,True,0,0,0.0,0.0,0.0,,Ever Bounced,False,0.7,High
PR01056500,45.0,2,25731,412669,SBL,Ever Bounce,True,0,0,0.0,0.0,0.0,,Ever Bounced,False,0.7,High
PR01035628,45.0,2,28998,484319,SBL,Ever Bounce,True,0,0,0.0,0.0,0.0,,Ever Bounced,False,0.7,High
PR01092186,0.0,0,5411,264601,SBL,Ever Bounce,True,0,0,0.0,0.0,0.0,,Ever Bounced,False,0.7,High
PR01039400,45.0,2,41712,680073,SBL,Ever Bounce,True,0,0,0.0,0.0,0.0,,Ever Bounced,False,0.7,High
PR01039500,45.0,2,46632,465033,SBL,Ever Bounce,True,0,0,0.0,0.0,0.0,,Ever Bounced,False,0.7,High
PR01185280,45.0,2,32772,377514,ME,Ever Bounce,True,0,0,0.0,0.0,0.0,,Ever Bounced,False,0.7,High
PR01040355,45.0,2,45180,755505,ME,Ever Bounce,True,0,0,0.0,0.0,0.0,,Ever Bounced,False,0.7,High
PR01040880,45.0,2,26070,425020,SBL,Ever Bounce,True,0,0,0.0,0.0,0.0,,Ever Bounced,False,0.7,High
PR01041006,45.0,2,19095,319015,ME,Ever Bounce,True,0,0,0.0,0.0,0.0,,Ever Bounced,False,0.7,High
PR01058943,45.0,2,41208,693813,ME,Ever Bounce,True,0,0,0.0,0.0,0.0,,Ever Bounced,False,0.7,High
PR01224552,45.0,2,16218,255620,ME,Ever Bounce,True,0,0,0.0,0.0,0.0,,Ever Bounced,False,0.7,High
PR01041140,45.0,2,59972,890606,SBL,Ever Bounce,True,0,0,0.0,0.0,0.0,,Ever Bounced,False,0.7,High
PR01041559,45.0,2,36870,871216,ME,Ever Bounce,False,1,0,0.0,1.0,12290.0,2026-09-12 12:34:39,Ever Bounced,False,0.7,High
PR01041953,45.0,2,22743,221244,Micro Loan,Ever Bounce,True,0,0,0.0,0.0,0.0,,Ever Bounced,False,0.7,High
PR01041960,45.0,2,32253,468203,Micro Loan,Ever Bounce,True,0,0,0.0,0.0,0.0,,Ever Bounced,False,0.7,High
PR01041995,45.0,2,44691,468792,Micro Loan,Ever Bounce,True,0,0,0.0,0.0,0.0,,Ever Bounced,False,0.7,High
PR01042035,45.0,2,75381,1259081,ME,Ever Bounce,True,0,0,0.0,0.0,0.0,,Ever Bounced,False,0.7,High
PR01042063,45.0,2,62565,656317,SBL,Ever Bounce,True,0,0,0.0,0.0,0.0,,Ever Bounced,False,0.7,High
PR01042064,45.0,2,41709,437563,SBL,Ever Bounce,True,0,0,0.0,0.0,0.0,,Ever Bounced,False,0.7,High
PR01042092,45.0,2,41706,437563,SBL,Ever Bounce,True,0,0,0.0,0.0,0.0,,Ever Bounced,False,0.7,High
PR01058615,45.0,2,35751,382752,ME,Ever Bounce,True,0,0,0.0,0.0,0.0,,Ever Bounced,False,0.7,High
PR01042285,45.0,2,38652,376042,Micro Loan,Ever Bounce,True,0,0,0.0,0.0,0.0,,Ever Bounced,False,0.7,High
PR01227475,45.0,2,83499,1931523,ME,Ever Bounce,True,0,0,0.0,0.0,0.0,,Ever Bounced,False,0.7,High
PR01043068,45.0,2,15699,256897,SBL,Ever Bounce,True,0,0,0.0,0.0,0.0,,Ever Bounced,False,0.7,High
PR01043137,45.0,2,26070,425020,ME,Ever Bounce,True,0,0,0.0,0.0,0.0,,Ever Bounced,False,0.7,High
PR01043380,45.0,2,78090,598788,SBL,Ever Bounce,True,0,0,0.0,0.0,0.0,,Ever Bounced,False,0.7,High
PR01043401,45.0,2,52140,850044,SBL,Ever Bounce,True,0,0,0.0,0.0,0.0,,Ever Bounced,False,0.7,High
PR01043407,45.0,2,51939,1252185,ME,Ever Bounce,True,0,0,0.0,0.0,0.0,,Ever Bounced,False,0.7,High
PR01043442,45.0,2,44487,708218,ME,Ever Bounce,True,0,0,0.0,0.0,0.0,,Ever Bounced,False,0.7,High
PR01043489,45.0,2,32163,512005,SBL,Ever Bounce,True,0,0,0.0,0.0,0.0,,Ever Bounced,False,0.7,High
PR01043913,45.0,2,42717,713493,ME,Ever Bounce,False,1,0,0.0,1.0,14239.0,2026-09-11 16:12:51,Ever Bounced,False,0.7,High
PR01056580,45.0,2,25227,424755,ME,Ever Bounce,False,1,0,0.0,1.0,8409.0,2026-09-11 16:14:13,Ever Bounced,False,0.7,High
PR01044278,45.0,2,60306,1007231,SBL,Ever Bounce,False,1,0,0.0,1.0,20102.0,2026-09-04 17:18:51,Ever Bounced,False,0.7,High
PR01044281,45.0,2,46581,817385,ME,Ever Bounce,True,0,0,0.0,0.0,0.0,,Ever Bounced,False,0.7,High
PR01208135,45.0,2,29040,505630,ME,Ever Bounce,True,0,0,0.0,0.0,0.0,,Ever Bounced,False,0.7,High
PR01044302,45.0,2,31530,515858,SBL,Ever Bounce,True,0,0,0.0,0.0,0.0,,Ever Bounced,False,0.7,High
PR01554959,45.0,2,52938,967371,Co-Lending,Ever Bounce,False,1,0,0.0,1.0,17650.0,2026-09-10 13:45:35,Ever Bounced,False,0.7,High
PR01045710,45.0,2,61308,634875,SBL,Ever Bounce,True,0,0,0.0,0.0,0.0,,Ever Bounced,False,0.7,High
PR01277832,15.0,1,21018,362814,ME,Ever Bounce,True,0,0,0.0,0.0,0.0,,Ever Bounced,False,0.7,High
PR01045887,45.0,2,44088,1018349,ME,Ever Bounce,True,0,0,0.0,0.0,0.0,,Ever Bounced,False,0.7,High
PR01055847,45.0,2,45228,761510,SBL,Ever Bounce,True,0,0,0.0,0.0,0.0,,Ever Bounced,False,0.7,High
PR01056472,45.0,2,67761,1169522,ME,Ever Bounce,True,0,0,0.0,0.0,0.0,,Ever Bounced,False,0.7,High
PR01056484,45.0,2,62982,1463213,ME,Ever Bounce,True,0,0,0.0,0.0,0.0,,Ever Bounced,False,0.7,High
PR01056544,45.0,2,39100,642454,SBL,Ever Bounce,True,0,0,0.0,0.0,0.0,,Ever Bounced,False,0.7,High
PR01057096,45.0,2,37206,543607,Micro Loan,Ever Bounce,False,1,0,0.0,1.0,12402.0,2026-09-09 13:08:49,Ever Bounced,False,0.7,High
PR01057824,45.0,2,60501,1044219,SBL,Ever Bounce,True,0,0,0.0,0.0,0.0,,Ever Bounced,False,0.7,High
PR01298567,0.0,0,9680,505015,ME,Ever Bounce,True,0,0,0.0,0.0,0.0,,Ever Bounced,False,0.7,High
PR01057943,45.0,2,51225,1190094,ME,Ever Bounce,True,0,0,0.0,0.0,0.0,,Ever Bounced,False,0.7,High
PR01058102,45.0,2,51939,1256144,ME,Ever Bounce,True,0,0,0.0,0.0,0.0,,Ever Bounced,False,0.7,High
PR01058438,45.0,2,58242,615371,SBL,Ever Bounce,True,0,0,0.0,0.0,0.0,,Ever Bounced,False,0.7,High
PR01058526,15.0,1,34740,541789,SBL,Ever Bounce,True,0,0,0.0,0.0,0.0,,Ever Bounced,False,0.7,High
PR01336876,45.0,2,15235,118705,ME,Ever Bounce,True,0,0,0.0,0.0,0.0,,Ever Bounced,False,0.7,High
PR01058604,45.0,2,43572,431720,Micro Loan,Ever Bounce,True,0,0,0.0,0.0,0.0,,Ever Bounced,False,0.7,High
PR01411062,45.0,2,116850,2812758,Co-Lending,Ever Bounce,False,1,0,0.0,1.0,38950.0,2026-09-12 20:36:57,Ever Bounced,False,0.7,High
PR01058653,45.0,2,41337,999797,ME,Ever Bounce,True,0,0,0.0,0.0,0.0,,Ever Bounced,False,0.7,High
PR01058654,45.0,2,28110,128141,Micro Loan,Ever Bounce,True,0,0,0.0,0.0,0.0,,Ever Bounced,False,0.7,High
PR01058798,45.0,2,36639,372385,Micro Loan,Ever Bounce,True,0,0,0.0,0.0,0.0,,Ever Bounced,False,0.7,High
PR01058813,45.0,2,28200,297982,SBL,Ever Bounce,True,0,0,0.0,0.0,0.0,,Ever Bounced,False,0.7,High
PR01058883,45.0,2,37585,617553,SBL,Ever Bounce,False,1,0,0.0,1.0,12530.0,2026-09-05 07:03:14,Ever Bounced,False,0.7,High
PR01059032,45.0,2,55662,960657,SBL,Ever Bounce,True,0,0,0.0,0.0,0.0,,Ever Bounced,False,0.7,High
PR01059065,45.0,2,58080,1002463,SBL,Ever Bounce,True,0,0,0.0,0.0,0.0,,Ever Bounced,False,0.7,High
PR01059115,45.0,2,49194,487432,Micro Loan,Ever Bounce,True,0,0,0.0,0.0,0.0,,Ever Bounced,False,0.7,High
PR01059142,45.0,2,27582,453150,SBL,Ever Bounce,True,0,0,0.0,0.0,0.0,,Ever Bounced,False,0.7,High
PR01059156,45.0,2,41712,685288,SBL,Ever Bounce,True,0,0,0.0,0.0,0.0,,Ever Bounced,False,0.7,High
PR01059158,45.0,2,37206,543568,SBL,Ever Bounce,True,0,0,0.0,0.0,0.0,,Ever Bounced,False,0.7,High
PR01061999,45.0,2,127732,2935196,Co-Lending,Ever Bounce,False,1,0,0.0,1.0,42583.0,2026-09-15 20:01:29,Ever Bounced,False,0.7,High
PR01068401,15.0,1,16268,242769,Micro Loan,Ever Bounce,True,0,0,0.0,0.0,0.0,,Ever Bounced,False,0.7,High
PR01091355,45.0,2,12846,125826,ME,Ever Bounce,True,0,0,0.0,0.0,0.0,,Ever Bounced,False,0.7,High
PR01069700,45.0,2,57354,949401,SBL,Ever Bounce,True,0,0,0.0,0.0,0.0,,Ever Bounced,False,0.7,High
PR01070416,45.0,2,50598,567825,ME,Ever Bounce,True,0,0,0.0,0.0,0.0,,Ever Bounced,False,0.7,High
PR01248258,45.0,2,52611,863446,SBL,Ever Bounce,True,0,0,0.0,0.0,0.0,,Ever Bounced,False,0.7,High
PR01070870,45.0,2,64602,1069358,SBL,Ever Bounce,True,0,0,0.0,0.0,0.0,,Ever Bounced,False,0.7,High
PR01070897,45.0,2,44319,733627,SBL,Ever Bounce,False,1,0,0.0,1.0,14773.0,2026-09-12 17:22:27,Ever Bounced,False,0.7,High
PR01696995,45.0,2,57204,1394581,Co-Lending,Ever Bounce,True,0,0,0.0,0.0,0.0,,Ever Bounced,False,0.7,High
PR01071908,45.0,2,39594,706663,ME,Ever Bounce,True,0,0,0.0,0.0,0.0,,Ever Bounced,False,0.7,High
PR01072719,45.0,2,109431,541454,ME,Ever Bounce,True,0,0,0.0,0.0,0.0,,Ever Bounced,False,0.7,High
PR01072936,45.0,2,32412,339930,Micro Loan,Ever Bounce,True,0,0,0.0,0.0,0.0,,Ever Bounced,False,0.7,High
PR01073024,45.0,2,28110,283507,Micro Loan,Ever Bounce,False,1,0,0.0,1.0,9370.0,2026-09-12 18:11:42,Ever Bounced,False,0.7,High
PR01073209,45.0,2,26646,275836,ME,Ever Bounce,True,0,0,0.0,0.0,0.0,,Ever Bounced,False,0.7,High
PR01093960,45.0,2,19986,201301,ME,Ever Bounce,True,0,0,0.0,0.0,0.0,,Ever Bounced,False,0.7,High
PR01073359,45.0,2,38544,388701,Micro Loan,Ever Bounce,True,0,0,0.0,0.0,0.0,,Ever Bounced,False,0.7,High
PR01073607,45.0,2,31284,517851,SBL,Ever Bounce,True,0,0,0.0,0.0,0.0,,Ever Bounced,False,0.7,High
PR01073628,45.0,2,60306,1023268,SBL,Ever Bounce,True,0,0,0.0,0.0,0.0,,Ever Bounced,False,0.7,High
PR01073646,45.0,2,39972,413684,Micro Loan,Ever Bounce,True,0,0,0.0,0.0,0.0,,Ever Bounced,False,0.7,High
PR01317101,0.0,0,4144,199508,ME,Ever Bounce,True,0,0,0.0,0.0,0.0,,Ever Bounced,False,0.7,High
PR01073907,45.0,2,95577,2246407,Co-Lending,Ever Bounce,True,0,0,0.0,0.0,0.0,,Ever Bounced,False,0.7,High
PR01074130,45.0,2,93090,2285719,Co-Lending,Ever Bounce,True,0,0,0.0,0.0,0.0,,Ever Bounced,False,0.7,High
PR01074612,45.0,2,29190,471553,SBL,Ever Bounce,True,0,0,0.0,0.0,0.0,,Ever Bounced,False,0.7,High
PR01108136,45.0,2,42168,420032,ME,Ever Bounce,True,0,0,0.0,0.0,0.0,,Ever Bounced,False,0.7,High
PR01074640,45.0,2,111321,1936997,ME,Ever Bounce,True,0,0,0.0,0.0,0.0,,Ever Bounced,False,0.7,High
PR01713600,15.0,1,14274,240418,ME,Ever Bounce,True,0,0,0.0,0.0,0.0,,Ever Bounced,False,0.7,High
PR01074695,45.0,2,41712,690474,SBL,Ever Bounce,True,0,0,0.0,0.0,0.0,,Ever Bounced,False,0.7,High
PR01074818,45.0,2,26070,431544,SBL,Ever Bounce,False,1,0,0.0,1.0,8690.0,2026-09-12 12:33:35,Ever Bounced,False,0.7,High
PR01074877,45.0,2,22653,549571,SBL,Ever Bounce,True,0,0,0.0,0.0,0.0,,Ever Bounced,False,0.7,High
PR01092566,45.0,2,33279,784776,ME,Ever Bounce,True,0,0,0.0,0.0,0.0,,Ever Bounced,False,0.7,High
PR01075348,45.0,2,59528,987424,SBL,Ever Bounce,True,0,0,0.0,0.0,0.0,,Ever Bounced,False,0.7,High
PR01075495,45.0,2,37839,611293,ME,Ever Bounce,True,0,0,0.0,0.0,0.0,,Ever Bounced,False,0.7,High
PR01108893,45.0,2,7026,111044,ME,Ever Bounce,True,0,0,0.0,0.0,0.0,,Ever Bounced,False,0.7,High
PR01788718,45.0,2,7494,89757,ME,Ever Bounce,True,0,0,0.0,0.0,0.0,,Ever Bounced,False,0.7,High
PR01075569,45.0,2,140607,3523853,Co-Lending,Ever Bounce,True,0,0,0.0,0.0,0.0,,Ever Bounced,False,0.7,High
PR01244122,45.0,2,93090,2188496,Co-Lending,Ever Bounce,True,0,0,0.0,0.0,0.0,,Ever Bounced,False,0.7,High
PR01075649,45.0,2,89178,987098,ME,Ever Bounce,False,1,0,0.0,1.0,29726.0,2026-09-15 13:11:41,Ever Bounced,False,0.7,High
PR01075659,45.0,2,79905,1938414,ME,Ever Bounce,True,0,0,0.0,0.0,0.0,,Ever Bounced,False,0.7,High
PR01075661,45.0,2,77442,1347448,SBL,Ever Bounce,True,0,0,0.0,0.0,0.0,,Ever Bounced,False,0.7,High
PR01075667,45.0,2,49194,496106,Micro Loan,Ever Bounce,True,0,0,0.0,0.0,0.0,,Ever Bounced,False,0.7,High
PR01075671,45.0,2,37344,376549,Micro Loan,Ever Bounce,True,0,0,0.0,0.0,0.0,,Ever Bounced,False,0.7,High
PR01075827,45.0,2,19345,284452,Micro Loan,Ever Bounce,True,0,0,0.0,0.0,0.0,,Ever Bounced,False,0.7,High
PR01075917,45.0,2,44769,475746,SBL,Ever Bounce,False,1,0,0.0,1.0,14923.0,2026-09-11 19:06:26,Ever Bounced,False,0.7,High
PR01076246,45.0,2,39351,635763,SBL,Ever Bounce,True,0,0,0.0,0.0,0.0,,Ever Bounced,False,0.7,High
PR01076305,45.0,2,55464,1449050,Co-Lending,Ever Bounce,True,0,0,0.0,0.0,0.0,,Ever Bounced,False,0.7,High
PR01108823,45.0,2,25884,665021,Co-Lending,Ever Bounce,True,0,0,0.0,0.0,0.0,,Ever Bounced,False,0.7,High
PR01319726,45.0,2,22773,553287,Co-Lending,Ever Bounce,True,0,0,0.0,0.0,0.0,,Ever Bounced,False,0.7,High
PR01225137,75.0,3,171588,2858169,ME,Ever Bounce,True,0,0,0.0,0.0,0.0,,Ever Bounced,False,0.725,High
PR01076485,45.0,2,100509,1705462,ME,Ever Bounce,True,0,0,0.0,0.0,0.0,,Ever Bounced,False,0.7,High
PR01076495,45.0,2,146136,3738913,Co-Lending,Ever Bounce,True,0,0,0.0,0.0,0.0,,Ever Bounced,False,0.7,High
PR01077820,45.0,2,60732,1554432,Co-Lending,Ever Bounce,True,0,0,0.0,0.0,0.0,,Ever Bounced,False,0.7,High
PR01109787,45.0,2,22395,563276,Co-Lending,Ever Bounce,True,0,0,0.0,0.0,0.0,,Ever Bounced,False,0.7,High
PR01077910,45.0,2,47943,1163046,ME,Ever Bounce,True,0,0,0.0,0.0,0.0,,Ever Bounced,False,0.7,High
PR01086712,45.0,2,24990,355625,Micro Loan,Ever Bounce,True,0,0,0.0,0.0,0.0,,Ever Bounced,False,0.7,High
PR01088633,45.0,2,36711,590542,SBL,Ever Bounce,False,1,0,0.0,1.0,12237.0,2026-09-07 11:51:27,Ever Bounced,False,0.7,High
PR01172125,15.0,1,3336,80936,ME,Ever Bounce,False,1,0,0.0,1.0,1668.0,2026-09-07 11:52:24,Ever Bounced,False,0.7,High
PR01089584,45.0,2,52872,1149560,ME,Ever Bounce,True,0,0,0.0,0.0,0.0,,Ever Bounced,False,0.7,High
PR01089643,45.0,2,53703,863898,ME,Ever Bounce,True,0,0,0.0,0.0,0.0,,Ever Bounced,False,0.7,High
PR01089701,45.0,2,30660,296249,Micro Loan,Ever Bounce,True,0,0,0.0,0.0,0.0,,Ever Bounced,False,0.7,High
PR01089907,45.0,2,36524,358028,Micro Loan,Ever Bounce,True,0,0,0.0,0.0,0.0,,Ever Bounced,False,0.7,High
PR01090554,45.0,2,46116,481290,SBL,Ever Bounce,True,0,0,0.0,0.0,0.0,,Ever Bounced,False,0.7,High
PR01090598,15.0,1,37288,1342789,Co-Lending,Ever Bounce,False,1,0,0.0,1.0,18644.0,2026-09-11 11:16:54,Ever Bounced,False,0.7,High
PR01279950,45.0,2,25194,557177,Co-Lending,Ever Bounce,True,0,0,0.0,0.0,0.0,,Ever Bounced,False,0.7,High
PR01090603,45.0,2,124065,604947,ME,Ever Bounce,True,0,0,0.0,0.0,0.0,,Ever Bounced,False,0.7,High
PR01741771,15.0,1,11876,203423,ME,Ever Bounce,True,0,0,0.0,0.0,0.0,,Ever Bounced,False,0.7,High
PR01090845,45.0,2,26592,427741,ME,Ever Bounce,True,0,0,0.0,0.0,0.0,,Ever Bounced,False,0.7,High
PR01110697,45.0,2,35976,582989,ME,Ever Bounce,True,0,0,0.0,0.0,0.0,,Ever Bounced,False,0.7,High
PR01090883,45.0,2,47298,741947,SBL,Ever Bounce,True,0,0,0.0,0.0,0.0,,Ever Bounced,False,0.7,High
PR01090974,45.0,2,43431,425482,Micro Loan,Ever Bounce,False,1,0,0.0,1.0,14477.0,2026-09-15 20:55:06,Ever Bounced,False,0.7,High
PR01091265,45.0,2,37839,593561,ME,Ever Bounce,True,0,0,0.0,0.0,0.0,,Ever Bounced,False,0.7,High
PR01121064,45.0,2,28974,460880,ME,Ever Bounce,True,0,0,0.0,0.0,0.0,,Ever Bounced,False,0.7,High
PR01091664,45.0,2,49047,515498,SBL,Ever Bounce,True,0,0,0.0,0.0,0.0,,Ever Bounced,False,0.7,High
PR01091986,45.0,2,38925,376442,Micro Loan,Ever Bounce,True,0,0,0.0,0.0,0.0,,Ever Bounced,False,0.7,High
PR01092075,45.0,2,50742,239608,Micro Loan,Ever Bounce,True,0,0,0.0,0.0,0.0,,Ever Bounced,False,0.7,High
PR01092171,45.0,2,146650,3312069,Co-Lending,Ever Bounce,True,0,0,0.0,0.0,0.0,,Ever Bounced,False,0.7,High
PR01092317,45.0,2,36072,348494,Micro Loan,Ever Bounce,True,0,0,0.0,0.0,0.0,,Ever Bounced,False,0.7,High
PR01092769,45.0,2,63856,1013134,SBL,Ever Bounce,True,0,0,0.0,0.0,0.0,,Ever Bounced,False,0.7,High
PR01092808,45.0,2,62571,1505003,Co-Lending,Ever Bounce,True,0,0,0.0,0.0,0.0,,Ever Bounced,False,0.7,High
PR01141044,45.0,2,37479,880805,Co-Lending,Ever Bounce,True,0,0,0.0,0.0,0.0,,Ever Bounced,False,0.7,High
PR01093041,45.0,2,29367,417908,Micro Loan,Ever Bounce,True,0,0,0.0,0.0,0.0,,Ever Bounced,False,0.7,High
PR01093150,45.0,2,61941,1460482,ME,Ever Bounce,True,0,0,0.0,0.0,0.0,,Ever Bounced,False,0.7,High
PR01093151,45.0,2,59922,1302865,ME,Ever Bounce,True,0,0,0.0,0.0,0.0,,Ever Bounced,False,0.7,High
PR01121713,45.0,2,14100,308142,ME,Ever Bounce,True,0,0,0.0,0.0,0.0,,Ever Bounced,False,0.7,High
PR01093205,45.0,2,31005,441224,Micro Loan,Ever Bounce,True,0,0,0.0,0.0,0.0,,Ever Bounced,False,0.7,High
PR01093211,45.0,2,37839,593545,SBL,Ever Bounce,True,0,0,0.0,0.0,0.0,,Ever Bounced,False,0.7,High
PR01093237,45.0,2,36072,348494,Micro Loan,Ever Bounce,True,0,0,0.0,0.0,0.0,,Ever Bounced,False,0.7,High
PR01093292,45.0,2,28806,328528,Micro Loan,Ever Bounce,True,0,0,0.0,0.0,0.0,,Ever Bounced,False,0.7,High
PR01093298,45.0,2,62982,1454457,Co-Lending,Ever Bounce,True,0,0,0.0,0.0,0.0,,Ever Bounced,False,0.7,High
PR01355040,45.0,2,100845,1565079,Co-Lending,Ever Bounce,True,0,0,0.0,0.0,0.0,,Ever Bounced,False,0.7,High
PR01093376,45.0,2,50253,829311,ME,Ever Bounce,True,0,0,0.0,0.0,0.0,,Ever Bounced,False,0.7,High
PR01093475,45.0,2,53937,1271770,ME,Ever Bounce,True,0,0,0.0,0.0,0.0,,Ever Bounced,False,0.7,High
PR01126230,45.0,2,8988,213260,ME,Ever Bounce,True,0,0,0.0,0.0,0.0,,Ever Bounced,False,0.7,High
PR01093563,45.0,2,40107,629200,SBL,Ever Bounce,True,0,0,0.0,0.0,0.0,,Ever Bounced,False,0.7,High
PR01093574,45.0,2,75579,1745336,Co-Lending,Ever Bounce,False,1,0,0.0,1.0,25193.0,2026-09-11 13:56:03,Ever Bounced,False,0.7,High
PR01094067,45.0,2,40542,635975,SBL,Ever Bounce,True,0,0,0.0,0.0,0.0,,Ever Bounced,False,0.7,High
PR01094148,45.0,2,58424,286974,ME,Ever Bounce,True,0,0,0.0,0.0,0.0,,Ever Bounced,False,0.7,High
PR01094179,45.0,2,40353,951467,ME,Ever Bounce,True,0,0,0.0,0.0,0.0,,Ever Bounced,False,0.7,High
PR01127549,15.0,1,20376,723866,ME,Ever Bounce,True,0,0,0.0,0.0,0.0,,Ever Bounced,False,0.7,High
PR01094243,45.0,2,62010,882447,Micro Loan,Ever Bounce,True,0,0,0.0,0.0,0.0,,Ever Bounced,False,0.7,High
PR01094250,45.0,2,51372,847721,ME,Ever Bounce,True,0,0,0.0,0.0,0.0,,Ever Bounced,False,0.7,High
PR01094302,45.0,2,37839,593580,SBL,Ever Bounce,True,0,0,0.0,0.0,0.0,,Ever Bounced,False,0.7,High
PR01094350,45.0,2,49194,481930,Micro Loan,Ever Bounce,True,0,0,0.0,0.0,0.0,,Ever Bounced,False,0.7,High
PR01094414,45.0,2,12306,197922,ME,Ever Bounce,False,1,0,0.0,1.0,4102.0,2026-09-16 15:02:58,Ever Bounced,False,0.7,High
PR01119816,45.0,2,24192,394863,ME,Ever Bounce,True,0,0,0.0,0.0,0.0,,Ever Bounced,False,0.7,High
PR01158546,45.0,2,113871,2760509,Co-Lending,Ever Bounce,True,0,0,0.0,0.0,0.0,,Ever Bounced,False,0.7,High
PR01102481,45.0,2,44319,718137,ME,Ever Bounce,True,0,0,0.0,0.0,0.0,,Ever Bounced,False,0.7,High
PR01108090,45.0,2,54057,853951,SBL,Ever Bounce,True,0,0,0.0,0.0,0.0,,Ever Bounced,False,0.7,High
PR01108114,45.0,2,64866,1024787,SBL,Ever Bounce,True,0,0,0.0,0.0,0.0,,Ever Bounced,False,0.7,High
PR01108133,45.0,2,59961,971190,SBL,Ever Bounce,True,0,0,0.0,0.0,0.0,,Ever Bounced,False,0.7,High
PR01108140,45.0,2,60306,1002763,SBL,Ever Bounce,True,0,0,0.0,0.0,0.0,,Ever Bounced,False,0.7,High
PR01108162,45.0,2,44487,702840,SBL,Ever Bounce,True,0,0,0.0,0.0,0.0,,Ever Bounced,False,0.7,High
PR01109727,45.0,2,41622,657580,SBL,Ever Bounce,True,0,0,0.0,0.0,0.0,,Ever Bounced,False,0.7,High
PR01109764,45.0,2,49050,244091,Micro Loan,Ever Bounce,True,0,0,0.0,0.0,0.0,,Ever Bounced,False,0.7,High
PR01109772,45.0,2,75663,798432,SBL,Ever Bounce,True,0,0,0.0,0.0,0.0,,Ever Bounced,False,0.7,High
PR01109775,45.0,2,27582,270930,Micro Loan,Ever Bounce,True,0,0,0.0,0.0,0.0,,Ever Bounced,False,0.7,High
PR01109777,45.0,2,75572,1715260,ME,Ever Bounce,True,0,0,0.0,0.0,0.0,,Ever Bounced,False,0.7,High
PR01109848,45.0,2,42474,679601,SBL,Ever Bounce,True,0,0,0.0,0.0,0.0,,Ever Bounced,False,0.7,High
PR01227071,45.0,2,126933,2812042,ME,Ever Bounce,True,0,0,0.0,0.0,0.0,,Ever Bounced,False,0.7,High
PR01109939,45.0,2,51850,558022,SBL,Ever Bounce,True,0,0,0.0,0.0,0.0,,Ever Bounced,False,0.7,High
PR01110100,45.0,2,54056,853951,SBL,Ever Bounce,True,0,0,0.0,0.0,0.0,,Ever Bounced,False,0.7,High
PR01110501,45.0,2,63054,665328,SBL,Ever Bounce,False,1,0,0.0,1.0,21018.0,2026-09-16 09:31:12,Ever Bounced,False,0.7,High
PR01110503,45.0,2,23931,387833,SBL,Ever Bounce,True,0,0,0.0,0.0,0.0,,Ever Bounced,False,0.7,High
PR01126885,0.0,0,4779,231499,SBL,Ever Bounce,True,0,0,0.0,0.0,0.0,,Ever Bounced,False,0.7,High
PR01110509,45.0,2,63888,1090475,ME,Ever Bounce,True,0,0,0.0,0.0,0.0,,Ever Bounced,False,0.7,High
PR01110524,45.0,2,62982,1429360,ME,Ever Bounce,True,0,0,0.0,0.0,0.0,,Ever Bounced,False,0.7,High
PR01110566,45.0,2,54056,853951,SBL,Ever Bounce,True,0,0,0.0,0.0,0.0,,Ever Bounced,False,0.7,High
PR01110651,45.0,2,83412,1317686,ME,Ever Bounce,True,0,0,0.0,0.0,0.0,,Ever Bounced,False,0.7,High
PR01110751,45.0,2,70899,1552154,Co-Lending,Ever Bounce,True,0,0,0.0,0.0,0.0,,Ever Bounced,False,0.7,High
PR01110765,45.0,2,43245,683133,ME,Ever Bounce,True,0,0,0.0,0.0,0.0,,Ever Bounced,False,0.7,High
PR01501178,45.0,2,35136,596587,ME,Ever Bounce,True,0,0,0.0,0.0,0.0,,Ever Bounced,False,0.7,High
PR01110814,45.0,2,62568,1013904,SBL,Ever Bounce,True,0,0,0.0,0.0,0.0,,Ever Bounced,False,0.7,High
PR01110908,45.0,2,50742,252491,Micro Loan,Ever Bounce,True,0,0,0.0,0.0,0.0,,Ever Bounced,False,0.7,High
PR01110968,45.0,2,37899,555917,Micro Loan,Ever Bounce,True,0,0,0.0,0.0,0.0,,Ever Bounced,False,0.7,High
PR01111029,45.0,2,34629,340135,Micro Loan,Ever Bounce,True,0,0,0.0,0.0,0.0,,Ever Bounced,False,0.7,High
PR01259842,45.0,2,96951,1591145,ME,Ever Bounce,True,0,0,0.0,0.0,0.0,,Ever Bounced,False,0.7,High
PR01111242,45.0,2,44136,465769,SBL,Ever Bounce,True,0,0,0.0,0.0,0.0,,Ever Bounced,False,0.7,High
PR01111441,45.0,2,52140,844915,SBL,Ever Bounce,True,0,0,0.0,0.0,0.0,,Ever Bounced,False,0.7,High
PR01111462,45.0,2,80406,1337021,ME,Ever Bounce,True,0,0,0.0,0.0,0.0,,Ever Bounced,False,0.7,High
PR01111508,45.0,2,55527,899882,SBL,Ever Bounce,True,0,0,0.0,0.0,0.0,,Ever Bounced,False,0.7,High
PR01142602,45.0,2,33108,544195,SBL,Ever Bounce,True,0,0,0.0,0.0,0.0,,Ever Bounced,False,0.7,High
PR01111532,45.0,2,64341,1042628,SBL,Ever Bounce,True,0,0,0.0,0.0,0.0,,Ever Bounced,False,0.7,High
PR01111583,45.0,2,48420,774759,SBL,Ever Bounce,True,0,0,0.0,0.0,0.0,,Ever Bounced,False,0.7,High
PR01163491,0.0,0,5097,248943,SBL,Ever Bounce,True,0,0,0.0,0.0,0.0,,Ever Bounced,False,0.7,High
PR01116217,45.0,2,31005,446542,Micro Loan,Ever Bounce,True,0,0,0.0,0.0,0.0,,Ever Bounced,False,0.7,High
PR01118567,45.0,2,54057,859704,SBL,Ever Bounce,True,0,0,0.0,0.0,0.0,,Ever Bounced,False,0.7,High
PR01332982,45.0,2,55077,1185556,ME,Ever Bounce,False,1,0,0.0,1.0,18359.0,2026-09-15 20:24:54,Ever Bounced,False,0.7,High
PR01122013,45.0,2,38919,619119,ME,Ever Bounce,True,0,0,0.0,0.0,0.0,,Ever Bounced,False,0.7,High
PR01123074,45.0,2,45450,453504,Micro Loan,Ever Bounce,False,1,0,0.0,1.0,15150.0,2026-09-02 11:06:37,Ever Bounced,False,0.7,High
PR01123562,45.0,2,43245,687782,SBL,Ever Bounce,True,0,0,0.0,0.0,0.0,,Ever Bounced,False,0.7,High
PR01355682,15.0,1,28830,705569,ME,Ever Bounce,True,0,0,0.0,0.0,0.0,,Ever Bounced,False,0.7,High
PR01124976,45.0,2,25371,132512,Micro Loan,Ever Bounce,True,0,0,0.0,0.0,0.0,,Ever Bounced,False,0.7,High
PR01300731,45.0,2,88096,1872419,Co-Lending,Ever Bounce,True,0,0,0.0,0.0,0.0,,Ever Bounced,False,0.7,High
PR01125067,45.0,2,45378,479966,SBL,Ever Bounce,True,0,0,0.0,0.0,0.0,,Ever Bounced,False,0.7,High
PR01386306,45.0,2,27027,447966,ME,Ever Bounce,True,0,0,0.0,0.0,0.0,,Ever Bounced,False,0.7,High
PR01126402,45.0,2,163780,4036069,Co-Lending,Ever Bounce,True,0,0,0.0,0.0,0.0,,Ever Bounced,False,0.7,High
PR01166139,15.0,1,42276,1549933,Co-Lending,Ever Bounce,True,0,0,0.0,0.0,0.0,,Ever Bounced,False,0.7,High
PR01126461,45.0,2,40542,644875,ME,Ever Bounce,True,0,0,0.0,0.0,0.0,,Ever Bounced,False,0.7,High
PR01126582,45.0,2,58782,1337810,ME,Ever Bounce,True,0,0,0.0,0.0,0.0,,Ever Bounced,False,0.7,High
PR01201187,45.0,2,27501,620384,ME,Ever Bounce,True,0,0,0.0,0.0,0.0,,Ever Bounced,False,0.7,High
PR01126728,45.0,2,71379,1270370,ME,Ever Bounce,True,0,0,0.0,0.0,0.0,,Ever Bounced,False,0.7,High
PR01126747,45.0,2,21330,485425,ME,Ever Bounce,True,0,0,0.0,0.0,0.0,,Ever Bounced,False,0.7,High
PR01142615,45.0,2,12261,279762,ME,Ever Bounce,False,1,0,0.0,1.0,4087.0,2026-09-11 15:08:02,Ever Bounced,False,0.7,High
PR01127100,45.0,2,40578,849942,ME,Ever Bounce,True,0,0,0.0,0.0,0.0,,Ever Bounced,False,0.7,High
PR01127102,45.0,2,116226,2864040,Co-Lending,Ever Bounce,True,0,0,0.0,0.0,0.0,,Ever Bounced,False,0.7,High
PR01389550,0.0,0,30197,2260554,Co-Lending,Ever Bounce,False,1,0,0.0,1.0,13197.0,2026-09-14 16:37:29,Ever Bounced,False,0.7,High
PR01127117,45.0,2,54105,1133240,ME,Ever Bounce,True,0,0,0.0,0.0,0.0,,Ever Bounced,False,0.7,High
PR01127303,45.0,2,50724,1062402,ME,Ever Bounce,True,0,0,0.0,0.0,0.0,,Ever Bounced,False,0.7,High
PR01127325,15.0,1,18526,451071,ME,Ever Bounce,False,1,0,0.0,1.0,9263.0,2026-09-16 11:20:37,Ever Bounced,False,0.7,High
PR01127348,45.0,2,52950,854338,ME,Ever Bounce,True,0,0,0.0,0.0,0.0,,Ever Bounced,False,0.7,High
PR01297854,45.0,2,32598,533703,ME,Ever Bounce,True,0,0,0.0,0.0,0.0,,Ever Bounced,False,0.7,High
PR01155494,45.0,2,131259,3113744,Co-Lending,Ever Bounce,True,0,0,0.0,0.0,0.0,,Ever Bounced,False,0.7,High
PR01172768,45.0,2,66591,1584353,Co-Lending,Ever Bounce,True,0,0,0.0,0.0,0.0,,Ever Bounced,False,0.7,High
PR01127777,45.0,2,24597,256325,Micro Loan,Ever Bounce,True,0,0,0.0,0.0,0.0,,Ever Bounced,False,0.7,High
PR01132334,45.0,2,26547,430612,SBL,Ever Bounce,True,0,0,0.0,0.0,0.0,,Ever Bounced,False,0.7,High
PR01411553,75.0,3,106368,1799836,Co-Lending,Ever Bounce,True,0,0,0.0,0.0,0.0,,Ever Bounced,False,0.72,High
PR01299730,45.0,2,109869,2546540,Co-Lending,Ever Bounce,True,0,0,0.0,0.0,0.0,,Ever Bounced,False,0.7,High
PR01139209,45.0,2,84230,2108025,Co-Lending,Ever Bounce,True,0,0,0.0,0.0,0.0,,Ever Bounced,False,0.7,High
PR01139638,45.0,2,79050,1284668,ME,Ever Bounce,True,0,0,0.0,0.0,0.0,,Ever Bounced,False,0.7,High
PR01572538,45.0,2,38322,680840,ME,Ever Bounce,True,0,0,0.0,0.0,0.0,,Ever Bounced,False,0.7,High
PR01140113,45.0,2,30099,658120,ME,Ever Bounce,True,0,0,0.0,0.0,0.0,,Ever Bounced,False,0.7,High
PR01528626,15.0,1,15928,412026,SBL,Ever Bounce,True,0,0,0.0,0.0,0.0,,Ever Bounced,False,0.7,High
PR01141065,45.0,2,42285,231194,Micro Loan,Ever Bounce,True,0,0,0.0,0.0,0.0,,Ever Bounced,False,0.7,High
PR01141870,45.0,2,34785,529394,Micro Loan,Ever Bounce,True,0,0,0.0,0.0,0.0,,Ever Bounced,False,0.7,High
PR01143529,45.0,2,128829,2815254,Co-Lending,Ever Bounce,True,0,0,0.0,0.0,0.0,,Ever Bounced,False,0.7,High
PR01143628,45.0,2,67974,1048163,ME,Ever Bounce,True,0,0,0.0,0.0,0.0,,Ever Bounced,False,0.7,High
PR01390231,45.0,2,86490,1433458,ME,Ever Bounce,True,0,0,0.0,0.0,0.0,,Ever Bounced,False,0.7,High
PR01317619,45.0,2,85105,1588708,Co-Lending,Ever Bounce,True,0,0,0.0,0.0,0.0,,Ever Bounced,False,0.7,High
PR01144799,45.0,2,84420,1372013,ME,Ever Bounce,True,0,0,0.0,0.0,0.0,,Ever Bounced,False,0.7,High
PR01384732,0.0,0,7496,368852,ME,Ever Bounce,True,0,0,0.0,0.0,0.0,,Ever Bounced,False,0.7,High
PR01145260,45.0,2,22338,488668,ME,Ever Bounce,True,0,0,0.0,0.0,0.0,,Ever Bounced,False,0.7,High
PR01152886,45.0,2,51171,837469,ME,Ever Bounce,True,0,0,0.0,0.0,0.0,,Ever Bounced,False,0.7,High
PR01155250,45.0,2,50442,559984,SBL,Ever Bounce,True,0,0,0.0,0.0,0.0,,Ever Bounced,False,0.7,High
PR01155643,45.0,2,40836,439553,SBL,Ever Bounce,True,0,0,0.0,0.0,0.0,,Ever Bounced,False,0.7,High
PR01156117,45.0,2,40215,398384,SBL,Ever Bounce,True,0,0,0.0,0.0,0.0,,Ever Bounced,False,0.7,High
PR01156166,45.0,2,23430,536074,ME,Ever Bounce,True,0,0,0.0,0.0,0.0,,Ever Bounced,False,0.7,High
PR01172338,15.0,1,12372,415706,ME,Ever Bounce,True,0,0,0.0,0.0,0.0,,Ever Bounced,False,0.7,High
PR01316382,45.0,2,60306,1027582,Co-Lending,Ever Bounce,True,0,0,0.0,0.0,0.0,,Ever Bounced,False,0.7,High
PR01336817,45.0,2,64866,1048597,Co-Lending,Ever Bounce,True,0,0,0.0,0.0,0.0,,Ever Bounced,False,0.7,High
PR01156781,45.0,2,22596,364251,ME,Ever Bounce,True,0,0,0.0,0.0,0.0,,Ever Bounced,False,0.7,High
PR01188742,45.0,2,22302,355277,ME,Ever Bounce,True,0,0,0.0,0.0,0.0,,Ever Bounced,False,0.7,High
PR01157134,45.0,2,87333,1998267,ME,Ever Bounce,True,0,0,0.0,0.0,0.0,,Ever Bounced,False,0.7,High
PR01157163,45.0,2,52140,837992,Co-Lending,Ever Bounce,False,1,0,0.0,1.0,17380.0,2026-09-11 18:07:27,Ever Bounced,False,0.7,High
PR01157168,45.0,2,116403,406017,Co-Lending,Ever Bounce,True,0,0,0.0,0.0,0.0,,Ever Bounced,False,0.7,High
PR01157185,45.0,2,64866,1015309,Co-Lending,Ever Bounce,True,0,0,0.0,0.0,0.0,,Ever Bounced,False,0.7,High
PR01245199,0.0,0,6831,325549,SBL,Ever Bounce,True,0,0,0.0,0.0,0.0,,Ever Bounced,False,0.7,High
PR01157297,45.0,2,136323,3235036,Co-Lending,Ever Bounce,True,0,0,0.0,0.0,0.0,,Ever Bounced,False,0.7,High
PR01374256,45.0,2,32034,512907,ME,Ever Bounce,False,1,0,0.0,1.0,10678.0,2026-09-12 16:34:28,Ever Bounced,False,0.7,High
PR01157528,45.0,2,42912,709978,SBL,Ever Bounce,True,0,0,0.0,0.0,0.0,,Ever Bounced,False,0.7,High
PR01433774,45.0,2,27027,452444,ME,Ever Bounce,True,0,0,0.0,0.0,0.0,,Ever Bounced,False,0.7,High
PR01413124,45.0,2,17136,277072,ME,Ever Bounce,True,0,0,0.0,0.0,0.0,,Ever Bounced,False,0.7,High
PR01168699,45.0,2,36498,608096,ME,Ever Bounce,False,1,0,0.0,1.0,12166.0,2026-09-13 14:31:49,Ever Bounced,False,0.7,High
PR01205778,15.0,1,19468,471625,ME,Ever Bounce,True,0,0,0.0,0.0,0.0,,Ever Bounced,False,0.7,High
PR01169553,45.0,2,62568,1042214,SBL,Ever Bounce,True,0,0,0.0,0.0,0.0,,Ever Bounced,False,0.7,High
PR01169574,45.0,2,43245,701504,SBL,Ever Bounce,True,0,0,0.0,0.0,0.0,,Ever Bounced,False,0.7,High
PR01374286,15.0,1,21622,532015,ME,Ever Bounce,False,1,0,0.0,1.0,10811.0,2026-09-11 16:51:53,Ever Bounced,False,0.7,High
PR01169690,45.0,2,60501,1064092,ME,Ever Bounce,True,0,0,0.0,0.0,0.0,,Ever Bounced,False,0.7,High
PR01188349,15.0,1,14520,374383,ME,Ever Bounce,True,0,0,0.0,0.0,0.0,,Ever Bounced,False,0.7,High
PR01170321,45.0,2,48651,789186,SBL,Ever Bounce,True,0,0,0.0,0.0,0.0,,Ever Bounced,False,0.7,High
PR01170605,45.0,2,75915,1840321,Co-Lending,Ever Bounce,True,0,0,0.0,0.0,0.0,,Ever Bounced,False,0.7,High
PR01171023,45.0,2,63054,711222,SBL,Ever Bounce,True,0,0,0.0,0.0,0.0,,Ever Bounced,False,0.7,High
PR01171040,45.0,2,64506,1417777,ME,Ever Bounce,True,0,0,0.0,0.0,0.0,,Ever Bounced,False,0.7,High
PR01171411,45.0,2,89334,2220739,Co-Lending,Ever Bounce,True,0,0,0.0,0.0,0.0,,Ever Bounced,False,0.7,High
PR01220845,45.0,2,36753,900740,Co-Lending,Ever Bounce,True,0,0,0.0,0.0,0.0,,Ever Bounced,False,0.7,High
PR01477468,45.0,2,36975,940192,Co-Lending,Ever Bounce,True,0,0,0.0,0.0,0.0,,Ever Bounced,False,0.7,High
PR01172336,45.0,2,55839,883927,ME,Ever Bounce,True,0,0,0.0,0.0,0.0,,Ever Bounced,False,0.7,High
PR01172435,15.0,1,32434,765751,SBL,Ever Bounce,True,0,0,0.0,0.0,0.0,,Ever Bounced,False,0.7,High
PR01388755,45.0,2,27111,463086,ME,Ever Bounce,True,0,0,0.0,0.0,0.0,,Ever Bounced,False,0.7,High
PR01172590,15.0,1,50386,1692858,ME,Ever Bounce,True,0,0,0.0,0.0,0.0,,Ever Bounced,False,0.7,High
PR01776658,45.0,2,21912,488113,ME,Ever Bounce,True,0,0,0.0,0.0,0.0,,Ever Bounced,False,0.7,High
PR01495781,45.0,2,41960,670570,SBL,Ever Bounce,False,1,0,0.0,1.0,14000.0,2026-09-15 18:20:32,Ever Bounced,False,0.7,High
PR01281030,0.0,0,3476,170088,SBL,Ever Bounce,True,0,0,0.0,0.0,0.0,,Ever Bounced,False,0.7,High
PR01403354,45.0,2,88271,1122087,ME,Ever Bounce,False,1,0,0.0,1.0,29425.0,2026-09-15 20:06:09,Ever Bounced,False,0.7,High
PR01187548,45.0,2,53235,920464,ME,Ever Bounce,True,0,0,0.0,0.0,0.0,,Ever Bounced,False,0.7,High
PR01187792,45.0,2,44202,492360,SBL,Ever Bounce,True,0,0,0.0,0.0,0.0,,Ever Bounced,False,0.7,High
PR01188102,45.0,2,99933,2301103,Co-Lending,Ever Bounce,True,0,0,0.0,0.0,0.0,,Ever Bounced,False,0.7,High
PR01372374,45.0,2,62922,1125167,Co-Lending,Ever Bounce,True,0,0,0.0,0.0,0.0,,Ever Bounced,False,0.7,High
PR01188439,45.0,2,21081,335488,ME,Ever Bounce,True,0,0,0.0,0.0,0.0,,Ever Bounced,False,0.7,High
PR01274978,45.0,2,23892,383393,ME,Ever Bounce,True,0,0,0.0,0.0,0.0,,Ever Bounced,False,0.7,High
PR01670295,45.0,2,32535,585765,ME,Ever Bounce,True,0,0,0.0,0.0,0.0,,Ever Bounced,False,0.7,High
PR01189173,45.0,2,44136,491336,SBL,Ever Bounce,True,0,0,0.0,0.0,0.0,,Ever Bounced,False,0.7,High
PR01189249,45.0,2,64885,1099132,ME,Ever Bounce,True,0,0,0.0,0.0,0.0,,Ever Bounced,False,0.7,High
PR01522069,45.0,2,30801,509358,ME,Ever Bounce,True,0,0,0.0,0.0,0.0,,Ever Bounced,False,0.7,High
PR01189273,45.0,2,38322,549910,SBL,Ever Bounce,True,0,0,0.0,0.0,0.0,,Ever Bounced,False,0.7,High
PR01386600,45.0,2,95683,2417794,Co-Lending,Ever Bounce,True,0,0,0.0,0.0,0.0,,Ever Bounced,False,0.7,High
PR01354922,45.0,2,163587,3908261,Co-Lending,Ever Bounce,True,0,0,0.0,0.0,0.0,,Ever Bounced,False,0.7,High
PR01189530,45.0,2,93048,1565469,ME,Ever Bounce,True,0,0,0.0,0.0,0.0,,Ever Bounced,False,0.7,High
PR01694213,0.0,0,12024,448123,ME,Ever Bounce,True,0,0,0.0,0.0,0.0,,Ever Bounced,False,0.7,High
PR01189922,15.0,1,55676,1323126,SBL,Ever Bounce,True,0,0,0.0,0.0,0.0,,Ever Bounced,False,0.7,High
PR01384737,45.0,2,61866,1221904,ME,Ever Bounce,True,0,0,0.0,0.0,0.0,,Ever Bounced,False,0.7,High
PR01190225,45.0,2,31527,350934,SBL,Ever Bounce,True,0,0,0.0,0.0,0.0,,Ever Bounced,False,0.7,High
PR01503044,45.0,2,26547,457806,ME,Ever Bounce,True,0,0,0.0,0.0,0.0,,Ever Bounced,False,0.7,High
PR01343102,45.0,2,101313,2535144,Co-Lending,Ever Bounce,True,0,0,0.0,0.0,0.0,,Ever Bounced,False,0.7,High
PR01190475,45.0,2,52480,1180968,ME,Ever Bounce,True,0,0,0.0,0.0,0.0,,Ever Bounced,False,0.7,High
PR01386957,45.0,2,31893,528590,ME,Ever Bounce,True,0,0,0.0,0.0,0.0,,Ever Bounced,False,0.7,High
PR01205270,45.0,2,34944,544995,SBL,Ever Bounce,True,0,0,0.0,0.0,0.0,,Ever Bounced,False,0.7,High
PR01318878,15.0,1,9618,155662,Micro Loan,Ever Bounce,True,0,0,0.0,0.0,0.0,,Ever Bounced,False,0.7,High
PR01205894,45.0,2,64866,1039246,SBL,Ever Bounce,True,0,0,0.0,0.0,0.0,,Ever Bounced,False,0.7,High
PR01743013,75.0,3,44804,575660,SBL,Ever Bounce,True,0,0,0.0,0.0,0.0,,Ever Bounced,False,0.711,High
PR01207855,45.0,2,48651,779407,SBL,Ever Bounce,True,0,0,0.0,0.0,0.0,,Ever Bounced,False,0.7,High
PR01208086,45.0,2,95810,2256451,ME,Ever Bounce,True,0,0,0.0,0.0,0.0,,Ever Bounced,False,0.7,High
PR01208095,45.0,2,88122,1905723,ME,Ever Bounce,True,0,0,0.0,0.0,0.0,,Ever Bounced,False,0.7,High
PR01208678,45.0,2,29730,476047,SBL,Ever Bounce,True,0,0,0.0,0.0,0.0,,Ever Bounced,False,0.7,High
PR01391780,45.0,2,27210,441018,ME,Ever Bounce,True,0,0,0.0,0.0,0.0,,Ever Bounced,False,0.7,High
PR01222969,45.0,2,38439,530211,SBL,Ever Bounce,True,0,0,0.0,0.0,0.0,,Ever Bounced,False,0.7,High
PR01223003,45.0,2,46170,941031,ME,Ever Bounce,True,0,0,0.0,0.0,0.0,,Ever Bounced,False,0.7,High
PR01224542,45.0,2,58080,996477,ME,Ever Bounce,True,0,0,0.0,0.0,0.0,,Ever Bounced,False,0.7,High
PR01224607,45.0,2,24624,410563,Home Loan,Ever Bounce,False,1,0,0.0,1.0,8208.0,2026-09-14 17:28:33,Ever Bounced,False,0.7,High
PR01224958,15.0,1,20118,719993,Co-Lending,Ever Bounce,True,0,0,0.0,0.0,0.0,,Ever Bounced,False,0.7,High
PR01297214,45.0,2,45738,1109042,Co-Lending,Ever Bounce,True,0,0,0.0,0.0,0.0,,Ever Bounced,False,0.7,High
PR01603799,0.0,0,6735,488596,Co-Lending,Ever Bounce,True,0,0,0.0,0.0,0.0,,Ever Bounced,False,0.7,High
PR01225211,45.0,2,87120,1494717,ME,Ever Bounce,True,0,0,0.0,0.0,0.0,,Ever Bounced,False,0.7,High
PR01225641,45.0,2,88122,1871589,ME,Ever Bounce,True,0,0,0.0,0.0,0.0,,Ever Bounced,False,0.7,High
PR01225851,45.0,2,75381,1256814,ME,Ever Bounce,True,0,0,0.0,0.0,0.0,,Ever Bounced,False,0.7,High
PR01226012,45.0,2,58782,1302252,ME,Ever Bounce,True,0,0,0.0,0.0,0.0,,Ever Bounced,False,0.7,High
PR01226019,45.0,2,59460,937371,SBL,Ever Bounce,True,0,0,0.0,0.0,0.0,,Ever Bounced,False,0.7,High
PR01453584,15.0,1,29040,800264,ME,Ever Bounce,True,0,0,0.0,0.0,0.0,,Ever Bounced,False,0.7,High
PR01226062,45.0,2,38439,530211,SBL,Ever Bounce,True,0,0,0.0,0.0,0.0,,Ever Bounced,False,0.7,High
PR01226295,45.0,2,29532,707583,Co-Lending,Ever Bounce,True,0,0,0.0,0.0,0.0,,Ever Bounced,False,0.7,High
PR01256961,45.0,2,27405,660191,Co-Lending,Ever Bounce,True,0,0,0.0,0.0,0.0,,Ever Bounced,False,0.7,High
PR01226305,45.0,2,52767,879767,ME,Ever Bounce,True,0,0,0.0,0.0,0.0,,Ever Bounced,False,0.7,High
PR01257219,45.0,2,35178,594164,ME,Ever Bounce,True,0,0,0.0,0.0,0.0,,Ever Bounced,False,0.7,High
PR01226676,45.0,2,43284,444380,ME,Ever Bounce,True,0,0,0.0,0.0,0.0,,Ever Bounced,False,0.7,High
PR01226782,45.0,2,57272,1216538,ME,Ever Bounce,False,1,0,0.0,1.0,19093.0,2026-09-15 20:03:40,Ever Bounced,False,0.7,High
PR01581082,45.0,2,21690,385343,ME,Ever Bounce,False,1,0,0.0,1.0,7230.0,2026-09-16 17:51:20,Ever Bounced,False,0.7,High
PR01226995,45.0,2,142422,2515387,ME,Ever Bounce,True,0,0,0.0,0.0,0.0,,Ever Bounced,False,0.7,High
PR01429510,45.0,2,22401,363880,ME,Ever Bounce,True,0,0,0.0,0.0,0.0,,Ever Bounced,False,0.7,High
PR01228791,45.0,2,22746,545269,Co-Lending,Ever Bounce,False,1,0,0.0,1.0,7582.0,2026-09-15 10:04:08,Ever Bounced,False,0.7,High
PR01239279,45.0,2,27069,650795,Co-Lending,Ever Bounce,False,1,0,0.0,1.0,9023.0,2026-09-15 10:05:57,Ever Bounced,False,0.7,High
PR01277540,45.0,2,12597,304447,Co-Lending,Ever Bounce,False,1,0,0.0,1.0,4199.0,2026-09-15 10:07:34,Ever Bounced,False,0.7,High
PR01277554,45.0,2,23562,569475,Co-Lending,Ever Bounce,False,1,0,0.0,1.0,7854.0,2026-09-15 10:09:08,Ever Bounced,False,0.7,High
PR01234803,45.0,2,75565,1664074,Co-Lending,Ever Bounce,True,0,0,0.0,0.0,0.0,,Ever Bounced,False,0.7,High
PR01237927,45.0,2,70272,1114488,ME,Ever Bounce,True,0,0,0.0,0.0,0.0,,Ever Bounced,False,0.7,High
PR01240522,45.0,2,79311,1688333,ME,Ever Bounce,False,1,0,0.0,1.0,26437.0,2026-09-09 21:23:13,Ever Bounced,False,0.7,High
PR01241319,45.0,2,36072,375114,Micro Loan,Ever Bounce,True,0,0,0.0,0.0,0.0,,Ever Bounced,False,0.7,High
PR01318656,15.0,1,8458,88468,Micro Loan,Ever Bounce,True,0,0,0.0,0.0,0.0,,Ever Bounced,False,0.7,High
PR01810267,45.0,2,33600,391966,ME,Ever Bounce,True,0,0,0.0,0.0,0.0,,Ever Bounced,False,0.7,High
PR01243044,45.0,2,78210,1275669,ME,Ever Bounce,True,0,0,0.0,0.0,0.0,,Ever Bounced,False,0.7,High
PR01670680,45.0,2,17010,275219,SBL,Ever Bounce,True,0,0,0.0,0.0,0.0,,Ever Bounced,False,0.7,High
PR01555377,45.0,2,28110,481583,ME,Ever Bounce,True,0,0,0.0,0.0,0.0,,Ever Bounced,False,0.7,High
PR01244115,45.0,2,35250,750361,ME,Ever Bounce,True,0,0,0.0,0.0,0.0,,Ever Bounced,False,0.7,High
PR01411245,45.0,2,101421,2522578,Co-Lending,Ever Bounce,True,0,0,0.0,0.0,0.0,,Ever Bounced,False,0.7,High
PR01244983,45.0,2,37299,591523,ME,Ever Bounce,True,0,0,0.0,0.0,0.0,,Ever Bounced,False,0.7,High
PR01297926,45.0,2,43780,706579,ME,Ever Bounce,False,1,0,0.0,1.0,14595.0,2026-09-15 20:11:03,Ever Bounced,False,0.7,High
PR01245187,45.0,2,113871,2737685,Co-Lending,Ever Bounce,True,0,0,0.0,0.0,0.0,,Ever Bounced,False,0.7,High
PR01246251,45.0,2,44136,507971,SBL,Ever Bounce,True,0,0,0.0,0.0,0.0,,Ever Bounced,False,0.7,High
PR01246340,45.0,2,50499,531824,Micro Loan,Ever Bounce,False,1,0,0.0,1.0,16833.0,2026-09-16 12:13:12,Ever Bounced,False,0.7,High
PR01388789,0.0,0,6585,242549,ME,Ever Bounce,True,0,0,0.0,0.0,0.0,,Ever Bounced,False,0.7,High
PR01250854,45.0,2,36780,431108,SBL,Ever Bounce,True,0,0,0.0,0.0,0.0,,Ever Bounced,False,0.7,High
PR01546704,45.0,2,16266,287692,ME,Ever Bounce,True,0,0,0.0,0.0,0.0,,Ever Bounced,False,0.7,High
PR01759021,45.0,2,54057,953355,SBL,Ever Bounce,True,0,0,0.0,0.0,0.0,,Ever Bounced,False,0.7,High
PR01259111,45.0,2,25251,265886,Micro Loan,Ever Bounce,True,0,0,0.0,0.0,0.0,,Ever Bounced,False,0.7,High
PR01259710,45.0,2,88122,1880254,ME,Ever Bounce,True,0,0,0.0,0.0,0.0,,Ever Bounced,False,0.7,High
PR01260231,45.0,2,42168,451874,Micro Loan,Ever Bounce,True,0,0,0.0,0.0,0.0,,Ever Bounced,False,0.7,High
PR01260306,45.0,2,94473,2103344,ME,Ever Bounce,True,0,0,0.0,0.0,0.0,,Ever Bounced,False,0.7,High
PR01260320,45.0,2,54456,1266408,ME,Ever Bounce,True,0,0,0.0,0.0,0.0,,Ever Bounced,False,0.7,High
PR01260422,45.0,2,44916,716616,SBL,Ever Bounce,True,0,0,0.0,0.0,0.0,,Ever Bounced,False,0.7,High
PR01260549,45.0,2,92355,2056607,ME,Ever Bounce,True,0,0,0.0,0.0,0.0,,Ever Bounced,False,0.7,High
PR01260639,45.0,2,74663,870782,SBL,Ever Bounce,True,0,0,0.0,0.0,0.0,,Ever Bounced,False,0.7,High
PR01667286,45.0,2,47896,658606,ME,Ever Bounce,True,0,0,0.0,0.0,0.0,,Ever Bounced,False,0.7,High
PR01260833,45.0,2,104950,2337045,ME,Ever Bounce,True,0,0,0.0,0.0,0.0,,Ever Bounced,False,0.7,High
PR01260867,45.0,2,56217,612298,SBL,Ever Bounce,True,0,0,0.0,0.0,0.0,,Ever Bounced,False,0.7,High
PR01271606,45.0,2,60531,706197,SBL,Ever Bounce,True,0,0,0.0,0.0,0.0,,Ever Bounced,False,0.7,High
PR01273646,45.0,2,72696,1235597,SBL,Ever Bounce,True,0,0,0.0,0.0,0.0,,Ever Bounced,False,0.7,High
PR01275435,45.0,2,62982,1405655,ME,Ever Bounce,True,0,0,0.0,0.0,0.0,,Ever Bounced,False,0.7,High
PR01391747,45.0,2,55677,922797,SBL,Ever Bounce,True,0,0,0.0,0.0,0.0,,Ever Bounced,False,0.7,High
PR01276622,45.0,2,44802,698911,SBL,Ever Bounce,True,0,0,0.0,0.0,0.0,,Ever Bounced,False,0.7,High
PR01276673,45.0,2,78333,1450883,ME,Ever Bounce,True,0,0,0.0,0.0,0.0,,Ever Bounced,False,0.7,High
PR01277653,45.0,2,66813,1072081,SBL,Ever Bounce,True,0,0,0.0,0.0,0.0,,Ever Bounced,False,0.7,High
PR01277688,15.0,1,22552,222327,Micro Loan,Ever Bounce,True,0,0,0.0,0.0,0.0,,Ever Bounced,False,0.7,High
PR01318381,45.0,2,17595,214795,SBL,Ever Bounce,False,1,0,0.0,1.0,5865.0,2026-09-12 14:58:59,Ever Bounced,False,0.7,High
PR01278841,45.0,2,54057,867366,ME,Ever Bounce,True,0,0,0.0,0.0,0.0,,Ever Bounced,False,0.7,High
PR01278914,45.0,2,78745,1378466,ME,Ever Bounce,True,0,0,0.0,0.0,0.0,,Ever Bounced,False,0.7,High
PR01311087,45.0,2,22185,395537,ME,Ever Bounce,True,0,0,0.0,0.0,0.0,,Ever Bounced,False,0.7,High
PR01815447,45.0,2,21927,254398,ME,Ever Bounce,True,0,0,0.0,0.0,0.0,,Ever Bounced,False,0.7,High
PR01279537,45.0,2,42999,470798,Micro Loan,Ever Bounce,True,0,0,0.0,0.0,0.0,,Ever Bounced,False,0.7,High
PR01279603,45.0,2,100770,2228789,Co-Lending,Ever Bounce,True,0,0,0.0,0.0,0.0,,Ever Bounced,False,0.7,High
PR01923893,45.0,2,28785,501649,SBL,Ever Bounce,True,0,0,0.0,0.0,0.0,,Ever Bounced,False,0.7,High
PR01279963,45.0,2,79068,1868326,Co-Lending,Ever Bounce,True,0,0,0.0,0.0,0.0,,Ever Bounced,False,0.7,High
PR01299451,45.0,2,27225,645349,Co-Lending,Ever Bounce,True,0,0,0.0,0.0,0.0,,Ever Bounced,False,0.7,High
PR01280374,45.0,2,81084,1301070,SBL,Ever Bounce,True,0,0,0.0,0.0,0.0,,Ever Bounced,False,0.7,High
PR01280441,45.0,2,100509,1708341,ME,Ever Bounce,True,0,0,0.0,0.0,0.0,,Ever Bounced,False,0.7,High
PR01555257,45.0,2,49947,854222,ME,Ever Bounce,True,0,0,0.0,0.0,0.0,,Ever Bounced,False,0.7,High
PR01280593,45.0,2,42168,457542,Micro Loan,Ever Bounce,True,0,0,0.0,0.0,0.0,,Ever Bounced,False,0.7,High
PR01281062,45.0,2,89703,1570200,ME,Ever Bounce,True,0,0,0.0,0.0,0.0,,Ever Bounced,False,0.7,High
PR01289500,45.0,2,75579,1690828,ME,Ever Bounce,True,0,0,0.0,0.0,0.0,,Ever Bounced,False,0.7,High
PR01295334,45.0,2,63054,745445,SBL,Ever Bounce,True,0,0,0.0,0.0,0.0,,Ever Bounced,False,0.7,High
PR01296777,45.0,2,64866,1046803,SBL,Ever Bounce,True,0,0,0.0,0.0,0.0,,Ever Bounced,False,0.7,High
PR01297006,45.0,2,54057,872300,SBL,Ever Bounce,True,0,0,0.0,0.0,0.0,,Ever Bounced,False,0.7,High
PR01297791,45.0,2,54057,872300,SBL,Ever Bounce,True,0,0,0.0,0.0,0.0,,Ever Bounced,False,0.7,High
PR01297812,45.0,2,54057,872300,SBL,Ever Bounce,True,0,0,0.0,0.0,0.0,,Ever Bounced,False,0.7,High
PR01297871,45.0,2,54747,909299,SBL,Ever Bounce,True,0,0,0.0,0.0,0.0,,Ever Bounced,False,0.7,High
PR01297892,45.0,2,54057,872300,SBL,Ever Bounce,True,0,0,0.0,0.0,0.0,,Ever Bounced,False,0.7,High
PR01298460,45.0,2,41752,1012392,Co-Lending,Ever Bounce,True,0,0,0.0,0.0,0.0,,Ever Bounced,False,0.7,High
PR01354815,45.0,2,30366,742341,Co-Lending,Ever Bounce,True,0,0,0.0,0.0,0.0,,Ever Bounced,False,0.7,High
PR01298466,45.0,2,29868,322152,Micro Loan,Ever Bounce,True,0,0,0.0,0.0,0.0,,Ever Bounced,False,0.7,High
PR01578810,45.0,2,50772,900184,ME,Ever Bounce,True,0,0,0.0,0.0,0.0,,Ever Bounced,False,0.7,High
PR01298557,45.0,2,41988,939354,ME,Ever Bounce,False,1,0,0.0,1.0,14000.0,2026-09-15 18:04:35,Ever Bounced,False,0.7,High
PR01318655,45.0,2,14697,329535,ME,Ever Bounce,False,1,0,0.0,1.0,4899.0,2026-09-09 16:03:08,Ever Bounced,False,0.7,High
PR01298590,45.0,2,54747,909299,ME,Ever Bounce,True,0,0,0.0,0.0,0.0,,Ever Bounced,False,0.7,High
PR01299185,45.0,2,30798,344426,Micro Loan,Ever Bounce,True,0,0,0.0,0.0,0.0,,Ever Bounced,False,0.7,High
PR01299605,45.0,2,68181,1461269,ME,Ever Bounce,True,0,0,0.0,0.0,0.0,,Ever Bounced,False,0.7,High
PR01299646,45.0,2,48594,807116,SBL,Ever Bounce,True,0,0,0.0,0.0,0.0,,Ever Bounced,False,0.7,High
PR01299707,45.0,2,46329,547705,SBL,Ever Bounce,True,0,0,0.0,0.0,0.0,,Ever Bounced,False,0.7,High
PR01299879,45.0,2,53139,1288530,Co-Lending,Ever Bounce,True,0,0,0.0,0.0,0.0,,Ever Bounced,False,0.7,High
PR01335427,45.0,2,83505,2035107,Co-Lending,Ever Bounce,True,0,0,0.0,0.0,0.0,,Ever Bounced,False,0.7,High
PR01701315,45.0,2,14598,255368,ME,Ever Bounce,False,1,0,0.0,1.0,4866.0,2026-09-16 14:08:43,Ever Bounced,False,0.7,High
PR01300469,45.0,2,113828,2761112,Co-Lending,Ever Bounce,True,0,0,0.0,0.0,0.0,,Ever Bounced,False,0.7,High
PR01528612,45.0,2,19917,470588,Co-Lending,Ever Bounce,True,0,0,0.0,0.0,0.0,,Ever Bounced,False,0.7,High
PR01691570,45.0,2,28650,501308,ME,Ever Bounce,True,0,0,0.0,0.0,0.0,,Ever Bounced,False,0.7,High
PR01300810,45.0,2,44088,986311,Co-Lending,Ever Bounce,True,0,0,0.0,0.0,0.0,,Ever Bounced,False,0.7,High
PR01723873,45.0,2,32412,451526,ME,Ever Bounce,True,0,0,0.0,0.0,0.0,,Ever Bounced,False,0.7,High
PR01346619,45.0,2,13068,234558,ME,Ever Bounce,True,0,0,0.0,0.0,0.0,,Ever Bounced,False,0.7,High
PR01310728,45.0,2,58080,1029739,ME,Ever Bounce,True,0,0,0.0,0.0,0.0,,Ever Bounced,False,0.7,High
PR01311973,45.0,2,43680,688827,SBL,Ever Bounce,True,0,0,0.0,0.0,0.0,,Ever Bounced,False,0.7,High
PR01312716,45.0,2,29418,714622,Co-Lending,Ever Bounce,True,0,0,0.0,0.0,0.0,,Ever Bounced,False,0.7,High
PR01353626,15.0,1,13918,508388,Co-Lending,Ever Bounce,True,0,0,0.0,0.0,0.0,,Ever Bounced,False,0.7,High
PR01579944,45.0,2,99066,1759974,ME,Ever Bounce,True,0,0,0.0,0.0,0.0,,Ever Bounced,False,0.7,High
PR01314983,45.0,2,58425,1387324,Co-Lending,Ever Bounce,True,0,0,0.0,0.0,0.0,,Ever Bounced,False,0.7,High
PR01369186,0.0,0,7868,291860,SBL,Ever Bounce,True,0,0,0.0,0.0,0.0,,Ever Bounced,False,0.7,High
PR01316420,45.0,2,37152,405402,Micro Loan,Ever Bounce,True,0,0,0.0,0.0,0.0,,Ever Bounced,False,0.7,High
PR01316749,45.0,2,44799,488834,Micro Loan,Ever Bounce,True,0,0,0.0,0.0,0.0,,Ever Bounced,False,0.7,High
PR01317145,45.0,2,41742,639942,SBL,Ever Bounce,True,0,0,0.0,0.0,0.0,,Ever Bounced,False,0.7,High
PR01317941,45.0,2,36072,393559,Micro Loan,Ever Bounce,True,0,0,0.0,0.0,0.0,,Ever Bounced,False,0.7,High
PR01318515,45.0,2,30798,348592,Micro Loan,Ever Bounce,True,0,0,0.0,0.0,0.0,,Ever Bounced,False,0.7,High
PR01318707,45.0,2,75579,1694836,ME,Ever Bounce,True,0,0,0.0,0.0,0.0,,Ever Bounced,False,0.7,High
PR01318873,15.0,1,41712,1039200,SBL,Ever Bounce,True,0,0,0.0,0.0,0.0,,Ever Bounced,False,0.7,High
PR01528806,45.0,2,48312,971477,ME,Ever Bounce,True,0,0,0.0,0.0,0.0,,Ever Bounced,False,0.7,High
PR01318967,45.0,2,107295,1792494,SBL,Ever Bounce,True,0,0,0.0,0.0,0.0,,Ever Bounced,False,0.7,High
PR01528787,45.0,2,51216,894871,ME,Ever Bounce,True,0,0,0.0,0.0,0.0,,Ever Bounced,False,0.7,High
PR01319139,45.0,2,43665,958204,ME,Ever Bounce,True,0,0,0.0,0.0,0.0,,Ever Bounced,False,0.7,High
PR01355402,15.0,1,9752,321677,ME,Ever Bounce,True,0,0,0.0,0.0,0.0,,Ever Bounced,False,0.7,High
PR01319557,45.0,2,149055,2697960,Co-Lending,Ever Bounce,True,0,0,0.0,0.0,0.0,,Ever Bounced,False,0.7,High
PR01319615,45.0,2,44136,528626,SBL,Ever Bounce,True,0,0,0.0,0.0,0.0,,Ever Bounced,False,0.7,High
PR01319622,45.0,2,45183,1097631,Co-Lending,Ever Bounce,True,0,0,0.0,0.0,0.0,,Ever Bounced,False,0.7,High
PR01353633,45.0,2,49710,1215268,Co-Lending,Ever Bounce,True,0,0,0.0,0.0,0.0,,Ever Bounced,False,0.7,High
PR01319639,15.0,1,18740,453594,SBL,Ever Bounce,True,0,0,0.0,0.0,0.0,,Ever Bounced,False,0.7,High
PR01356671,45.0,2,23784,392195,SBL,Ever Bounce,True,0,0,0.0,0.0,0.0,,Ever Bounced,False,0.7,High
PR01319655,45.0,2,52431,1303483,Co-Lending,Ever Bounce,True,0,0,0.0,0.0,0.0,,Ever Bounced,False,0.7,High
PR01344984,0.0,0,15801,1176740,Co-Lending,Ever Bounce,True,0,0,0.0,0.0,0.0,,Ever Bounced,False,0.7,High
PR01549042,0.0,0,10215,374089,SBL,Ever Bounce,True,0,0,0.0,0.0,0.0,,Ever Bounced,False,0.7,High
PR01319758,15.0,1,21538,348457,Micro Loan,Ever Bounce,True,0,0,0.0,0.0,0.0,,Ever Bounced,False,0.7,High
PR01411833,45.0,2,13089,150499,ME,Ever Bounce,True,0,0,0.0,0.0,0.0,,Ever Bounced,False,0.7,High
PR01319808,45.0,2,37839,614024,SBL,Ever Bounce,True,0,0,0.0,0.0,0.0,,Ever Bounced,False,0.7,High
PR01319846,45.0,2,63816,1166266,ME,Ever Bounce,True,0,0,0.0,0.0,0.0,,Ever Bounced,False,0.7,High
PR01319895,15.0,1,10318,272653,ME,Ever Bounce,True,0,0,0.0,0.0,0.0,,Ever Bounced,False,0.7,High
PR01334004,45.0,2,54057,881933,SBL,Ever Bounce,True,0,0,0.0,0.0,0.0,,Ever Bounced,False,0.7,High
PR01334253,45.0,2,30492,543976,Co-Lending,Ever Bounce,True,0,0,0.0,0.0,0.0,,Ever Bounced,False,0.7,High
PR01335411,45.0,2,109701,1789923,SBL,Ever Bounce,True,0,0,0.0,0.0,0.0,,Ever Bounced,False,0.7,High
PR01335761,45.0,2,75381,1292760,Co-Lending,Ever Bounce,True,0,0,0.0,0.0,0.0,,Ever Bounced,False,0.7,High
PR01336360,45.0,2,50211,895786,ME,Ever Bounce,True,0,0,0.0,0.0,0.0,,Ever Bounced,False,0.7,High
PR01336456,45.0,2,51939,1209432,Co-Lending,Ever Bounce,True,0,0,0.0,0.0,0.0,,Ever Bounced,False,0.7,High
PR01410801,45.0,2,19977,469929,Co-Lending,Ever Bounce,True,0,0,0.0,0.0,0.0,,Ever Bounced,False,0.7,High
PR01336522,45.0,2,39678,437764,Micro Loan,Ever Bounce,False,1,0,0.0,1.0,13226.0,2026-09-03 12:58:50,Ever Bounced,False,0.7,High
PR01336525,45.0,2,62982,1415673,ME,Ever Bounce,True,0,0,0.0,0.0,0.0,,Ever Bounced,False,0.7,High
PR01336637,45.0,2,57272,1232996,ME,Ever Bounce,True,0,0,0.0,0.0,0.0,,Ever Bounced,False,0.7,High
PR01337028,45.0,2,77160,1924580,Co-Lending,Ever Bounce,False,1,0,0.0,1.0,25720.0,2026-09-16 16:19:25,Ever Bounced,False,0.7,High
PR01409644,0.0,0,11255,845302,Co-Lending,Ever Bounce,True,0,0,0.0,0.0,0.0,,Ever Bounced,False,0.7,High
PR01337118,45.0,2,43353,322781,Micro Loan,Ever Bounce,True,0,0,0.0,0.0,0.0,,Ever Bounced,False,0.7,High
PR01337189,45.0,2,24000,391608,SBL,Ever Bounce,True,0,0,0.0,0.0,0.0,,Ever Bounced,False,0.7,High
PR01355650,45.0,2,37407,613584,ME,Ever Bounce,True,0,0,0.0,0.0,0.0,,Ever Bounced,False,0.7,High
PR01690902,45.0,2,27030,472921,ME,Ever Bounce,True,0,0,0.0,0.0,0.0,,Ever Bounced,False,0.7,High
PR01337311,45.0,2,54057,881952,SBL,Ever Bounce,True,0,0,0.0,0.0,0.0,,Ever Bounced,False,0.7,High
PR01691022,45.0,2,28110,491847,ME,Ever Bounce,True,0,0,0.0,0.0,0.0,,Ever Bounced,False,0.7,High
PR01337381,45.0,2,50385,1132543,ME,Ever Bounce,True,0,0,0.0,0.0,0.0,,Ever Bounced,False,0.7,High
PR01337556,45.0,2,46380,714598,SBL,Ever Bounce,True,0,0,0.0,0.0,0.0,,Ever Bounced,False,0.7,High
PR01578625,15.0,1,10984,272784,SBL,Ever Bounce,True,0,0,0.0,0.0,0.0,,Ever Bounced,False,0.7,High
PR01745622,45.0,2,27375,366616,ME,Ever Bounce,True,0,0,0.0,0.0,0.0,,Ever Bounced,False,0.7,High
PR01340264,45.0,2,30153,517318,Co-Lending,Ever Bounce,True,0,0,0.0,0.0,0.0,,Ever Bounced,False,0.7,High
PR01375049,45.0,2,30153,523110,Co-Lending,Ever Bounce,True,0,0,0.0,0.0,0.0,,Ever Bounced,False,0.7,High
PR01341985,45.0,2,52140,880912,SBL,Ever Bounce,True,0,0,0.0,0.0,0.0,,Ever Bounced,False,0.7,High
PR01547768,45.0,2,26892,454376,ME,Ever Bounce,True,0,0,0.0,0.0,0.0,,Ever Bounced,False,0.7,High
PR01346376,15.0,1,18762,487105,SBL,Ever Bounce,True,0,0,0.0,0.0,0.0,,Ever Bounced,False,0.7,High
PR01354821,45.0,2,47238,822442,ME,Ever Bounce,True,0,0,0.0,0.0,0.0,,Ever Bounced,False,0.7,High
PR01386933,15.0,1,9618,162626,Micro Loan,Ever Bounce,True,0,0,0.0,0.0,0.0,,Ever Bounced,False,0.7,High
PR01783174,45.0,2,20292,336614,ME,Ever Bounce,True,0,0,0.0,0.0,0.0,,Ever Bounced,False,0.7,High
PR01350324,45.0,2,68846,1188154,Co-Lending,Ever Bounce,True,0,0,0.0,0.0,0.0,,Ever Bounced,False,0.7,High
PR01352698,45.0,2,31527,387046,SBL,Ever Bounce,True,0,0,0.0,0.0,0.0,,Ever Bounced,False,0.7,High
PR01888195,45.0,2,30474,360252,SBL,Ever Bounce,True,0,0,0.0,0.0,0.0,,Ever Bounced,False,0.7,High
PR01408319,45.0,2,17298,288136,SBL,Ever Bounce,True,0,0,0.0,0.0,0.0,,Ever Bounced,False,0.7,High
PR01353796,45.0,2,47601,758413,SBL,Ever Bounce,True,0,0,0.0,0.0,0.0,,Ever Bounced,False,0.7,High
PR01353847,45.0,2,36072,402270,Micro Loan,Ever Bounce,True,0,0,0.0,0.0,0.0,,Ever Bounced,False,0.7,High
PR01527462,45.0,2,15501,234358,ME,Ever Bounce,False,1,0,0.0,1.0,5167.0,2026-09-16 10:56:48,Ever Bounced,False,0.7,High
PR01353919,45.0,2,64866,1064042,SBL,Ever Bounce,True,0,0,0.0,0.0,0.0,,Ever Bounced,False,0.7,High
PR01354358,45.0,2,47826,1169191,Co-Lending,Ever Bounce,True,0,0,0.0,0.0,0.0,,Ever Bounced,False,0.7,High
PR01388723,45.0,2,81228,1995425,Co-Lending,Ever Bounce,True,0,0,0.0,0.0,0.0,,Ever Bounced,False,0.7,High
PR01354851,75.0,3,118203,2233015,Co-Lending,Ever Bounce,True,0,0,0.0,0.0,0.0,,Ever Bounced,False,0.721,High
PR01354918,15.0,1,26192,726662,Co-Lending,Ever Bounce,True,0,0,0.0,0.0,0.0,,Ever Bounced,False,0.7,High
PR01388546,45.0,2,61215,1155068,Co-Lending,Ever Bounce,True,0,0,0.0,0.0,0.0,,Ever Bounced,False,0.7,High
PR01811603,15.0,1,26804,761451,ME,Ever Bounce,True,0,0,0.0,0.0,0.0,,Ever Bounced,False,0.7,High
PR01354948,45.0,2,44718,1007428,ME,Ever Bounce,True,0,0,0.0,0.0,0.0,,Ever Bounced,False,0.7,High
PR01406505,0.0,0,6088,412429,ME,Ever Bounce,True,0,0,0.0,0.0,0.0,,Ever Bounced,False,0.7,High
PR01355075,45.0,2,36498,616637,SBL,Ever Bounce,True,0,0,0.0,0.0,0.0,,Ever Bounced,False,0.7,High
PR01355182,45.0,2,88173,1986520,ME,Ever Bounce,True,0,0,0.0,0.0,0.0,,Ever Bounced,False,0.7,High
PR01355273,45.0,2,88782,1569336,ME,Ever Bounce,True,0,0,0.0,0.0,0.0,,Ever Bounced,False,0.7,High
PR01355298,45.0,2,44136,541892,SBL,Ever Bounce,True,0,0,0.0,0.0,0.0,,Ever Bounced,False,0.7,High
PR01401146,15.0,1,7820,200380,SBL,Ever Bounce,True,0,0,0.0,0.0,0.0,,Ever Bounced,False,0.7,High
PR01454066,45.0,2,12612,163805,ME,Ever Bounce,True,0,0,0.0,0.0,0.0,,Ever Bounced,False,0.7,High
PR01355604,45.0,2,38697,673676,SBL,Ever Bounce,True,0,0,0.0,0.0,0.0,,Ever Bounced,False,0.7,High
PR01389413,15.0,1,14406,378379,SBL,Ever Bounce,True,0,0,0.0,0.0,0.0,,Ever Bounced,False,0.7,High
PR01355772,45.0,2,50442,626699,SBL,Ever Bounce,True,0,0,0.0,0.0,0.0,,Ever Bounced,False,0.7,High
PR01812084,45.0,2,31527,460759,ME,Ever Bounce,True,0,0,0.0,0.0,0.0,,Ever Bounced,False,0.7,High
PR01356154,45.0,2,36072,406503,Micro Loan,Ever Bounce,True,0,0,0.0,0.0,0.0,,Ever Bounced,False,0.7,High
PR01362601,45.0,2,56748,705031,ME,Ever Bounce,True,0,0,0.0,0.0,0.0,,Ever Bounced,False,0.7,High
PR01386981,45.0,2,18915,237762,ME,Ever Bounce,True,0,0,0.0,0.0,0.0,,Ever Bounced,False,0.7,High
PR01364178,45.0,2,57792,1011939,SBL,Ever Bounce,True,0,0,0.0,0.0,0.0,,Ever Bounced,False,0.7,High
PR01365718,45.0,2,116529,2853821,Co-Lending,Ever Bounce,True,0,0,0.0,0.0,0.0,,Ever Bounced,False,0.7,High
PR01679765,45.0,2,67716,1625234,Co-Lending,Ever Bounce,True,0,0,0.0,0.0,0.0,,Ever Bounced,False,0.7,High
PR01367667,45.0,2,43245,713063,SBL,Ever Bounce,True,0,0,0.0,0.0,0.0,,Ever Bounced,False,0.7,High
PR01367732,45.0,2,39201,627700,SBL,Ever Bounce,True,0,0,0.0,0.0,0.0,,Ever Bounced,False,0.7,High
PR01367753,45.0,2,36072,406503,Micro Loan,Ever Bounce,True,0,0,0.0,0.0,0.0,,Ever Bounced,False,0.7,High
PR01368567,45.0,2,45378,552657,Micro Loan,Ever Bounce,True,0,0,0.0,0.0,0.0,,Ever Bounced,False,0.7,High
PR01368814,45.0,2,54057,891320,SBL,Ever Bounce,True,0,0,0.0,0.0,0.0,,Ever Bounced,False,0.7,High
PR01368987,45.0,2,73569,932501,SBL,Ever Bounce,True,0,0,0.0,0.0,0.0,,Ever Bounced,False,0.7,High
PR01369579,45.0,2,81084,1336998,SBL,Ever Bounce,True,0,0,0.0,0.0,0.0,,Ever Bounced,False,0.7,High
PR01369580,45.0,2,34120,400765,Micro Loan,Ever Bounce,False,1,0,0.0,1.0,11500.0,2026-09-16 13:13:05,Ever Bounced,False,0.7,High
PR01369663,45.0,2,39201,627700,SBL,Ever Bounce,True,0,0,0.0,0.0,0.0,,Ever Bounced,False,0.7,High
PR01369793,45.0,2,55176,996291,ME,Ever Bounce,True,0,0,0.0,0.0,0.0,,Ever Bounced,False,0.7,High
PR01386298,45.0,2,17424,316469,ME,Ever Bounce,True,0,0,0.0,0.0,0.0,,Ever Bounced,False,0.7,High
PR01369832,45.0,2,64866,1069620,SBL,Ever Bounce,True,0,0,0.0,0.0,0.0,,Ever Bounced,False,0.7,High
PR01369842,45.0,2,79180,1460930,Co-Lending,Ever Bounce,True,0,0,0.0,0.0,0.0,,Ever Bounced,False,0.7,High
PR01369897,45.0,2,59460,980484,SBL,Ever Bounce,True,0,0,0.0,0.0,0.0,,Ever Bounced,False,0.7,High
PR01369942,75.0,3,72632,450309,SBL,Ever Bounce,True,0,0,0.0,0.0,0.0,,Ever Bounced,False,0.716,High
PR01370056,45.0,2,59460,980484,SBL,Ever Bounce,True,0,0,0.0,0.0,0.0,,Ever Bounced,False,0.7,High
PR01370540,45.0,2,61839,1019698,SBL,Ever Bounce,True,0,0,0.0,0.0,0.0,,Ever Bounced,False,0.7,High
PR01370981,45.0,2,48618,592150,SBL,Ever Bounce,True,0,0,0.0,0.0,0.0,,Ever Bounced,False,0.7,High
PR01371004,45.0,2,119856,2803595,Co-Lending,Ever Bounce,True,0,0,0.0,0.0,0.0,,Ever Bounced,False,0.7,High
PR01371049,45.0,2,44202,549121,SBL,Ever Bounce,True,0,0,0.0,0.0,0.0,,Ever Bounced,False,0.7,High
PR01371118,45.0,2,44802,717365,SBL,Ever Bounce,True,0,0,0.0,0.0,0.0,,Ever Bounced,False,0.7,High
PR01371678,45.0,2,46593,746071,SBL,Ever Bounce,False,1,0,0.0,1.0,15531.0,2026-09-12 09:50:19,Ever Bounced,False,0.7,High
PR01371855,45.0,2,40584,631313,SBL,Ever Bounce,True,0,0,0.0,0.0,0.0,,Ever Bounced,False,0.7,High
PR01372028,45.0,2,47742,827872,Co-Lending,Ever Bounce,True,0,0,0.0,0.0,0.0,,Ever Bounced,False,0.7,High
PR01430987,45.0,2,27639,487307,Co-Lending,Ever Bounce,True,0,0,0.0,0.0,0.0,,Ever Bounced,False,0.7,High
PR01372104,45.0,2,36072,406503,Micro Loan,Ever Bounce,True,0,0,0.0,0.0,0.0,,Ever Bounced,False,0.7,High
PR01372108,0.0,0,13401,695877,SBL,Ever Bounce,True,0,0,0.0,0.0,0.0,,Ever Bounced,False,0.7,High
PR01404697,45.0,2,35178,622847,ME,Ever Bounce,True,0,0,0.0,0.0,0.0,,Ever Bounced,False,0.7,High
PR01372152,45.0,2,54585,1232517,ME,Ever Bounce,True,0,0,0.0,0.0,0.0,,Ever Bounced,False,0.7,High
PR01372168,45.0,2,61275,1010392,SBL,Ever Bounce,True,0,0,0.0,0.0,0.0,,Ever Bounced,False,0.7,High
PR01663891,45.0,2,50751,669885,ME,Ever Bounce,True,0,0,0.0,0.0,0.0,,Ever Bounced,False,0.7,High
PR01372247,45.0,2,44802,717365,SBL,Ever Bounce,True,0,0,0.0,0.0,0.0,,Ever Bounced,False,0.7,High
PR01372278,45.0,2,84522,2022652,Co-Lending,Ever Bounce,True,0,0,0.0,0.0,0.0,,Ever Bounced,False,0.7,High
PR01440323,45.0,2,55698,1346723,Co-Lending,Ever Bounce,True,0,0,0.0,0.0,0.0,,Ever Bounced,False,0.7,High
PR01372313,45.0,2,41562,706074,SBL,Ever Bounce,True,0,0,0.0,0.0,0.0,,Ever Bounced,False,0.7,High
PR01372359,45.0,2,29730,490244,SBL,Ever Bounce,True,0,0,0.0,0.0,0.0,,Ever Bounced,False,0.7,High
PR01410853,15.0,1,12612,313585,SBL,Ever Bounce,True,0,0,0.0,0.0,0.0,,Ever Bounced,False,0.7,High
PR01673588,75.0,3,113368,2151334,Co-Lending,Ever Bounce,True,0,0,0.0,0.0,0.0,,Ever Bounced,False,0.72,High
PR01372639,45.0,2,39828,656769,SBL,Ever Bounce,True,0,0,0.0,0.0,0.0,,Ever Bounced,False,0.7,High
PR01372640,45.0,2,35139,403663,Micro Loan,Ever Bounce,True,0,0,0.0,0.0,0.0,,Ever Bounced,False,0.7,High
PR01372998,45.0,2,61461,1013453,SBL,Ever Bounce,True,0,0,0.0,0.0,0.0,,Ever Bounced,False,0.7,High
PR01372999,45.0,2,85503,1128713,ME,Ever Bounce,True,0,0,0.0,0.0,0.0,,Ever Bounced,False,0.7,High
PR01429399,0.0,0,-10090,404708,ME,Ever Bounce,True,0,0,0.0,0.0,0.0,,Ever Bounced,False,0.05,Low
PR01373310,45.0,2,61812,1082344,SBL,Ever Bounce,False,1,0,0.0,1.0,20604.0,2026-09-10 11:30:04,Ever Bounced,False,0.7,High
PR01373485,45.0,2,41571,496431,SBL,Ever Bounce,True,0,0,0.0,0.0,0.0,,Ever Bounced,False,0.7,High
PR01373814,45.0,2,33708,405827,Micro Loan,Ever Bounce,True,0,0,0.0,0.0,0.0,,Ever Bounced,False,0.7,High
PR01781002,45.0,2,13485,190804,ME,Ever Bounce,True,0,0,0.0,0.0,0.0,,Ever Bounced,False,0.7,High
PR01373966,45.0,2,54057,891320,SBL,Ever Bounce,True,0,0,0.0,0.0,0.0,,Ever Bounced,False,0.7,High
PR01374118,45.0,2,47964,572837,SBL,Ever Bounce,False,1,0,0.0,1.0,15988.0,2026-09-15 17:27:05,Ever Bounced,False,0.7,High
PR01374131,45.0,2,34218,400765,SBL,Ever Bounce,True,0,0,0.0,0.0,0.0,,Ever Bounced,False,0.7,High
PR01374210,45.0,2,47289,587537,SBL,Ever Bounce,True,0,0,0.0,0.0,0.0,,Ever Bounced,False,0.7,High
PR01374483,45.0,2,40432,492685,SBL,Ever Bounce,False,1,0,0.0,1.0,13500.0,2026-09-17 10:07:41,Ever Bounced,False,0.7,High
PR01374525,45.0,2,53934,656887,SBL,Ever Bounce,True,0,0,0.0,0.0,0.0,,Ever Bounced,False,0.7,High
PR01374767,45.0,2,98211,1871073,Co-Lending,Ever Bounce,True,0,0,0.0,0.0,0.0,,Ever Bounced,False,0.7,High
PR01502829,45.0,2,17433,344466,Co-Lending,Ever Bounce,True,0,0,0.0,0.0,0.0,,Ever Bounced,False,0.7,High
PR01380693,45.0,2,44802,720885,SBL,Ever Bounce,False,1,0,0.0,1.0,14934.0,2026-09-12 11:58:28,Ever Bounced,False,0.7,High
PR01383683,45.0,2,54057,895900,SBL,Ever Bounce,False,1,0,0.0,1.0,18019.0,2026-09-16 18:34:11,Ever Bounced,False,0.7,High
PR01383849,45.0,2,46926,801456,SBL,Ever Bounce,True,0,0,0.0,0.0,0.0,,Ever Bounced,False,0.7,High
PR01384071,45.0,2,43245,716727,SBL,Ever Bounce,True,0,0,0.0,0.0,0.0,,Ever Bounced,False,0.7,High
PR01386209,45.0,2,70104,1161924,SBL,Ever Bounce,True,0,0,0.0,0.0,0.0,,Ever Bounced,False,0.7,High
PR01386297,45.0,2,25200,405508,ME,Ever Bounce,True,0,0,0.0,0.0,0.0,,Ever Bounced,False,0.7,High
PR01408270,45.0,2,22401,362174,ME,Ever Bounce,True,0,0,0.0,0.0,0.0,,Ever Bounced,False,0.7,High
PR01386709,45.0,2,47907,567090,SBL,Ever Bounce,True,0,0,0.0,0.0,0.0,,Ever Bounced,False,0.7,High
PR01386990,45.0,2,70959,1605870,ME,Ever Bounce,True,0,0,0.0,0.0,0.0,,Ever Bounced,False,0.7,High
PR01387829,45.0,2,64866,1075115,SBL,Ever Bounce,True,0,0,0.0,0.0,0.0,,Ever Bounced,False,0.7,High
PR01388033,45.0,2,50442,634003,SBL,Ever Bounce,True,0,0,0.0,0.0,0.0,,Ever Bounced,False,0.7,High
PR01388161,45.0,2,75381,1315157,Co-Lending,Ever Bounce,True,0,0,0.0,0.0,0.0,,Ever Bounced,False,0.7,High
PR01388686,45.0,2,50499,574933,Micro Loan,Ever Bounce,True,0,0,0.0,0.0,0.0,,Ever Bounced,False,0.7,High
PR01388725,45.0,2,49533,845979,SBL,Ever Bounce,True,0,0,0.0,0.0,0.0,,Ever Bounced,False,0.7,High
PR01710134,45.0,2,33765,562382,SBL,Ever Bounce,True,0,0,0.0,0.0,0.0,,Ever Bounced,False,0.7,High
PR01388744,45.0,2,35139,407898,Micro Loan,Ever Bounce,True,0,0,0.0,0.0,0.0,,Ever Bounced,False,0.7,High
PR01388853,45.0,2,41985,637635,SBL,Ever Bounce,False,1,0,0.0,1.0,13995.0,2026-09-17 10:09:11,Ever Bounced,False,0.7,High
PR01388874,45.0,2,62568,1068608,SBL,Ever Bounce,True,0,0,0.0,0.0,0.0,,Ever Bounced,False,0.7,High
PR01389011,45.0,2,70356,1238857,SBL,Ever Bounce,True,0,0,0.0,0.0,0.0,,Ever Bounced,False,0.7,High
PR01389223,45.0,2,36300,659313,SBL,Ever Bounce,False,1,0,0.0,1.0,12100.0,2026-09-15 18:29:16,Ever Bounced,False,0.7,High
PR01411053,45.0,2,28626,522918,ME,Ever Bounce,False,1,0,0.0,1.0,9542.0,2026-09-15 18:30:54,Ever Bounced,False,0.7,High
PR01389357,45.0,2,44802,720885,SBL,Ever Bounce,True,0,0,0.0,0.0,0.0,,Ever Bounced,False,0.7,High
PR01389516,45.0,2,36071,410656,Micro Loan,Ever Bounce,True,0,0,0.0,0.0,0.0,,Ever Bounced,False,0.7,High
PR01389595,45.0,2,60230,1094068,ME,Ever Bounce,True,0,0,0.0,0.0,0.0,,Ever Bounced,False,0.7,High
PR01389610,45.0,2,55101,678715,SBL,Ever Bounce,True,0,0,0.0,0.0,0.0,,Ever Bounced,False,0.7,High
PR01389682,45.0,2,64866,1075115,SBL,Ever Bounce,True,0,0,0.0,0.0,0.0,,Ever Bounced,False,0.7,High
PR01389769,45.0,2,64858,1075115,SBL,Ever Bounce,True,0,0,0.0,0.0,0.0,,Ever Bounced,False,0.7,High
PR01389832,45.0,2,67782,1157656,SBL,Ever Bounce,True,0,0,0.0,0.0,0.0,,Ever Bounced,False,0.7,High
PR01389909,45.0,2,43284,492815,Micro Loan,Ever Bounce,True,0,0,0.0,0.0,0.0,,Ever Bounced,False,0.7,High
PR01390026,45.0,2,94185,2070376,ME,Ever Bounce,True,0,0,0.0,0.0,0.0,,Ever Bounced,False,0.7,High
PR01390080,45.0,2,61623,1021348,SBL,Ever Bounce,True,0,0,0.0,0.0,0.0,,Ever Bounced,False,0.7,High
PR01390135,45.0,2,132849,3263556,Co-Lending,Ever Bounce,True,0,0,0.0,0.0,0.0,,Ever Bounced,False,0.7,High
PR01390232,45.0,2,83976,1900426,ME,Ever Bounce,True,0,0,0.0,0.0,0.0,,Ever Bounced,False,0.7,High
PR01603732,45.0,2,50385,1151328,Co-Lending,Ever Bounce,True,0,0,0.0,0.0,0.0,,Ever Bounced,False,0.7,High
PR01391001,45.0,2,41625,473920,Micro Loan,Ever Bounce,True,0,0,0.0,0.0,0.0,,Ever Bounced,False,0.7,High
PR01391113,45.0,2,65253,1114509,SBL,Ever Bounce,True,0,0,0.0,0.0,0.0,,Ever Bounced,False,0.7,High
PR01391153,45.0,2,46893,533857,Micro Loan,Ever Bounce,False,1,0,0.0,1.0,15631.0,2026-09-09 07:48:13,Ever Bounced,False,0.7,High
PR01391718,45.0,2,108108,1791835,SBL,Ever Bounce,True,0,0,0.0,0.0,0.0,,Ever Bounced,False,0.7,High
PR01391759,45.0,2,36072,410656,Micro Loan,Ever Bounce,True,0,0,0.0,0.0,0.0,,Ever Bounced,False,0.7,High
PR01391782,45.0,2,44136,554768,SBL,Ever Bounce,False,1,0,0.0,1.0,14712.0,2026-09-12 18:09:29,Ever Bounced,False,0.7,High
PR01391788,45.0,2,53502,659008,SBL,Ever Bounce,True,0,0,0.0,0.0,0.0,,Ever Bounced,False,0.7,High
PR01391815,45.0,2,85244,1071458,SBL,Ever Bounce,True,0,0,0.0,0.0,0.0,,Ever Bounced,False,0.7,High
PR01391838,45.0,2,62568,1068608,SBL,Ever Bounce,True,0,0,0.0,0.0,0.0,,Ever Bounced,False,0.7,High
PR01399028,45.0,2,43284,497704,Micro Loan,Ever Bounce,True,0,0,0.0,0.0,0.0,,Ever Bounced,False,0.7,High
PR01401782,45.0,2,98364,1250322,SBL,Ever Bounce,True,0,0,0.0,0.0,0.0,,Ever Bounced,False,0.7,High
PR01403398,45.0,2,43284,497704,Micro Loan,Ever Bounce,False,1,0,0.0,1.0,14428.0,2026-09-12 18:20:11,Ever Bounced,False,0.7,High
PR01403515,45.0,2,23715,433250,Home Loan,Ever Bounce,True,0,0,0.0,0.0,0.0,,Ever Bounced,False,0.7,High
PR01444774,45.0,2,10164,187770,Home Loan,Ever Bounce,True,0,0,0.0,0.0,0.0,,Ever Bounced,False,0.7,High
PR01661448,0.0,0,4739,253616,Home Loan,Ever Bounce,True,0,0,0.0,0.0,0.0,,Ever Bounced,False,0.7,High
PR01404352,45.0,2,38895,484388,SBL,Ever Bounce,True,0,0,0.0,0.0,0.0,,Ever Bounced,False,0.7,High
PR01409808,45.0,2,73170,1295533,ME,Ever Bounce,True,0,0,0.0,0.0,0.0,,Ever Bounced,False,0.7,High
PR01405122,45.0,2,62568,1074246,SBL,Ever Bounce,True,0,0,0.0,0.0,0.0,,Ever Bounced,False,0.7,High
PR01405268,45.0,2,81160,1396545,SBL,Ever Bounce,True,0,0,0.0,0.0,0.0,,Ever Bounced,False,0.7,High
PR01405375,45.0,2,64900,1119005,SBL,Ever Bounce,True,0,0,0.0,0.0,0.0,,Ever Bounced,False,0.7,High
PR01405389,45.0,2,53415,665235,SBL,Ever Bounce,True,0,0,0.0,0.0,0.0,,Ever Bounced,False,0.7,High
PR01405420,45.0,2,59460,990484,SBL,Ever Bounce,False,1,0,0.0,1.0,19820.0,2026-09-11 16:45:38,Ever Bounced,False,0.7,High
PR01405470,45.0,2,43245,720337,SBL,Ever Bounce,True,0,0,0.0,0.0,0.0,,Ever Bounced,False,0.7,High
PR01406477,45.0,2,34638,422787,SBL,Ever Bounce,False,1,0,0.0,1.0,11547.0,2026-09-11 17:45:35,Ever Bounced,False,0.7,High
PR01406481,45.0,2,50442,641199,SBL,Ever Bounce,True,0,0,0.0,0.0,0.0,,Ever Bounced,False,0.7,High
PR01406493,45.0,2,63054,801486,SBL,Ever Bounce,True,0,0,0.0,0.0,0.0,,Ever Bounced,False,0.7,High
PR01406592,45.0,2,41463,486245,Micro Loan,Ever Bounce,False,1,0,0.0,1.0,13821.0,2026-09-12 14:40:07,Ever Bounced,False,0.7,High
PR01701435,45.0,2,40437,519680,ME,Ever Bounce,False,1,0,0.0,1.0,13479.0,2026-09-12 14:43:56,Ever Bounced,False,0.7,High
PR01407351,45.0,2,50499,580637,Micro Loan,Ever Bounce,False,1,0,0.0,1.0,16833.0,2026-09-08 12:00:02,Ever Bounced,False,0.7,High
PR01407374,45.0,2,50499,580637,Micro Loan,Ever Bounce,True,0,0,0.0,0.0,0.0,,Ever Bounced,False,0.7,High
PR01407416,45.0,2,43245,720337,SBL,Ever Bounce,False,1,0,0.0,1.0,14415.0,2026-09-10 08:32:46,Ever Bounced,False,0.7,High
PR01407781,45.0,2,78210,1342807,SBL,Ever Bounce,True,0,0,0.0,0.0,0.0,,Ever Bounced,False,0.7,High
PR01408162,45.0,2,54057,900413,SBL,Ever Bounce,True,0,0,0.0,0.0,0.0,,Ever Bounced,False,0.7,High
PR01802152,45.0,2,31953,565750,ME,Ever Bounce,True,0,0,0.0,0.0,0.0,,Ever Bounced,False,0.7,High
PR01408174,45.0,2,34266,394017,Micro Loan,Ever Bounce,True,0,0,0.0,0.0,0.0,,Ever Bounced,False,0.7,High
PR01408204,45.0,2,43240,720337,SBL,Ever Bounce,True,0,0,0.0,0.0,0.0,,Ever Bounced,False,0.7,High
PR01501176,45.0,2,21621,367137,SBL,Ever Bounce,True,0,0,0.0,0.0,0.0,,Ever Bounced,False,0.7,High
PR01408250,45.0,2,64866,1080529,SBL,Ever Bounce,True,0,0,0.0,0.0,0.0,,Ever Bounced,False,0.7,High
PR01408251,45.0,2,75381,1314630,SBL,Ever Bounce,True,0,0,0.0,0.0,0.0,,Ever Bounced,False,0.7,High
PR01408252,45.0,2,39678,456214,Micro Loan,Ever Bounce,False,1,0,0.0,1.0,13226.0,2026-09-09 19:58:57,Ever Bounced,False,0.7,High
PR01408265,45.0,2,39201,633812,SBL,Ever Bounce,True,0,0,0.0,0.0,0.0,,Ever Bounced,False,0.7,High
PR01408279,45.0,2,66990,1115865,SBL,Ever Bounce,True,0,0,0.0,0.0,0.0,,Ever Bounced,False,0.7,High
PR01408280,45.0,2,45450,522568,Micro Loan,Ever Bounce,True,0,0,0.0,0.0,0.0,,Ever Bounced,False,0.7,High
PR01408302,45.0,2,54055,900413,SBL,Ever Bounce,True,0,0,0.0,0.0,0.0,,Ever Bounced,False,0.7,High
PR01408316,45.0,2,44136,561064,SBL,Ever Bounce,True,0,0,0.0,0.0,0.0,,Ever Bounced,False,0.7,High
PR01408398,45.0,2,54057,900413,SBL,Ever Bounce,True,0,0,0.0,0.0,0.0,,Ever Bounced,False,0.7,High
PR01408401,45.0,2,81690,1773066,ME,Ever Bounce,True,0,0,0.0,0.0,0.0,,Ever Bounced,False,0.7,High
PR01408409,45.0,2,48651,810376,SBL,Ever Bounce,False,1,0,0.0,1.0,16217.0,2026-09-11 10:39:14,Ever Bounced,False,0.7,High
PR01408521,45.0,2,50442,641199,SBL,Ever Bounce,True,0,0,0.0,0.0,0.0,,Ever Bounced,False,0.7,High
PR01408742,45.0,2,37248,436777,Micro Loan,Ever Bounce,True,0,0,0.0,0.0,0.0,,Ever Bounced,False,0.7,High
PR01409151,45.0,2,34566,593449,SBL,Ever Bounce,True,0,0,0.0,0.0,0.0,,Ever Bounced,False,0.7,High
PR01409160,45.0,2,54057,900413,SBL,Ever Bounce,True,0,0,0.0,0.0,0.0,,Ever Bounced,False,0.7,High
PR01409323,45.0,2,81084,1350636,Co-Lending,Ever Bounce,True,0,0,0.0,0.0,0.0,,Ever Bounced,False,0.7,High
PR01895661,45.0,2,38655,522854,Micro Loan,Ever Bounce,True,0,0,0.0,0.0,0.0,,Ever Bounced,False,0.7,High
PR01409351,45.0,2,54057,900413,SBL,Ever Bounce,True,0,0,0.0,0.0,0.0,,Ever Bounced,False,0.7,High
PR01409360,45.0,2,40353,512969,SBL,Ever Bounce,True,0,0,0.0,0.0,0.0,,Ever Bounced,False,0.7,High
PR01453550,45.0,2,22698,294884,SBL,Ever Bounce,True,0,0,0.0,0.0,0.0,,Ever Bounced,False,0.7,High
PR01409484,45.0,2,27567,459234,SBL,Ever Bounce,True,0,0,0.0,0.0,0.0,,Ever Bounced,False,0.7,High
PR01430991,45.0,2,28110,470526,ME,Ever Bounce,True,0,0,0.0,0.0,0.0,,Ever Bounced,False,0.7,High
PR01409597,45.0,2,54057,900413,SBL,Ever Bounce,True,0,0,0.0,0.0,0.0,,Ever Bounced,False,0.7,High
PR01409611,45.0,2,46160,530882,SBL,Ever Bounce,True,0,0,0.0,0.0,0.0,,Ever Bounced,False,0.7,High
PR01409697,45.0,2,65040,1116700,SBL,Ever Bounce,True,0,0,0.0,0.0,0.0,,Ever Bounced,False,0.7,High
PR01409708,45.0,2,48651,810376,SBL,Ever Bounce,True,0,0,0.0,0.0,0.0,,Ever Bounced,False,0.7,High
PR01826424,45.0,2,39390,668801,ME,Ever Bounce,True,0,0,0.0,0.0,0.0,,Ever Bounced,False,0.7,High
PR01409714,45.0,2,63054,801486,SBL,Ever Bounce,True,0,0,0.0,0.0,0.0,,Ever Bounced,False,0.7,High
PR01410682,45.0,2,53295,650426,SBL,Ever Bounce,True,0,0,0.0,0.0,0.0,,Ever Bounced,False,0.7,High
PR01410703,45.0,2,34206,537058,SBL,Ever Bounce,False,1,0,0.0,1.0,11402.0,2026-09-11 13:34:05,Ever Bounced,False,0.7,High
PR01528925,45.0,2,17973,288311,SBL,Ever Bounce,True,0,0,0.0,0.0,0.0,,Ever Bounced,False,0.7,High
PR01410716,45.0,2,44802,724350,SBL,Ever Bounce,True,0,0,0.0,0.0,0.0,,Ever Bounced,False,0.7,High
PR02065556,45.0,2,21096,182186,ME,Ever Bounce,True,0,0,0.0,0.0,0.0,,Ever Bounced,False,0.7,High
PR01410747,45.0,2,76179,657168,SBL,Ever Bounce,True,0,0,0.0,0.0,0.0,,Ever Bounced,False,0.7,High
PR01410756,45.0,2,75381,1334684,SBL,Ever Bounce,True,0,0,0.0,0.0,0.0,,Ever Bounced,False,0.7,High
PR01410850,45.0,2,43626,749062,SBL,Ever Bounce,True,0,0,0.0,0.0,0.0,,Ever Bounced,False,0.7,High
PR01410945,45.0,2,46893,539154,Micro Loan,Ever Bounce,True,0,0,0.0,0.0,0.0,,Ever Bounced,False,0.7,High
PR01410978,45.0,2,56061,933850,SBL,Ever Bounce,True,0,0,0.0,0.0,0.0,,Ever Bounced,False,0.7,High
PR01411013,45.0,2,45306,587898,SBL,Ever Bounce,True,0,0,0.0,0.0,0.0,,Ever Bounced,False,0.7,High
PR01411065,45.0,2,43245,720337,SBL,Ever Bounce,True,0,0,0.0,0.0,0.0,,Ever Bounced,False,0.7,High
PR01455031,45.0,2,18918,318251,ME,Ever Bounce,True,0,0,0.0,0.0,0.0,,Ever Bounced,False,0.7,High
PR01411125,15.0,1,45046,1119899,SBL,Ever Bounce,True,0,0,0.0,0.0,0.0,,Ever Bounced,False,0.7,High
PR01454556,45.0,2,25406,427339,SBL,Ever Bounce,True,0,0,0.0,0.0,0.0,,Ever Bounced,False,0.7,High
PR01411138,45.0,2,65268,1120643,SBL,Ever Bounce,True,0,0,0.0,0.0,0.0,,Ever Bounced,False,0.7,High
PR02118468,15.0,1,21034,541708,SBL,Ever Bounce,True,0,0,0.0,0.0,0.0,,Ever Bounced,False,0.7,High
PR01411232,45.0,2,43680,706259,SBL,Ever Bounce,True,0,0,0.0,0.0,0.0,,Ever Bounced,False,0.7,High
PR01411247,45.0,2,81082,1350636,Co-Lending,Ever Bounce,True,0,0,0.0,0.0,0.0,,Ever Bounced,False,0.7,High
PR01411256,45.0,2,56757,945466,SBL,Ever Bounce,True,0,0,0.0,0.0,0.0,,Ever Bounced,False,0.7,High
PR01411273,45.0,2,62560,1074246,SBL,Ever Bounce,False,1,0,0.0,1.0,20856.0,2026-09-02 13:49:56,Ever Bounced,False,0.7,High
PR01411454,45.0,2,100509,1779568,SBL,Ever Bounce,True,0,0,0.0,0.0,0.0,,Ever Bounced,False,0.7,High
PR01411534,45.0,2,75381,1322992,Co-Lending,Ever Bounce,True,0,0,0.0,0.0,0.0,,Ever Bounced,False,0.7,High
PR01411556,45.0,2,64866,1080529,SBL,Ever Bounce,True,0,0,0.0,0.0,0.0,,Ever Bounced,False,0.7,High
PR01411631,75.0,3,76472,989819,ME,Ever Bounce,True,0,0,0.0,0.0,0.0,,Ever Bounced,False,0.716,High
PR01411690,45.0,2,45228,800817,ME,Ever Bounce,True,0,0,0.0,0.0,0.0,,Ever Bounced,False,0.7,High
PR01428523,45.0,2,45228,805158,ME,Ever Bounce,True,0,0,0.0,0.0,0.0,,Ever Bounced,False,0.7,High
PR01698431,45.0,2,26133,488530,ME,Ever Bounce,True,0,0,0.0,0.0,0.0,,Ever Bounced,False,0.7,High
PR01411711,45.0,2,18852,230104,Micro Loan,Ever Bounce,False,1,0,0.0,1.0,6284.0,2026-09-17 12:59:34,Ever Bounced,False,0.7,High
PR01479033,15.0,1,19756,369183,Micro Loan,Ever Bounce,False,1,0,0.0,1.0,9878.0,2026-09-09 14:35:02,Ever Bounced,False,0.7,High
PR01411717,45.0,2,45948,765356,SBL,Ever Bounce,False,1,0,0.0,1.0,15316.0,2026-09-11 18:59:23,Ever Bounced,False,0.7,High
PR01412383,45.0,2,46833,595308,SBL,Ever Bounce,True,0,0,0.0,0.0,0.0,,Ever Bounced,False,0.7,High
PR01413030,45.0,2,36072,414731,Micro Loan,Ever Bounce,False,1,0,0.0,1.0,12024.0,2026-09-05 08:48:43,Ever Bounced,False,0.7,High
PR01413058,45.0,2,29121,470829,ME,Ever Bounce,True,0,0,0.0,0.0,0.0,,Ever Bounced,False,0.7,High
PR01451378,45.0,2,28560,466099,ME,Ever Bounce,True,0,0,0.0,0.0,0.0,,Ever Bounced,False,0.7,High
PR01413082,45.0,2,45438,522568,Micro Loan,Ever Bounce,True,0,0,0.0,0.0,0.0,,Ever Bounced,False,0.7,High
PR01413104,45.0,2,69279,1571317,ME,Ever Bounce,True,0,0,0.0,0.0,0.0,,Ever Bounced,False,0.7,High
PR01413119,45.0,2,50558,629721,SBL,Ever Bounce,True,0,0,0.0,0.0,0.0,,Ever Bounced,False,0.7,High
PR01415398,45.0,2,29391,666625,ME,Ever Bounce,True,0,0,0.0,0.0,0.0,,Ever Bounced,False,0.7,High
PR01447312,45.0,2,25190,573837,ME,Ever Bounce,True,0,0,0.0,0.0,0.0,,Ever Bounced,False,0.7,High
PR01426198,75.0,3,54056,681938,SBL,Ever Bounce,True,0,0,0.0,0.0,0.0,,Ever Bounced,False,0.713,High
PR01453557,75.0,3,46848,593824,SBL,Ever Bounce,True,0,0,0.0,0.0,0.0,,Ever Bounced,False,0.711,High
PR01427608,45.0,2,52140,899838,SBL,Ever Bounce,True,0,0,0.0,0.0,0.0,,Ever Bounced,False,0.7,High
PR01428319,45.0,2,95520,1255144,SBL,Ever Bounce,True,0,0,0.0,0.0,0.0,,Ever Bounced,False,0.7,High
PR01428364,45.0,2,38439,556276,SBL,Ever Bounce,True,0,0,0.0,0.0,0.0,,Ever Bounced,False,0.7,High
PR01428817,45.0,2,52140,899838,SBL,Ever Bounce,True,0,0,0.0,0.0,0.0,,Ever Bounced,False,0.7,High
PR01429332,45.0,2,39390,617122,SBL,Ever Bounce,False,1,0,0.0,1.0,13130.0,2026-09-12 15:53:33,Ever Bounced,False,0.7,High
PR01429393,45.0,2,45948,765588,ME,Ever Bounce,True,0,0,0.0,0.0,0.0,,Ever Bounced,False,0.7,High
PR01429428,45.0,2,64866,1085863,SBL,Ever Bounce,True,0,0,0.0,0.0,0.0,,Ever Bounced,False,0.7,High
PR01429434,45.0,2,46593,756881,SBL,Ever Bounce,True,0,0,0.0,0.0,0.0,,Ever Bounced,False,0.7,High
PR01429534,45.0,2,54057,904859,SBL,Ever Bounce,False,1,0,0.0,1.0,18019.0,2026-09-16 19:44:24,Ever Bounced,False,0.7,High
PR01389278,45.0,2,52164,864556,SBL,Ever Bounce,True,0,0,0.0,0.0,0.0,,Ever Bounced,False,0.7,High
PR01430256,45.0,2,12702,212656,SBL,Ever Bounce,True,0,0,0.0,0.0,0.0,,Ever Bounced,False,0.7,High
PR01430350,45.0,2,44727,519247,SBL,Ever Bounce,True,0,0,0.0,0.0,0.0,,Ever Bounced,False,0.7,High
PR01430385,45.0,2,37510,435476,SBL,Ever Bounce,True,0,0,0.0,0.0,0.0,,Ever Bounced,False,0.7,High
PR01430453,45.0,2,50271,841543,SBL,Ever Bounce,True,0,0,0.0,0.0,0.0,,Ever Bounced,False,0.7,High
PR01430484,45.0,2,44290,764863,SBL,Ever Bounce,True,0,0,0.0,0.0,0.0,,Ever Bounced,False,0.7,High
PR01355480,15.0,1,16332,562926,Home Loan,Ever Bounce,True,0,0,0.0,0.0,0.0,,Ever Bounced,False,0.7,High
PR01430615,45.0,2,9879,228079,Home Loan,Ever Bounce,True,0,0,0.0,0.0,0.0,,Ever Bounced,False,0.7,High
PR01430879,45.0,2,46593,756881,SBL,Ever Bounce,True,0,0,0.0,0.0,0.0,,Ever Bounced,False,0.7,High
PR01431018,45.0,2,81465,1775744,ME,Ever Bounce,True,0,0,0.0,0.0,0.0,,Ever Bounced,False,0.7,High
PR01453309,45.0,2,38448,840730,ME,Ever Bounce,True,0,0,0.0,0.0,0.0,,Ever Bounced,False,0.7,High
PR01431264,45.0,2,28110,470526,SBL,Ever Bounce,True,0,0,0.0,0.0,0.0,,Ever Bounced,False,0.7,High
PR01501165,45.0,2,17190,291866,SBL,Ever Bounce,True,0,0,0.0,0.0,0.0,,Ever Bounced,False,0.7,High
PR01431455,45.0,2,54057,904859,SBL,Ever Bounce,False,1,0,0.0,1.0,18019.0,2026-09-07 11:04:09,Ever Bounced,False,0.7,High
PR01431519,45.0,2,67761,1206236,SBL,Ever Bounce,True,0,0,0.0,0.0,0.0,,Ever Bounced,False,0.7,High
PR01431606,45.0,2,56755,950133,SBL,Ever Bounce,True,0,0,0.0,0.0,0.0,,Ever Bounced,False,0.7,High
PR01431765,45.0,2,43947,1035380,Co-Lending,Ever Bounce,True,0,0,0.0,0.0,0.0,,Ever Bounced,False,0.7,High
PR01492404,45.0,2,27966,661925,Co-Lending,Ever Bounce,False,1,0,0.0,1.0,9322.0,2026-09-15 11:23:52,Ever Bounced,False,0.7,High
PR01432306,45.0,2,27393,472792,SBL,Ever Bounce,True,0,0,0.0,0.0,0.0,,Ever Bounced,False,0.7,High
PR01477579,45.0,2,35286,612084,ME,Ever Bounce,True,0,0,0.0,0.0,0.0,,Ever Bounced,False,0.7,High
PR01406470,45.0,2,56757,945466,ME,Ever Bounce,True,0,0,0.0,0.0,0.0,,Ever Bounced,False,0.7,High
PR01432444,45.0,2,24324,407205,ME,Ever Bounce,True,0,0,0.0,0.0,0.0,,Ever Bounced,False,0.7,High
PR01243914,45.0,2,56850,901658,SBL,Ever Bounce,True,0,0,0.0,0.0,0.0,,Ever Bounced,False,0.7,High
PR01432521,15.0,1,21770,415068,SBL,Ever Bounce,True,0,0,0.0,0.0,0.0,,Ever Bounced,False,0.7,High
PR01432665,45.0,2,78210,1349755,SBL,Ever Bounce,True,0,0,0.0,0.0,0.0,,Ever Bounced,False,0.7,High
PR01432721,45.0,2,44802,727761,SBL,Ever Bounce,True,0,0,0.0,0.0,0.0,,Ever Bounced,False,0.7,High
PR01432739,45.0,2,54056,904859,SBL,Ever Bounce,True,0,0,0.0,0.0,0.0,,Ever Bounced,False,0.7,High
PR01432874,45.0,2,44037,511239,Micro Loan,Ever Bounce,True,0,0,0.0,0.0,0.0,,Ever Bounced,False,0.7,High
PR01432887,45.0,2,99315,1824554,ME,Ever Bounce,False,1,0,0.0,1.0,33105.0,2026-09-14 16:31:32,Ever Bounced,False,0.7,High
PR01432962,45.0,2,27849,466218,SBL,Ever Bounce,True,0,0,0.0,0.0,0.0,,Ever Bounced,False,0.7,High
PR01499957,45.0,2,33954,576497,SBL,Ever Bounce,True,0,0,0.0,0.0,0.0,,Ever Bounced,False,0.7,High
PR01432967,45.0,2,43245,723894,SBL,Ever Bounce,True,0,0,0.0,0.0,0.0,,Ever Bounced,False,0.7,High
PR01433016,45.0,2,46893,544352,SBL,Ever Bounce,True,0,0,0.0,0.0,0.0,,Ever Bounced,False,0.7,High
PR01433051,45.0,2,54056,904859,SBL,Ever Bounce,False,1,0,0.0,1.0,18019.0,2026-09-15 19:13:00,Ever Bounced,False,0.7,High
PR01433118,45.0,2,37299,624357,SBL,Ever Bounce,False,1,0,0.0,1.0,12433.0,2026-09-12 16:48:47,Ever Bounced,False,0.7,High
PR01478665,45.0,2,27567,465933,ME,Ever Bounce,True,0,0,0.0,0.0,0.0,,Ever Bounced,False,0.7,High
PR01433217,45.0,2,34218,413495,SBL,Ever Bounce,True,0,0,0.0,0.0,0.0,,Ever Bounced,False,0.7,High
PR01433335,45.0,2,106629,2318981,SBL,Ever Bounce,True,0,0,0.0,0.0,0.0,,Ever Bounced,False,0.7,High
PR01433553,45.0,2,43245,723894,SBL,Ever Bounce,True,0,0,0.0,0.0,0.0,,Ever Bounced,False,0.7,High
PR01433733,45.0,2,75381,1341919,SBL,Ever Bounce,True,0,0,0.0,0.0,0.0,,Ever Bounced,False,0.7,High
PR01727922,45.0,2,25128,471825,ME,Ever Bounce,True,0,0,0.0,0.0,0.0,,Ever Bounced,False,0.7,High
PR01433746,45.0,2,59460,995373,SBL,Ever Bounce,True,0,0,0.0,0.0,0.0,,Ever Bounced,False,0.7,High
PR01433887,45.0,2,56301,942466,SBL,Ever Bounce,True,0,0,0.0,0.0,0.0,,Ever Bounced,False,0.7,High
PR01433893,45.0,2,83976,1908743,ME,Ever Bounce,True,0,0,0.0,0.0,0.0,,Ever Bounced,False,0.7,High
PR01693728,45.0,2,18055,389284,ME,Ever Bounce,True,0,0,0.0,0.0,0.0,,Ever Bounced,False,0.7,High
PR01433911,45.0,2,52110,683908,SBL,Ever Bounce,False,1,0,0.0,1.0,17370.0,2026-09-14 09:01:43,Ever Bounced,False,0.7,High
PR01433959,75.0,3,63876,584608,Micro Loan,Ever Bounce,True,0,0,0.0,0.0,0.0,,Ever Bounced,False,0.714,High
PR01433973,45.0,2,72600,1333779,SBL,Ever Bounce,True,0,0,0.0,0.0,0.0,,Ever Bounced,False,0.7,High
PR01862331,0.0,0,6615,332199,ME,Ever Bounce,True,0,0,0.0,0.0,0.0,,Ever Bounced,False,0.7,High
PR01433987,45.0,2,39972,492926,Micro Loan,Ever Bounce,True,0,0,0.0,0.0,0.0,,Ever Bounced,False,0.7,High
PR01434025,45.0,2,119856,2850593,ME,Ever Bounce,True,0,0,0.0,0.0,0.0,,Ever Bounced,False,0.7,High
PR01434096,45.0,2,54057,904859,SBL,Ever Bounce,True,0,0,0.0,0.0,0.0,,Ever Bounced,False,0.7,High
PR01434159,45.0,2,54596,913913,SBL,Ever Bounce,True,0,0,0.0,0.0,0.0,,Ever Bounced,False,0.7,High
PR01434161,45.0,2,67461,1129287,SBL,Ever Bounce,True,0,0,0.0,0.0,0.0,,Ever Bounced,False,0.7,High
PR01434176,45.0,2,50499,586234,Micro Loan,Ever Bounce,True,0,0,0.0,0.0,0.0,,Ever Bounced,False,0.7,High
PR01434195,45.0,2,61308,804581,SBL,Ever Bounce,True,0,0,0.0,0.0,0.0,,Ever Bounced,False,0.7,High
PR01434250,45.0,2,52518,609700,SBL,Ever Bounce,True,0,0,0.0,0.0,0.0,,Ever Bounced,False,0.7,High
PR01434258,45.0,2,52140,899838,SBL,Ever Bounce,True,0,0,0.0,0.0,0.0,,Ever Bounced,False,0.7,High
PR01434277,45.0,2,52419,851473,SBL,Ever Bounce,True,0,0,0.0,0.0,0.0,,Ever Bounced,False,0.7,High
PR01434361,45.0,2,55269,953819,SBL,Ever Bounce,True,0,0,0.0,0.0,0.0,,Ever Bounced,False,0.7,High
PR01473181,45.0,2,26070,454453,ME,Ever Bounce,True,0,0,0.0,0.0,0.0,,Ever Bounced,False,0.7,High
PR01434383,45.0,2,54057,904859,SBL,Ever Bounce,True,0,0,0.0,0.0,0.0,,Ever Bounced,False,0.7,High
PR01434435,45.0,2,74790,1396062,ME,Ever Bounce,True,0,0,0.0,0.0,0.0,,Ever Bounced,False,0.7,High
PR01465850,45.0,2,23979,452716,ME,Ever Bounce,True,0,0,0.0,0.0,0.0,,Ever Bounced,False,0.7,High
PR01434456,45.0,2,37839,633410,SBL,Ever Bounce,True,0,0,0.0,0.0,0.0,,Ever Bounced,False,0.7,High
PR01435121,45.0,2,118815,2700653,ME,Ever Bounce,True,0,0,0.0,0.0,0.0,,Ever Bounced,False,0.7,High
PR01858557,45.0,2,34818,767189,ME,Ever Bounce,True,0,0,0.0,0.0,0.0,,Ever Bounced,False,0.7,High
PR01444150,45.0,2,64632,1121140,SBL,Ever Bounce,False,1,0,0.0,1.0,21544.0,2026-09-10 18:20:34,Ever Bounced,False,0.7,High
PR01446457,45.0,2,25194,573837,ME,Ever Bounce,True,0,0,0.0,0.0,0.0,,Ever Bounced,False,0.7,High
PR01449114,45.0,2,50442,655274,SBL,Ever Bounce,True,0,0,0.0,0.0,0.0,,Ever Bounced,False,0.7,High
PR01449785,45.0,2,47907,584608,Micro Loan,Ever Bounce,True,0,0,0.0,0.0,0.0,,Ever Bounced,False,0.7,High
PR01449866,45.0,2,64866,1091118,SBL,Ever Bounce,False,1,0,0.0,1.0,21622.0,2026-09-16 12:26:08,Ever Bounced,False,0.7,High
PR01450284,45.0,2,43284,507208,Micro Loan,Ever Bounce,True,0,0,0.0,0.0,0.0,,Ever Bounced,False,0.7,High
PR01451373,45.0,2,64866,1091118,SBL,Ever Bounce,True,0,0,0.0,0.0,0.0,,Ever Bounced,False,0.7,High
PR01451387,45.0,2,54057,909239,SBL,Ever Bounce,False,1,0,0.0,1.0,18019.0,2026-09-15 14:47:19,Ever Bounced,False,0.7,High
PR01242195,0.0,0,21622,1016302,SBL,Ever Bounce,True,0,0,0.0,0.0,0.0,,Ever Bounced,False,0.7,High
PR01451398,45.0,2,27027,454633,ME,Ever Bounce,False,1,0,0.0,1.0,9009.0,2026-09-16 12:38:44,Ever Bounced,False,0.7,High
PR01451463,45.0,2,51858,659662,SBL,Ever Bounce,True,0,0,0.0,0.0,0.0,,Ever Bounced,False,0.7,High
PR01451766,45.0,2,64866,1091118,SBL,Ever Bounce,True,0,0,0.0,0.0,0.0,,Ever Bounced,False,0.7,High
PR01452114,45.0,2,44136,573378,SBL,Ever Bounce,True,0,0,0.0,0.0,0.0,,Ever Bounced,False,0.7,High
PR01452397,45.0,2,37641,459339,Micro Loan,Ever Bounce,True,0,0,0.0,0.0,0.0,,Ever Bounced,False,0.7,High
PR01412557,45.0,2,25407,423190,SBL,Ever Bounce,True,0,0,0.0,0.0,0.0,,Ever Bounced,False,0.7,High
PR01452718,45.0,2,30813,518258,SBL,Ever Bounce,True,0,0,0.0,0.0,0.0,,Ever Bounced,False,0.7,High
PR01453353,45.0,2,34136,571971,SBL,Ever Bounce,True,0,0,0.0,0.0,0.0,,Ever Bounced,False,0.7,High
PR01453376,45.0,2,39486,363106,ME,Ever Bounce,True,0,0,0.0,0.0,0.0,,Ever Bounced,False,0.7,High
PR01453379,45.0,2,81084,1363874,SBL,Ever Bounce,True,0,0,0.0,0.0,0.0,,Ever Bounced,False,0.7,High
PR01453389,45.0,2,37020,642119,SBL,Ever Bounce,True,0,0,0.0,0.0,0.0,,Ever Bounced,False,0.7,High
PR01242724,75.0,3,99872,1598205,ME,Ever Bounce,True,0,0,0.0,0.0,0.0,,Ever Bounced,False,0.719,High
PR01453416,45.0,2,55932,1333375,ME,Ever Bounce,True,0,0,0.0,0.0,0.0,,Ever Bounced,False,0.7,High
PR01453486,15.0,1,32848,955528,Co-Lending,Ever Bounce,False,1,0,0.0,1.0,16424.0,2026-09-07 17:04:01,Ever Bounced,False,0.7,High
PR01497549,45.0,2,33594,663823,Co-Lending,Ever Bounce,False,1,0,0.0,1.0,11198.0,2026-09-10 14:37:30,Ever Bounced,False,0.7,High
PR01453507,45.0,2,32463,380404,Micro Loan,Ever Bounce,True,0,0,0.0,0.0,0.0,,Ever Bounced,False,0.7,High
PR01453627,75.0,3,55156,699124,SBL,Ever Bounce,True,0,0,0.0,0.0,0.0,,Ever Bounced,False,0.713,High
PR01453641,45.0,2,58080,1072969,ME,Ever Bounce,True,0,0,0.0,0.0,0.0,,Ever Bounced,False,0.7,High
PR01453666,45.0,2,70272,1182034,SBL,Ever Bounce,True,0,0,0.0,0.0,0.0,,Ever Bounced,False,0.7,High
PR01453794,45.0,2,67260,1131344,SBL,Ever Bounce,True,0,0,0.0,0.0,0.0,,Ever Bounced,False,0.7,High
PR01453860,45.0,2,74364,1008116,SBL,Ever Bounce,True,0,0,0.0,0.0,0.0,,Ever Bounced,False,0.7,High
PR01453871,45.0,2,46476,758536,SBL,Ever Bounce,True,0,0,0.0,0.0,0.0,,Ever Bounced,False,0.7,High
PR01410837,45.0,2,70221,1730209,Co-Lending,Ever Bounce,True,0,0,0.0,0.0,0.0,,Ever Bounced,False,0.7,High
PR01453897,15.0,1,16196,599123,Co-Lending,Ever Bounce,True,0,0,0.0,0.0,0.0,,Ever Bounced,False,0.7,High
PR01453904,15.0,1,42688,1619247,Co-Lending,Ever Bounce,True,0,0,0.0,0.0,0.0,,Ever Bounced,False,0.7,High
PR01528549,45.0,2,28323,723541,Co-Lending,Ever Bounce,False,1,0,0.0,1.0,9441.0,2026-09-05 13:48:53,Ever Bounced,False,0.7,High
PR01453936,45.0,2,91890,2190526,ME,Ever Bounce,True,0,0,0.0,0.0,0.0,,Ever Bounced,False,0.7,High
PR01454003,45.0,2,50499,591726,Micro Loan,Ever Bounce,False,1,0,0.0,1.0,16833.0,2026-09-12 13:19:50,Ever Bounced,False,0.7,High
PR01454420,0.0,0,16797,970019,Co-Lending,Ever Bounce,False,1,0,0.0,1.0,16797.0,2026-09-15 19:35:07,Ever Bounced,False,0.7,High
PR01527169,45.0,2,16797,333992,Co-Lending,Ever Bounce,True,0,0,0.0,0.0,0.0,,Ever Bounced,False,0.7,High
PR01503083,45.0,2,30249,564929,ME,Ever Bounce,True,0,0,0.0,0.0,0.0,,Ever Bounced,False,0.7,High
PR01897119,15.0,1,16052,532415,ME,Ever Bounce,True,0,0,0.0,0.0,0.0,,Ever Bounced,False,0.7,High
PR01454508,45.0,2,26691,312787,Micro Loan,Ever Bounce,True,0,0,0.0,0.0,0.0,,Ever Bounced,False,0.7,High
PR01454512,45.0,2,41082,684668,Co-Lending,Ever Bounce,True,0,0,0.0,0.0,0.0,,Ever Bounced,False,0.7,High
PR01502878,45.0,2,18378,309053,Co-Lending,Ever Bounce,True,0,0,0.0,0.0,0.0,,Ever Bounced,False,0.7,High
PR01454567,45.0,2,86040,1916628,ME,Ever Bounce,True,0,0,0.0,0.0,0.0,,Ever Bounced,False,0.7,High
PR01454610,45.0,2,44325,745595,ME,Ever Bounce,True,0,0,0.0,0.0,0.0,,Ever Bounced,False,0.7,High
PR01454617,45.0,2,86187,1963260,ME,Ever Bounce,True,0,0,0.0,0.0,0.0,,Ever Bounced,False,0.7,High
PR01454713,45.0,2,37827,443261,Micro Loan,Ever Bounce,True,0,0,0.0,0.0,0.0,,Ever Bounced,False,0.7,High
PR01454717,45.0,2,72600,1341214,ME,Ever Bounce,True,0,0,0.0,0.0,0.0,,Ever Bounced,False,0.7,High
PR01895055,45.0,2,53256,958043,ME,Ever Bounce,True,0,0,0.0,0.0,0.0,,Ever Bounced,False,0.7,High
PR01454728,45.0,2,36498,633083,SBL,Ever Bounce,True,0,0,0.0,0.0,0.0,,Ever Bounced,False,0.7,High
PR01454739,45.0,2,41778,951635,ME,Ever Bounce,True,0,0,0.0,0.0,0.0,,Ever Bounced,False,0.7,High
PR01495991,45.0,2,33801,773132,ME,Ever Bounce,True,0,0,0.0,0.0,0.0,,Ever Bounced,False,0.7,High
PR01454821,45.0,2,70272,1182034,SBL,Ever Bounce,True,0,0,0.0,0.0,0.0,,Ever Bounced,False,0.7,High
PR01454825,45.0,2,39399,662718,SBL,Ever Bounce,True,0,0,0.0,0.0,0.0,,Ever Bounced,False,0.7,High
PR01627363,45.0,2,72904,2026639,Co-Lending,Ever Bounce,True,0,0,0.0,0.0,0.0,,Ever Bounced,False,0.7,High
PR01454968,45.0,2,42915,569449,SBL,Ever Bounce,True,0,0,0.0,0.0,0.0,,Ever Bounced,False,0.7,High
PR01771673,45.0,2,67203,1151332,ME,Ever Bounce,True,0,0,0.0,0.0,0.0,,Ever Bounced,False,0.7,High
PR01455173,45.0,2,53595,696229,ME,Ever Bounce,True,0,0,0.0,0.0,0.0,,Ever Bounced,False,0.7,High
PR01455519,0.0,0,19281,1024138,SBL,Ever Bounce,True,0,0,0.0,0.0,0.0,,Ever Bounced,False,0.7,High
PR01503093,45.0,2,13770,248978,SBL,Ever Bounce,True,0,0,0.0,0.0,0.0,,Ever Bounced,False,0.7,High
PR01455624,45.0,2,52140,904406,SBL,Ever Bounce,False,1,0,0.0,1.0,17380.0,2026-09-11 18:12:13,Ever Bounced,False,0.7,High
PR01455670,45.0,2,75663,982917,SBL,Ever Bounce,True,0,0,0.0,0.0,0.0,,Ever Bounced,False,0.7,High
PR01455685,45.0,2,41502,517056,Micro Loan,Ever Bounce,True,0,0,0.0,0.0,0.0,,Ever Bounced,False,0.7,High
PR01455729,45.0,2,64866,1091118,SBL,Ever Bounce,True,0,0,0.0,0.0,0.0,,Ever Bounced,False,0.7,High
PR01455745,45.0,2,40584,642853,SBL,Ever Bounce,True,0,0,0.0,0.0,0.0,,Ever Bounced,False,0.7,High
PR01455774,45.0,2,50442,655274,SBL,Ever Bounce,True,0,0,0.0,0.0,0.0,,Ever Bounced,False,0.7,High
PR01455792,45.0,2,33276,586239,ME,Ever Bounce,False,1,0,0.0,1.0,11092.0,2026-09-12 14:52:47,Ever Bounced,False,0.7,High
PR01552886,45.0,2,19965,358779,ME,Ever Bounce,False,1,0,0.0,1.0,6655.0,2026-09-12 14:54:50,Ever Bounced,False,0.7,High
PR01455794,45.0,2,96801,1788273,SBL,Ever Bounce,True,0,0,0.0,0.0,0.0,,Ever Bounced,False,0.7,High
PR01455807,45.0,2,39972,497951,Micro Loan,Ever Bounce,True,0,0,0.0,0.0,0.0,,Ever Bounced,False,0.7,High
PR01456397,45.0,2,50499,591726,Micro Loan,Ever Bounce,True,0,0,0.0,0.0,0.0,,Ever Bounced,False,0.7,High
PR01456540,45.0,2,50442,655274,SBL,Ever Bounce,True,0,0,0.0,0.0,0.0,,Ever Bounced,False,0.7,High
PR01430416,45.0,2,37839,633410,SBL,Ever Bounce,False,1,0,0.0,1.0,12613.0,2026-09-15 15:05:45,Ever Bounced,False,0.7,High
PR01460063,45.0,2,37839,639497,SBL,Ever Bounce,True,0,0,0.0,0.0,0.0,,Ever Bounced,False,0.7,High
PR01465655,45.0,2,46632,586727,SBL,Ever Bounce,True,0,0,0.0,0.0,0.0,,Ever Bounced,False,0.7,High
PR01465659,45.0,2,48399,891196,Co-Lending,Ever Bounce,True,0,0,0.0,0.0,0.0,,Ever Bounced,False,0.7,High
PR01433007,45.0,2,41730,698571,ME,Ever Bounce,True,0,0,0.0,0.0,0.0,,Ever Bounced,False,0.7,High
PR01467992,45.0,2,17730,299653,SBL,Ever Bounce,True,0,0,0.0,0.0,0.0,,Ever Bounced,False,0.7,High
PR01469996,45.0,2,56217,950120,SBL,Ever Bounce,True,0,0,0.0,0.0,0.0,,Ever Bounced,False,0.7,High
PR01471038,45.0,2,46770,613965,SBL,Ever Bounce,True,0,0,0.0,0.0,0.0,,Ever Bounced,False,0.7,High
PR01798415,15.0,1,9250,182090,ME,Ever Bounce,False,1,0,0.0,1.0,4625.0,2026-09-16 14:30:12,Ever Bounced,False,0.7,High
PR01471071,45.0,2,44136,579399,SBL,Ever Bounce,True,0,0,0.0,0.0,0.0,,Ever Bounced,False,0.7,High
PR01472071,45.0,2,43284,511826,Micro Loan,Ever Bounce,True,0,0,0.0,0.0,0.0,,Ever Bounced,False,0.7,High
PR01473199,45.0,2,36072,426501,Micro Loan,Ever Bounce,True,0,0,0.0,0.0,0.0,,Ever Bounced,False,0.7,High
PR01473524,45.0,2,28134,332692,Micro Loan,Ever Bounce,True,0,0,0.0,0.0,0.0,,Ever Bounced,False,0.7,High
PR01474274,45.0,2,42915,575600,SBL,Ever Bounce,True,0,0,0.0,0.0,0.0,,Ever Bounced,False,0.7,High
PR01475105,45.0,2,46893,554456,Micro Loan,Ever Bounce,True,0,0,0.0,0.0,0.0,,Ever Bounced,False,0.7,High
PR01475259,45.0,2,64866,1096296,SBL,Ever Bounce,True,0,0,0.0,0.0,0.0,,Ever Bounced,False,0.7,High
PR01475261,45.0,2,47907,590248,Micro Loan,Ever Bounce,True,0,0,0.0,0.0,0.0,,Ever Bounced,False,0.7,High
PR01475273,45.0,2,48651,822203,SBL,Ever Bounce,True,0,0,0.0,0.0,0.0,,Ever Bounced,False,0.7,High
PR01475299,45.0,2,29910,742565,Co-Lending,Ever Bounce,True,0,0,0.0,0.0,0.0,,Ever Bounced,False,0.7,High
PR01526138,45.0,2,19434,484628,Co-Lending,Ever Bounce,True,0,0,0.0,0.0,0.0,,Ever Bounced,False,0.7,High
PR01476152,45.0,2,47004,616978,SBL,Ever Bounce,True,0,0,0.0,0.0,0.0,,Ever Bounced,False,0.7,High
PR01476376,45.0,2,62564,1090691,SBL,Ever Bounce,True,0,0,0.0,0.0,0.0,,Ever Bounced,False,0.7,High
PR01476397,45.0,2,36072,426501,Micro Loan,Ever Bounce,True,0,0,0.0,0.0,0.0,,Ever Bounced,False,0.7,High
PR01815641,45.0,2,52091,957415,SBL,Ever Bounce,True,0,0,0.0,0.0,0.0,,Ever Bounced,False,0.7,High
PR01924244,45.0,2,26070,486490,ME,Ever Bounce,True,0,0,0.0,0.0,0.0,,Ever Bounced,False,0.7,High
PR01476405,45.0,2,44583,527173,Micro Loan,Ever Bounce,True,0,0,0.0,0.0,0.0,,Ever Bounced,False,0.7,High
PR01476437,45.0,2,60306,1084871,SBL,Ever Bounce,False,1,0,0.0,1.0,20102.0,2026-09-09 20:06:46,Ever Bounced,False,0.7,High
PR01476439,45.0,2,42000,688534,SBL,Ever Bounce,True,0,0,0.0,0.0,0.0,,Ever Bounced,False,0.7,High
PR01476801,45.0,2,70272,1187643,SBL,Ever Bounce,False,1,0,0.0,1.0,23424.0,2026-09-12 15:21:30,Ever Bounced,False,0.7,High
PR01477371,45.0,2,72132,946887,SBL,Ever Bounce,True,0,0,0.0,0.0,0.0,,Ever Bounced,False,0.7,High
PR01477411,45.0,2,43482,691747,SBL,Ever Bounce,True,0,0,0.0,0.0,0.0,,Ever Bounced,False,0.7,High
PR01477469,45.0,2,48651,822203,SBL,Ever Bounce,False,1,0,0.0,1.0,16217.0,2026-09-10 18:26:57,Ever Bounced,False,0.7,High
PR01477489,45.0,2,36072,426501,Micro Loan,Ever Bounce,True,0,0,0.0,0.0,0.0,,Ever Bounced,False,0.7,High
PR01477492,45.0,2,62163,1050613,SBL,Ever Bounce,True,0,0,0.0,0.0,0.0,,Ever Bounced,False,0.7,High
PR01477525,45.0,2,53985,1372664,Co-Lending,Ever Bounce,True,0,0,0.0,0.0,0.0,,Ever Bounced,False,0.7,High
PR01477557,45.0,2,40515,504423,Micro Loan,Ever Bounce,True,0,0,0.0,0.0,0.0,,Ever Bounced,False,0.7,High
PR01477581,45.0,2,43245,730850,SBL,Ever Bounce,True,0,0,0.0,0.0,0.0,,Ever Bounced,False,0.7,High
PR01477590,45.0,2,36783,493382,SBL,Ever Bounce,False,2,0,0.0,1.0,36783.0,2026-09-12 16:53:13,Ever Bounced,False,0.7,High
PR01477659,45.0,2,39384,665589,SBL,Ever Bounce,True,0,0,0.0,0.0,0.0,,Ever Bounced,False,0.7,High
PR01477697,45.0,2,83622,1504377,SBL,Ever Bounce,True,0,0,0.0,0.0,0.0,,Ever Bounced,False,0.7,High
PR01477873,45.0,2,43245,730850,SBL,Ever Bounce,True,0,0,0.0,0.0,0.0,,Ever Bounced,False,0.7,High
PR01477979,45.0,2,46893,554456,Micro Loan,Ever Bounce,True,0,0,0.0,0.0,0.0,,Ever Bounced,False,0.7,High
PR01756584,45.0,2,82845,2046387,ME,Ever Bounce,True,0,0,0.0,0.0,0.0,,Ever Bounced,False,0.7,High
PR01478408,45.0,2,47907,316721,Micro Loan,Ever Bounce,True,0,0,0.0,0.0,0.0,,Ever Bounced,False,0.7,High
PR01478426,45.0,2,57180,1276330,ME,Ever Bounce,True,0,0,0.0,0.0,0.0,,Ever Bounced,False,0.7,High
PR01537574,0.0,0,2851,191328,ME,Ever Bounce,True,0,0,0.0,0.0,0.0,,Ever Bounced,False,0.7,High
PR01478730,45.0,2,36498,636236,SBL,Ever Bounce,True,0,0,0.0,0.0,0.0,,Ever Bounced,False,0.7,High
PR01478753,45.0,2,44802,734425,SBL,Ever Bounce,True,0,0,0.0,0.0,0.0,,Ever Bounced,False,0.7,High
PR01478844,45.0,2,59301,1066790,ME,Ever Bounce,True,0,0,0.0,0.0,0.0,,Ever Bounced,False,0.7,High
PR01499919,45.0,2,31050,561416,ME,Ever Bounce,True,0,0,0.0,0.0,0.0,,Ever Bounced,False,0.7,High
PR01628162,45.0,2,10050,186199,ME,Ever Bounce,True,0,0,0.0,0.0,0.0,,Ever Bounced,False,0.7,High
PR01478862,45.0,2,47784,820143,SBL,Ever Bounce,True,0,0,0.0,0.0,0.0,,Ever Bounced,False,0.7,High
PR01478965,45.0,2,44136,579399,SBL,Ever Bounce,False,1,0,0.0,1.0,14712.0,2026-09-12 18:18:32,Ever Bounced,False,0.7,High
PR01774606,45.0,2,74007,1842154,Co-Lending,Ever Bounce,True,0,0,0.0,0.0,0.0,,Ever Bounced,False,0.7,High
PR01479201,45.0,2,44136,579399,SBL,Ever Bounce,False,1,0,0.0,1.0,14712.0,2026-09-09 20:09:20,Ever Bounced,False,0.7,High
PR01479202,45.0,2,28677,499899,SBL,Ever Bounce,True,0,0,0.0,0.0,0.0,,Ever Bounced,False,0.7,High
PR01550741,45.0,2,28155,497907,SBL,Ever Bounce,True,0,0,0.0,0.0,0.0,,Ever Bounced,False,0.7,High
PR01479222,45.0,2,36792,435046,Micro Loan,Ever Bounce,True,0,0,0.0,0.0,0.0,,Ever Bounced,False,0.7,High
PR01479254,45.0,2,41712,727127,SBL,Ever Bounce,True,0,0,0.0,0.0,0.0,,Ever Bounced,False,0.7,High
PR01479396,45.0,2,64866,1096296,SBL,Ever Bounce,True,0,0,0.0,0.0,0.0,,Ever Bounced,False,0.7,High
PR01479411,45.0,2,49047,657815,SBL,Ever Bounce,True,0,0,0.0,0.0,0.0,,Ever Bounced,False,0.7,High
PR01479570,45.0,2,74220,1401143,ME,Ever Bounce,True,0,0,0.0,0.0,0.0,,Ever Bounced,False,0.7,High
PR01479571,45.0,2,37515,443559,SBL,Ever Bounce,True,0,0,0.0,0.0,0.0,,Ever Bounced,False,0.7,High
PR01479640,45.0,2,45378,583074,SBL,Ever Bounce,True,0,0,0.0,0.0,0.0,,Ever Bounced,False,0.7,High
PR01479801,45.0,2,50499,597114,Micro Loan,Ever Bounce,True,0,0,0.0,0.0,0.0,,Ever Bounced,False,0.7,High
PR01783123,45.0,2,25893,261376,ME,Ever Bounce,True,0,0,0.0,0.0,0.0,,Ever Bounced,False,0.7,High
PR01479860,45.0,2,42693,649892,SBL,Ever Bounce,False,1,0,0.0,1.0,14231.0,2026-09-09 10:09:08,Ever Bounced,False,0.7,High
PR01479877,45.0,2,42213,759422,ME,Ever Bounce,True,0,0,0.0,0.0,0.0,,Ever Bounced,False,0.7,High
PR01554373,45.0,2,25731,469904,ME,Ever Bounce,True,0,0,0.0,0.0,0.0,,Ever Bounced,False,0.7,High
PR01479997,75.0,3,109160,1872824,ME,Ever Bounce,True,0,0,0.0,0.0,0.0,,Ever Bounced,False,0.72,High
PR01480091,45.0,2,50574,881658,SBL,Ever Bounce,True,0,0,0.0,0.0,0.0,,Ever Bounced,False,0.7,High
PR01480557,45.0,2,43284,511826,SBL,Ever Bounce,True,0,0,0.0,0.0,0.0,,Ever Bounced,False,0.7,High
PR01480606,45.0,2,31398,386897,Micro Loan,Ever Bounce,True,0,0,0.0,0.0,0.0,,Ever Bounced,False,0.7,High
PR01481239,45.0,2,72513,951828,SBL,Ever Bounce,True,0,0,0.0,0.0,0.0,,Ever Bounced,False,0.7,High
PR01857000,45.0,2,61584,824782,ME,Ever Bounce,True,0,0,0.0,0.0,0.0,,Ever Bounced,False,0.7,High
PR01481361,45.0,2,54483,949783,SBL,Ever Bounce,True,0,0,0.0,0.0,0.0,,Ever Bounced,False,0.7,High
PR01481384,45.0,2,39366,686222,SBL,Ever Bounce,True,0,0,0.0,0.0,0.0,,Ever Bounced,False,0.7,High
PR01481721,45.0,2,72600,1348557,ME,Ever Bounce,True,0,0,0.0,0.0,0.0,,Ever Bounced,False,0.7,High
PR01484072,45.0,2,26070,454453,SBL,Ever Bounce,True,0,0,0.0,0.0,0.0,,Ever Bounced,False,0.7,High
PR01758476,45.0,2,32436,572005,ME,Ever Bounce,True,0,0,0.0,0.0,0.0,,Ever Bounced,False,0.7,High
PR01484223,45.0,2,41712,730680,SBL,Ever Bounce,True,0,0,0.0,0.0,0.0,,Ever Bounced,False,0.7,High
PR01522068,45.0,2,13557,238603,ME,Ever Bounce,True,0,0,0.0,0.0,0.0,,Ever Bounced,False,0.7,High
PR01488606,45.0,2,35139,427956,Micro Loan,Ever Bounce,False,1,0,0.0,1.0,11713.0,2026-09-11 12:46:18,Ever Bounced,False,0.7,High
PR01498794,45.0,2,35139,427956,Micro Loan,Ever Bounce,True,0,0,0.0,0.0,0.0,,Ever Bounced,False,0.7,High
PR01499078,45.0,2,43407,653727,SBL,Ever Bounce,False,1,0,0.0,1.0,14469.0,2026-09-10 19:29:47,Ever Bounced,False,0.7,High
PR01499893,45.0,2,78396,1417580,SBL,Ever Bounce,True,0,0,0.0,0.0,0.0,,Ever Bounced,False,0.7,High
PR01500000,45.0,2,54057,917807,SBL,Ever Bounce,True,0,0,0.0,0.0,0.0,,Ever Bounced,False,0.7,High
PR01500867,45.0,2,47601,783792,SBL,Ever Bounce,True,0,0,0.0,0.0,0.0,,Ever Bounced,False,0.7,High
PR01501163,45.0,2,26919,321097,ME,Ever Bounce,True,0,0,0.0,0.0,0.0,,Ever Bounced,False,0.7,High
PR01501182,45.0,2,48651,826030,SBL,Ever Bounce,True,0,0,0.0,0.0,0.0,,Ever Bounced,False,0.7,High
PR01501251,45.0,2,36072,430278,Micro Loan,Ever Bounce,True,0,0,0.0,0.0,0.0,,Ever Bounced,False,0.7,High
PR01501748,45.0,2,37014,432561,SBL,Ever Bounce,True,0,0,0.0,0.0,0.0,,Ever Bounced,False,0.7,High
PR01502449,45.0,2,57888,820170,SBL,Ever Bounce,True,0,0,0.0,0.0,0.0,,Ever Bounced,False,0.7,High
PR01543543,45.0,2,17367,251381,SBL,Ever Bounce,True,0,0,0.0,0.0,0.0,,Ever Bounced,False,0.7,High
PR01555544,45.0,2,39171,535721,SBL,Ever Bounce,True,0,0,0.0,0.0,0.0,,Ever Bounced,False,0.7,High
PR01580885,0.0,0,6560,266517,SBL,Ever Bounce,True,0,0,0.0,0.0,0.0,,Ever Bounced,False,0.7,High
PR01502576,45.0,2,31527,418079,SBL,Ever Bounce,True,0,0,0.0,0.0,0.0,,Ever Bounced,False,0.7,High
PR01502695,45.0,2,34218,425579,Micro Loan,Ever Bounce,True,0,0,0.0,0.0,0.0,,Ever Bounced,False,0.7,High
PR01502724,45.0,2,56757,963724,SBL,Ever Bounce,True,0,0,0.0,0.0,0.0,,Ever Bounced,False,0.7,High
PR01502884,45.0,2,49047,664747,SBL,Ever Bounce,True,0,0,0.0,0.0,0.0,,Ever Bounced,False,0.7,High
PR01502892,45.0,2,43282,516357,SBL,Ever Bounce,True,0,0,0.0,0.0,0.0,,Ever Bounced,False,0.7,High
PR01502938,45.0,2,63054,836160,SBL,Ever Bounce,True,0,0,0.0,0.0,0.0,,Ever Bounced,False,0.7,High
PR01866437,45.0,2,41712,547514,ME,Ever Bounce,True,0,0,0.0,0.0,0.0,,Ever Bounced,False,0.7,High
PR01503269,45.0,2,43245,734251,SBL,Ever Bounce,True,0,0,0.0,0.0,0.0,,Ever Bounced,False,0.7,High
PR01503364,45.0,2,42000,691584,SBL,Ever Bounce,True,0,0,0.0,0.0,0.0,,Ever Bounced,False,0.7,High
PR01503386,45.0,2,54057,917807,SBL,Ever Bounce,True,0,0,0.0,0.0,0.0,,Ever Bounced,False,0.7,High
PR01511378,45.0,2,36072,433984,Micro Loan,Ever Bounce,True,0,0,0.0,0.0,0.0,,Ever Bounced,False,0.7,High
PR01513364,45.0,2,88173,2021027,ME,Ever Bounce,True,0,0,0.0,0.0,0.0,,Ever Bounced,False,0.7,High
PR01516397,45.0,2,44802,740882,SBL,Ever Bounce,False,1,0,0.0,1.0,14934.0,2026-09-12 19:46:28,Ever Bounced,False,0.7,High
PR01517920,45.0,2,42918,779930,ME,Ever Bounce,True,0,0,0.0,0.0,0.0,,Ever Bounced,False,0.7,High
PR01566152,45.0,2,22413,411326,ME,Ever Bounce,True,0,0,0.0,0.0,0.0,,Ever Bounced,False,0.7,High
PR01431847,45.0,2,84132,2028399,Co-Lending,Ever Bounce,True,0,0,0.0,0.0,0.0,,Ever Bounced,False,0.7,High
PR01519330,45.0,2,28824,701831,Co-Lending,Ever Bounce,True,0,0,0.0,0.0,0.0,,Ever Bounced,False,0.7,High
PR01474320,45.0,2,41622,703455,SBL,Ever Bounce,True,0,0,0.0,0.0,0.0,,Ever Bounced,False,0.7,High
PR01522070,45.0,2,39462,673053,SBL,Ever Bounce,True,0,0,0.0,0.0,0.0,,Ever Bounced,False,0.7,High
PR01523605,45.0,2,29568,488995,SBL,Ever Bounce,True,0,0,0.0,0.0,0.0,,Ever Bounced,False,0.7,High
PR01538340,45.0,2,11199,186022,ME,Ever Bounce,True,0,0,0.0,0.0,0.0,,Ever Bounced,False,0.7,High
PR01523935,45.0,2,33879,636060,ME,Ever Bounce,True,0,0,0.0,0.0,0.0,,Ever Bounced,False,0.7,High
PR01524960,45.0,2,113493,2830137,Co-Lending,Ever Bounce,True,0,0,0.0,0.0,0.0,,Ever Bounced,False,0.7,High
PR01756765,45.0,2,80373,2108469,Co-Lending,Ever Bounce,True,0,0,0.0,0.0,0.0,,Ever Bounced,False,0.7,High
PR01525166,45.0,2,43245,737602,SBL,Ever Bounce,True,0,0,0.0,0.0,0.0,,Ever Bounced,False,0.7,High
PR01525960,45.0,2,91064,2271681,Co-Lending,Ever Bounce,True,0,0,0.0,0.0,0.0,,Ever Bounced,False,0.7,High
PR01526322,45.0,2,45948,783700,SBL,Ever Bounce,True,0,0,0.0,0.0,0.0,,Ever Bounced,False,0.7,High
PR01527219,45.0,2,67461,1150670,SBL,Ever Bounce,True,0,0,0.0,0.0,0.0,,Ever Bounced,False,0.7,High
PR01527440,45.0,2,43476,697531,Micro Loan,Ever Bounce,True,0,0,0.0,0.0,0.0,,Ever Bounced,False,0.7,High
PR01527931,45.0,2,46869,614124,SBL,Ever Bounce,True,0,0,0.0,0.0,0.0,,Ever Bounced,False,0.7,High
PR01300976,45.0,2,20856,346399,SBL,Ever Bounce,True,0,0,0.0,0.0,0.0,,Ever Bounced,False,0.7,High
PR01528480,45.0,2,47289,633393,SBL,Ever Bounce,True,0,0,0.0,0.0,0.0,,Ever Bounced,False,0.7,High
PR01528534,45.0,2,41268,693068,SBL,Ever Bounce,True,0,0,0.0,0.0,0.0,,Ever Bounced,False,0.7,High
PR01754397,15.0,1,31836,1084024,ME,Ever Bounce,True,0,0,0.0,0.0,0.0,,Ever Bounced,False,0.7,High
PR01528633,45.0,2,45150,770114,SBL,Ever Bounce,True,0,0,0.0,0.0,0.0,,Ever Bounced,False,0.7,High
PR01555516,45.0,2,29037,726138,Co-Lending,Ever Bounce,True,0,0,0.0,0.0,0.0,,Ever Bounced,False,0.7,High
PR01528847,45.0,2,48651,829800,SBL,Ever Bounce,True,0,0,0.0,0.0,0.0,,Ever Bounced,False,0.7,High
PR01528905,45.0,2,54057,921996,SBL,Ever Bounce,True,0,0,0.0,0.0,0.0,,Ever Bounced,False,0.7,High
PR01528960,45.0,2,42224,709405,SBL,Ever Bounce,True,0,0,0.0,0.0,0.0,,Ever Bounced,False,0.7,High
PR01531901,45.0,2,43284,520803,Micro Loan,Ever Bounce,False,2,0,0.0,1.0,28856.0,2026-09-12 17:17:56,Ever Bounced,False,0.7,High
PR01532942,45.0,2,44754,618980,SBL,Ever Bounce,True,0,0,0.0,0.0,0.0,,Ever Bounced,False,0.7,High
PR01552640,45.0,2,34932,617783,SBL,Ever Bounce,True,0,0,0.0,0.0,0.0,,Ever Bounced,False,0.7,High
PR01581908,0.0,0,1738,91772,SBL,Ever Bounce,True,0,0,0.0,0.0,0.0,,Ever Bounced,False,0.7,High
PR01534967,45.0,2,30813,527883,SBL,Ever Bounce,True,0,0,0.0,0.0,0.0,,Ever Bounced,False,0.7,High
PR01536404,45.0,2,87636,2139783,Co-Lending,Ever Bounce,True,0,0,0.0,0.0,0.0,,Ever Bounced,False,0.7,High
PR01536637,45.0,2,60228,1352279,ME,Ever Bounce,True,0,0,0.0,0.0,0.0,,Ever Bounced,False,0.7,High
PR01576425,45.0,2,12906,290327,ME,Ever Bounce,True,0,0,0.0,0.0,0.0,,Ever Bounced,False,0.7,High
PR01538102,45.0,2,39105,691536,SBL,Ever Bounce,True,0,0,0.0,0.0,0.0,,Ever Bounced,False,0.7,High
PR01539765,45.0,2,37014,439719,Micro Loan,Ever Bounce,True,0,0,0.0,0.0,0.0,,Ever Bounced,False,0.7,High
PR01453157,45.0,2,56748,737178,SBL,Ever Bounce,True,0,0,0.0,0.0,0.0,,Ever Bounced,False,0.7,High
PR01540971,45.0,2,31527,426367,SBL,Ever Bounce,True,0,0,0.0,0.0,0.0,,Ever Bounced,False,0.7,High
PR01542411,45.0,2,53238,1004689,ME,Ever Bounce,True,0,0,0.0,0.0,0.0,,Ever Bounced,False,0.7,High
PR01563109,45.0,2,36300,688515,ME,Ever Bounce,True,0,0,0.0,0.0,0.0,,Ever Bounced,False,0.7,High
PR01546029,45.0,2,39678,481390,Micro Loan,Ever Bounce,True,0,0,0.0,0.0,0.0,,Ever Bounced,False,0.7,High
PR01546950,45.0,2,94287,2415678,Co-Lending,Ever Bounce,True,0,0,0.0,0.0,0.0,,Ever Bounced,False,0.7,High
PR01586225,45.0,2,16638,428208,Co-Lending,Ever Bounce,True,0,0,0.0,0.0,0.0,,Ever Bounced,False,0.7,High
PR01547806,45.0,2,48618,525653,SBL,Ever Bounce,True,0,0,0.0,0.0,0.0,,Ever Bounced,False,0.7,High
PR01547844,45.0,2,43407,658561,SBL,Ever Bounce,True,0,0,0.0,0.0,0.0,,Ever Bounced,False,0.7,High
PR01547921,75.0,3,49352,443193,Micro Loan,Ever Bounce,True,0,0,0.0,0.0,0.0,,Ever Bounced,False,0.712,High
PR01548995,45.0,2,66558,1490888,Co-Lending,Ever Bounce,True,0,0,0.0,0.0,0.0,,Ever Bounced,False,0.7,High
PR01602701,45.0,2,36537,824382,Co-Lending,Ever Bounce,True,0,0,0.0,0.0,0.0,,Ever Bounced,False,0.7,High
PR01549119,45.0,2,66213,915736,SBL,Ever Bounce,True,0,0,0.0,0.0,0.0,,Ever Bounced,False,0.7,High
PR01549137,45.0,2,62568,1106456,SBL,Ever Bounce,True,0,0,0.0,0.0,0.0,,Ever Bounced,False,0.7,High
PR01550328,45.0,2,50442,682197,SBL,Ever Bounce,True,0,0,0.0,0.0,0.0,,Ever Bounced,False,0.7,High
PR01551503,45.0,2,48651,833514,SBL,Ever Bounce,False,1,0,0.0,1.0,16217.0,2026-09-16 16:22:38,Ever Bounced,False,0.7,High
PR01551513,45.0,2,81084,1389197,SBL,Ever Bounce,True,0,0,0.0,0.0,0.0,,Ever Bounced,False,0.7,High
PR01551656,45.0,2,31023,548620,SBL,Ever Bounce,True,0,0,0.0,0.0,0.0,,Ever Bounced,False,0.7,High
PR01596826,0.0,0,3563,189016,SBL,Ever Bounce,True,0,0,0.0,0.0,0.0,,Ever Bounced,False,0.7,High
PR01551658,45.0,2,100770,2314396,ME,Ever Bounce,True,0,0,0.0,0.0,0.0,,Ever Bounced,False,0.7,High
PR01552794,45.0,2,54057,926123,SBL,Ever Bounce,True,0,0,0.0,0.0,0.0,,Ever Bounced,False,0.7,High
PR01552847,75.0,3,54748,524461,Micro Loan,Ever Bounce,True,0,0,0.0,0.0,0.0,,Ever Bounced,False,0.713,High
PR01553040,45.0,2,54057,926123,SBL,Ever Bounce,False,1,0,0.0,1.0,18019.0,2026-09-17 12:41:20,Ever Bounced,False,0.7,High
PR01553773,45.0,2,64689,1143993,SBL,Ever Bounce,True,0,0,0.0,0.0,0.0,,Ever Bounced,False,0.7,High
PR01537579,45.0,2,31159,760800,Co-Lending,Ever Bounce,True,0,0,0.0,0.0,0.0,,Ever Bounced,False,0.7,High
PR01553908,45.0,2,50634,1236321,Co-Lending,Ever Bounce,True,0,0,0.0,0.0,0.0,,Ever Bounced,False,0.7,High
PR01554085,45.0,2,55670,953921,SBL,Ever Bounce,True,0,0,0.0,0.0,0.0,,Ever Bounced,False,0.7,High
PR01554122,45.0,2,96249,1702118,SBL,Ever Bounce,True,0,0,0.0,0.0,0.0,,Ever Bounced,False,0.7,High
PR01554483,45.0,2,41568,954685,ME,Ever Bounce,True,0,0,0.0,0.0,0.0,,Ever Bounced,False,0.7,High
PR01858525,45.0,2,14457,274797,ME,Ever Bounce,True,0,0,0.0,0.0,0.0,,Ever Bounced,False,0.7,High
PR01554905,45.0,2,55986,959248,SBL,Ever Bounce,True,0,0,0.0,0.0,0.0,,Ever Bounced,False,0.7,High
PR01555161,45.0,2,64866,1111374,SBL,Ever Bounce,True,0,0,0.0,0.0,0.0,,Ever Bounced,False,0.7,High
PR01555272,45.0,2,56271,908063,SBL,Ever Bounce,True,0,0,0.0,0.0,0.0,,Ever Bounced,False,0.7,High
PR01555275,45.0,2,48651,833514,SBL,Ever Bounce,True,0,0,0.0,0.0,0.0,,Ever Bounced,False,0.7,High
PR01555283,45.0,2,46632,603462,Micro Loan,Ever Bounce,True,0,0,0.0,0.0,0.0,,Ever Bounced,False,0.7,High
PR01555347,45.0,2,66213,1616730,Co-Lending,Ever Bounce,True,0,0,0.0,0.0,0.0,,Ever Bounced,False,0.7,High
PR01555350,45.0,2,35679,892253,Co-Lending,Ever Bounce,True,0,0,0.0,0.0,0.0,,Ever Bounced,False,0.7,High
PR01605953,45.0,2,9870,247836,Co-Lending,Ever Bounce,True,0,0,0.0,0.0,0.0,,Ever Bounced,False,0.7,High
PR02015755,45.0,2,21087,492493,Co-Lending,Ever Bounce,True,0,0,0.0,0.0,0.0,,Ever Bounced,False,0.7,High
PR01555369,45.0,2,56747,767467,SBL,Ever Bounce,True,0,0,0.0,0.0,0.0,,Ever Bounced,False,0.7,High
PR01781693,45.0,2,110152,2452299,ME,Ever Bounce,True,0,0,0.0,0.0,0.0,,Ever Bounced,False,0.7,High
PR01555669,45.0,2,31089,425168,SBL,Ever Bounce,True,0,0,0.0,0.0,0.0,,Ever Bounced,False,0.7,High
PR01560615,45.0,2,18654,257558,ME,Ever Bounce,True,0,0,0.0,0.0,0.0,,Ever Bounced,False,0.7,High
PR01555747,45.0,2,53094,924111,SBL,Ever Bounce,True,0,0,0.0,0.0,0.0,,Ever Bounced,False,0.7,High
PR01555798,45.0,2,27291,626822,ME,Ever Bounce,True,0,0,0.0,0.0,0.0,,Ever Bounced,False,0.7,High
PR01569197,45.0,2,31491,724684,ME,Ever Bounce,True,0,0,0.0,0.0,0.0,,Ever Bounced,False,0.7,High
PR01555859,45.0,2,56748,767467,SBL,Ever Bounce,True,0,0,0.0,0.0,0.0,,Ever Bounced,False,0.7,High
PR01555869,45.0,2,37365,820382,ME,Ever Bounce,True,0,0,0.0,0.0,0.0,,Ever Bounced,False,0.7,High
PR01580987,45.0,2,30798,677480,ME,Ever Bounce,False,1,0,0.0,1.0,10266.0,2026-09-10 16:56:08,Ever Bounced,False,0.7,High
PR01555923,45.0,2,37839,648294,SBL,Ever Bounce,False,1,0,0.0,1.0,12615.0,2026-09-10 10:28:09,Ever Bounced,False,0.7,High
PR01555965,45.0,2,39105,691536,SBL,Ever Bounce,True,0,0,0.0,0.0,0.0,,Ever Bounced,False,0.7,High
PR01555991,45.0,2,26673,598861,ME,Ever Bounce,True,0,0,0.0,0.0,0.0,,Ever Bounced,False,0.7,High
PR01595218,45.0,2,15057,339349,ME,Ever Bounce,True,0,0,0.0,0.0,0.0,,Ever Bounced,False,0.7,High
PR01556736,45.0,2,28857,350099,Micro Loan,Ever Bounce,True,0,0,0.0,0.0,0.0,,Ever Bounced,False,0.7,High
PR01563583,45.0,2,54057,930189,SBL,Ever Bounce,True,0,0,0.0,0.0,0.0,,Ever Bounced,False,0.7,High
PR01563265,45.0,2,78396,1438707,SBL,Ever Bounce,True,0,0,0.0,0.0,0.0,,Ever Bounced,False,0.7,High
PR01564267,45.0,2,37080,906626,Co-Lending,Ever Bounce,True,0,0,0.0,0.0,0.0,,Ever Bounced,False,0.7,High
PR01564290,45.0,2,53092,928272,SBL,Ever Bounce,True,0,0,0.0,0.0,0.0,,Ever Bounced,False,0.7,High
PR01566534,45.0,2,37014,443193,Micro Loan,Ever Bounce,True,0,0,0.0,0.0,0.0,,Ever Bounced,False,0.7,High
PR01566542,45.0,2,43284,529445,Micro Loan,Ever Bounce,True,0,0,0.0,0.0,0.0,,Ever Bounced,False,0.7,High
PR01568892,45.0,2,58395,1037472,SBL,Ever Bounce,True,0,0,0.0,0.0,0.0,,Ever Bounced,False,0.7,High
PR01976572,45.0,2,22497,494837,ME,Ever Bounce,True,0,0,0.0,0.0,0.0,,Ever Bounced,False,0.7,High
PR01244959,45.0,2,24372,409053,ME,Ever Bounce,True,0,0,0.0,0.0,0.0,,Ever Bounced,False,0.7,High
PR01259136,45.0,2,27891,471091,ME,Ever Bounce,True,0,0,0.0,0.0,0.0,,Ever Bounced,False,0.7,High
PR01569875,45.0,2,26070,463150,ME,Ever Bounce,True,0,0,0.0,0.0,0.0,,Ever Bounced,False,0.7,High
PR01572484,45.0,2,44136,602606,SBL,Ever Bounce,True,0,0,0.0,0.0,0.0,,Ever Bounced,False,0.7,High
PR01573749,45.0,2,53094,928272,SBL,Ever Bounce,True,0,0,0.0,0.0,0.0,,Ever Bounced,False,0.7,High
PR01574417,45.0,2,48498,633206,SBL,Ever Bounce,False,1,0,0.0,1.0,16166.0,2026-09-13 10:25:03,Ever Bounced,False,0.7,High
PR01577873,45.0,2,25251,308824,SBL,Ever Bounce,True,0,0,0.0,0.0,0.0,,Ever Bounced,False,0.7,High
PR01578202,45.0,2,54057,930189,SBL,Ever Bounce,True,0,0,0.0,0.0,0.0,,Ever Bounced,False,0.7,High
PR01897828,45.0,2,23331,348711,ME,Ever Bounce,True,0,0,0.0,0.0,0.0,,Ever Bounced,False,0.7,High
PR01578681,45.0,2,83424,1482085,SBL,Ever Bounce,True,0,0,0.0,0.0,0.0,,Ever Bounced,False,0.7,High
PR01578749,45.0,2,57354,1018931,SBL,Ever Bounce,False,1,0,0.0,1.0,19118.0,2026-09-15 16:10:11,Ever Bounced,False,0.7,High
PR01578866,45.0,2,50830,903156,SBL,Ever Bounce,True,0,0,0.0,0.0,0.0,,Ever Bounced,False,0.7,High
PR01578890,45.0,2,54951,960735,SBL,Ever Bounce,False,1,0,0.0,1.0,18317.0,2026-09-15 18:00:39,Ever Bounced,False,0.7,High
PR01578904,45.0,2,78210,1389454,SBL,Ever Bounce,True,0,0,0.0,0.0,0.0,,Ever Bounced,False,0.7,High
PR01830931,45.0,2,24963,431363,SBL,Ever Bounce,True,0,0,0.0,0.0,0.0,,Ever Bounced,False,0.7,High
PR01579398,45.0,2,40908,750714,ME,Ever Bounce,True,0,0,0.0,0.0,0.0,,Ever Bounced,False,0.7,High
PR01697282,45.0,2,20733,387589,ME,Ever Bounce,True,0,0,0.0,0.0,0.0,,Ever Bounced,False,0.7,High
PR01579735,75.0,3,81798,2018869,ME,Ever Bounce,True,0,0,0.0,0.0,0.0,,Ever Bounced,False,0.717,High
PR01600296,45.0,2,19863,491339,ME,Ever Bounce,True,0,0,0.0,0.0,0.0,,Ever Bounced,False,0.7,High
PR01579889,45.0,2,59934,593149,SBL,Ever Bounce,True,0,0,0.0,0.0,0.0,,Ever Bounced,False,0.7,High
PR01846117,45.0,2,25683,260756,ME,Ever Bounce,True,0,0,0.0,0.0,0.0,,Ever Bounced,False,0.7,High
PR01580019,45.0,2,36072,441188,Micro Loan,Ever Bounce,True,0,0,0.0,0.0,0.0,,Ever Bounced,False,0.7,High
PR01580039,45.0,2,66342,1661502,Co-Lending,Ever Bounce,True,0,0,0.0,0.0,0.0,,Ever Bounced,False,0.7,High
PR01580721,45.0,2,58425,1428501,Co-Lending,Ever Bounce,True,0,0,0.0,0.0,0.0,,Ever Bounced,False,0.7,High
PR01580796,75.0,3,101220,1907854,Co-Lending,Ever Bounce,True,0,0,0.0,0.0,0.0,,Ever Bounced,False,0.719,High
PR01628945,75.0,3,43020,815232,Co-Lending,Ever Bounce,True,0,0,0.0,0.0,0.0,,Ever Bounced,False,0.71,High
PR01355731,45.0,2,72600,1303098,ME,Ever Bounce,True,0,0,0.0,0.0,0.0,,Ever Bounced,False,0.7,High
PR01580850,45.0,2,35541,630123,ME,Ever Bounce,True,0,0,0.0,0.0,0.0,,Ever Bounced,False,0.7,High
PR01580978,45.0,2,39972,521865,Micro Loan,Ever Bounce,True,0,0,0.0,0.0,0.0,,Ever Bounced,False,0.7,High
PR01581041,45.0,2,48651,837173,SBL,Ever Bounce,True,0,0,0.0,0.0,0.0,,Ever Bounced,False,0.7,High
PR01581061,45.0,2,60306,1106687,ME,Ever Bounce,True,0,0,0.0,0.0,0.0,,Ever Bounced,False,0.7,High
PR01582121,45.0,2,43245,744156,SBL,Ever Bounce,True,0,0,0.0,0.0,0.0,,Ever Bounced,False,0.7,High
PR01582182,45.0,2,50109,862300,SBL,Ever Bounce,True,0,0,0.0,0.0,0.0,,Ever Bounced,False,0.7,High
PR01582269,45.0,2,36318,835814,ME,Ever Bounce,True,0,0,0.0,0.0,0.0,,Ever Bounced,False,0.7,High
PR01547840,15.0,1,15268,367355,SBL,Ever Bounce,True,0,0,0.0,0.0,0.0,,Ever Bounced,False,0.7,High
PR01582349,45.0,2,20583,332800,ME,Ever Bounce,True,0,0,0.0,0.0,0.0,,Ever Bounced,False,0.7,High
PR01582358,45.0,2,63435,804945,ME,Ever Bounce,False,1,0,0.0,1.0,21145.0,2026-09-12 18:49:11,Ever Bounced,False,0.7,High
PR01946331,45.0,2,29184,367978,ME,Ever Bounce,False,1,0,0.0,1.0,9728.0,2026-09-12 18:50:46,Ever Bounced,False,0.7,High
PR01619753,45.0,2,33591,776006,ME,Ever Bounce,False,1,0,0.0,1.0,11200.0,2026-09-09 09:22:27,Ever Bounced,False,0.7,High
PR01582447,45.0,2,64866,1116252,SBL,Ever Bounce,True,0,0,0.0,0.0,0.0,,Ever Bounced,False,0.7,High
PR01593339,45.0,2,67781,1209649,SBL,Ever Bounce,True,0,0,0.0,0.0,0.0,,Ever Bounced,False,0.7,High
PR01593382,45.0,2,62568,1116602,SBL,Ever Bounce,True,0,0,0.0,0.0,0.0,,Ever Bounced,False,0.7,High
PR01593469,45.0,2,41428,1102305,ME,Ever Bounce,True,0,0,0.0,0.0,0.0,,Ever Bounced,False,0.7,High
PR01619733,45.0,2,29880,799006,ME,Ever Bounce,True,0,0,0.0,0.0,0.0,,Ever Bounced,False,0.7,High
PR01594336,45.0,2,37200,568476,SBL,Ever Bounce,True,0,0,0.0,0.0,0.0,,Ever Bounced,False,0.7,High
PR01575523,0.0,0,5388,284492,SBL,Ever Bounce,True,0,0,0.0,0.0,0.0,,Ever Bounced,False,0.7,High
PR01595204,45.0,2,27112,364515,SBL,Ever Bounce,False,1,0,0.0,1.0,6778.0,2026-09-16 15:38:43,Ever Bounced,False,0.7,High
PR01595349,45.0,2,50253,926650,Micro Loan,Ever Bounce,False,1,0,0.0,1.0,16751.0,2026-09-15 19:52:19,Ever Bounced,False,0.7,High
PR01596924,45.0,2,75678,1307888,SBL,Ever Bounce,True,0,0,0.0,0.0,0.0,,Ever Bounced,False,0.7,High
PR01597847,45.0,2,23232,442860,ME,Ever Bounce,True,0,0,0.0,0.0,0.0,,Ever Bounced,False,0.7,High
PR01634427,45.0,2,24201,463576,SBL,Ever Bounce,True,0,0,0.0,0.0,0.0,,Ever Bounced,False,0.7,High
PR01597907,45.0,2,67782,1209649,SBL,Ever Bounce,True,0,0,0.0,0.0,0.0,,Ever Bounced,False,0.7,High
PR01598997,45.0,2,64866,1121058,SBL,Ever Bounce,True,0,0,0.0,0.0,0.0,,Ever Bounced,False,0.7,High
PR01599007,45.0,2,59979,944379,Micro Loan,Ever Bounce,True,0,0,0.0,0.0,0.0,,Ever Bounced,False,0.7,High
PR01599305,45.0,2,21672,362915,ME,Ever Bounce,True,0,0,0.0,0.0,0.0,,Ever Bounced,False,0.7,High
PR01632596,45.0,2,19098,321045,ME,Ever Bounce,True,0,0,0.0,0.0,0.0,,Ever Bounced,False,0.7,High
PR01502727,45.0,2,31527,418079,SBL,Ever Bounce,True,0,0,0.0,0.0,0.0,,Ever Bounced,False,0.7,High
PR01599797,45.0,2,18915,260658,SBL,Ever Bounce,True,0,0,0.0,0.0,0.0,,Ever Bounced,False,0.7,High
PR01600148,45.0,2,57354,1023549,SBL,Ever Bounce,True,0,0,0.0,0.0,0.0,,Ever Bounced,False,0.7,High
PR01601075,45.0,2,30147,489398,SBL,Ever Bounce,True,0,0,0.0,0.0,0.0,,Ever Bounced,False,0.7,High
PR01601108,45.0,2,80406,1482632,SBL,Ever Bounce,True,0,0,0.0,0.0,0.0,,Ever Bounced,False,0.7,High
PR01601706,45.0,2,52076,934195,SBL,Ever Bounce,True,0,0,0.0,0.0,0.0,,Ever Bounced,False,0.7,High
PR01602656,45.0,2,154593,1581849,SBL,Ever Bounce,True,0,0,0.0,0.0,0.0,,Ever Bounced,False,0.7,High
PR01602669,45.0,2,67782,1209649,SBL,Ever Bounce,True,0,0,0.0,0.0,0.0,,Ever Bounced,False,0.7,High
PR01602710,45.0,2,45981,876483,ME,Ever Bounce,True,0,0,0.0,0.0,0.0,,Ever Bounced,False,0.7,High
PR01668550,45.0,2,26622,512397,ME,Ever Bounce,True,0,0,0.0,0.0,0.0,,Ever Bounced,False,0.7,High
PR01581064,45.0,2,23418,381561,ME,Ever Bounce,True,0,0,0.0,0.0,0.0,,Ever Bounced,False,0.7,High
PR01602942,45.0,2,19650,322673,ME,Ever Bounce,True,0,0,0.0,0.0,0.0,,Ever Bounced,False,0.7,High
PR01373365,45.0,2,26070,442870,SBL,Ever Bounce,True,0,0,0.0,0.0,0.0,,Ever Bounced,False,0.7,High
PR01603862,45.0,2,46548,791825,SBL,Ever Bounce,True,0,0,0.0,0.0,0.0,,Ever Bounced,False,0.7,High
PR01669095,15.0,1,7338,187954,SBL,Ever Bounce,True,0,0,0.0,0.0,0.0,,Ever Bounced,False,0.7,High
PR01604938,45.0,2,37014,446599,SBL,Ever Bounce,False,1,0,0.0,1.0,12338.0,2026-09-11 16:48:12,Ever Bounced,False,0.7,High
PR01604974,45.0,2,54468,1255926,ME,Ever Bounce,True,0,0,0.0,0.0,0.0,,Ever Bounced,False,0.7,High
PR01628195,0.0,0,5637,389154,ME,Ever Bounce,True,0,0,0.0,0.0,0.0,,Ever Bounced,False,0.7,High
PR01605166,45.0,2,28857,355753,Micro Loan,Ever Bounce,True,0,0,0.0,0.0,0.0,,Ever Bounced,False,0.7,High
PR01606029,45.0,2,41988,968140,ME,Ever Bounce,True,0,0,0.0,0.0,0.0,,Ever Bounced,False,0.7,High
PR01606033,45.0,2,14427,177890,SBL,Ever Bounce,True,0,0,0.0,0.0,0.0,,Ever Bounced,False,0.7,High
PR01606057,45.0,2,30762,548999,SBL,Ever Bounce,True,0,0,0.0,0.0,0.0,,Ever Bounced,False,0.7,High
PR01628766,45.0,2,26590,476662,ME,Ever Bounce,True,0,0,0.0,0.0,0.0,,Ever Bounced,False,0.7,High
PR01606187,45.0,2,50595,874426,SBL,Ever Bounce,False,1,0,0.0,1.0,16865.0,2026-09-16 08:54:59,Ever Bounced,False,0.7,High
PR01606202,45.0,2,85137,1622906,ME,Ever Bounce,True,0,0,0.0,0.0,0.0,,Ever Bounced,False,0.7,High
PR01606473,45.0,2,41325,544218,SBL,Ever Bounce,True,0,0,0.0,0.0,0.0,,Ever Bounced,False,0.7,High
PR01607049,45.0,2,60501,1153271,ME,Ever Bounce,False,1,0,0.0,1.0,20167.0,2026-09-05 11:26:08,Ever Bounced,False,0.7,High
PR01640277,45.0,2,12099,232922,ME,Ever Bounce,False,1,0,0.0,1.0,4033.0,2026-09-10 15:51:53,Ever Bounced,False,0.7,High
PR01607241,45.0,2,38895,523886,SBL,Ever Bounce,True,0,0,0.0,0.0,0.0,,Ever Bounced,False,0.7,High
PR01607252,45.0,2,47564,822108,SBL,Ever Bounce,True,0,0,0.0,0.0,0.0,,Ever Bounced,False,0.7,High
PR01697707,15.0,1,22344,584053,SBL,Ever Bounce,True,0,0,0.0,0.0,0.0,,Ever Bounced,False,0.7,High
PR01607259,45.0,2,66936,1156898,SBL,Ever Bounce,True,0,0,0.0,0.0,0.0,,Ever Bounced,False,0.7,High
PR01607311,45.0,2,36498,651351,SBL,Ever Bounce,True,0,0,0.0,0.0,0.0,,Ever Bounced,False,0.7,High
PR01619691,45.0,2,69870,1384772,SBL,Ever Bounce,True,0,0,0.0,0.0,0.0,,Ever Bounced,False,0.7,High
PR01607395,45.0,2,43482,705857,SBL,Ever Bounce,True,0,0,0.0,0.0,0.0,,Ever Bounced,False,0.7,High
PR01607492,45.0,2,41061,528892,Micro Loan,Ever Bounce,True,0,0,0.0,0.0,0.0,,Ever Bounced,False,0.7,High
PR01607525,45.0,2,65340,1245540,ME,Ever Bounce,True,0,0,0.0,0.0,0.0,,Ever Bounced,False,0.7,High
PR01614101,45.0,2,9609,77835,ME,Ever Bounce,True,0,0,0.0,0.0,0.0,,Ever Bounced,False,0.7,High
PR01619548,45.0,2,37839,656706,SBL,Ever Bounce,True,0,0,0.0,0.0,0.0,,Ever Bounced,False,0.7,High
PR01619722,45.0,2,56325,977538,SBL,Ever Bounce,True,0,0,0.0,0.0,0.0,,Ever Bounced,False,0.7,High
PR01620773,45.0,2,80583,1950745,ME,Ever Bounce,True,0,0,0.0,0.0,0.0,,Ever Bounced,False,0.7,High
PR01662647,0.0,0,-6392,466133,ME,Ever Bounce,True,0,0,0.0,0.0,0.0,,Ever Bounced,False,0.05,Low
PR01620806,45.0,2,80787,1448212,SBL,Ever Bounce,True,0,0,0.0,0.0,0.0,,Ever Bounced,False,0.7,High
PR01624007,45.0,2,32433,562893,SBL,Ever Bounce,True,0,0,0.0,0.0,0.0,,Ever Bounced,False,0.7,High
PR01503376,45.0,2,14184,339635,Home Loan,Ever Bounce,False,1,0,0.0,1.0,14184.0,2026-09-14 13:13:55,Ever Bounced,False,0.7,High
PR01624783,0.0,0,3223,230534,Home Loan,Ever Bounce,False,1,0,0.0,1.0,3223.0,2026-09-14 13:16:43,Ever Bounced,False,0.7,High
PR01625284,45.0,2,44136,613701,SBL,Ever Bounce,True,0,0,0.0,0.0,0.0,,Ever Bounced,False,0.7,High
PR01625758,45.0,2,48651,844330,ME,Ever Bounce,True,0,0,0.0,0.0,0.0,,Ever Bounced,False,0.7,High
PR01686383,15.0,1,14416,376805,ME,Ever Bounce,True,0,0,0.0,0.0,0.0,,Ever Bounced,False,0.7,High
PR01626260,45.0,2,60501,1158951,SBL,Ever Bounce,True,0,0,0.0,0.0,0.0,,Ever Bounced,False,0.7,High
PR01665598,45.0,2,60501,1164561,SBL,Ever Bounce,True,0,0,0.0,0.0,0.0,,Ever Bounced,False,0.7,High
PR01626584,15.0,1,71670,1916847,SBL,Ever Bounce,True,0,0,0.0,0.0,0.0,,Ever Bounced,False,0.7,High
PR01626993,45.0,2,47907,622107,Micro Loan,Ever Bounce,True,0,0,0.0,0.0,0.0,,Ever Bounced,False,0.7,High
PR01628192,45.0,2,37014,449938,Micro Loan,Ever Bounce,True,0,0,0.0,0.0,0.0,,Ever Bounced,False,0.7,High
PR01628200,45.0,2,47790,606928,SBL,Ever Bounce,True,0,0,0.0,0.0,0.0,,Ever Bounced,False,0.7,High
PR01628512,45.0,2,43407,665491,SBL,Ever Bounce,True,0,0,0.0,0.0,0.0,,Ever Bounced,False,0.7,High
PR01628961,45.0,2,39624,687664,SBL,Ever Bounce,True,0,0,0.0,0.0,0.0,,Ever Bounced,False,0.7,High
PR01629021,45.0,2,43245,750518,SBL,Ever Bounce,True,0,0,0.0,0.0,0.0,,Ever Bounced,False,0.7,High
PR01630060,45.0,2,49323,929092,ME,Ever Bounce,True,0,0,0.0,0.0,0.0,,Ever Bounced,False,0.7,High
PR01630090,45.0,2,70623,1524653,ME,Ever Bounce,True,0,0,0.0,0.0,0.0,,Ever Bounced,False,0.7,High
PR01630190,45.0,2,40986,569845,SBL,Ever Bounce,False,1,0,0.0,1.0,13662.0,2026-09-09 11:58:09,Ever Bounced,False,0.7,High
PR01630286,15.0,1,40874,1130500,SBL,Ever Bounce,True,0,0,0.0,0.0,0.0,,Ever Bounced,False,0.7,High
PR01675622,45.0,2,34173,635976,SBL,Ever Bounce,False,1,0,0.0,1.0,11391.0,2026-09-12 11:08:43,Ever Bounced,False,0.7,High
PR01630533,45.0,2,47907,622107,Micro Loan,Ever Bounce,True,0,0,0.0,0.0,0.0,,Ever Bounced,False,0.7,High
PR01631218,45.0,2,36498,654248,SBL,Ever Bounce,True,0,0,0.0,0.0,0.0,,Ever Bounced,False,0.7,High
PR01725974,45.0,2,49458,740667,ME,Ever Bounce,True,0,0,0.0,0.0,0.0,,Ever Bounced,False,0.7,High
PR01776768,0.0,0,3377,151698,ME,Ever Bounce,True,0,0,0.0,0.0,0.0,,Ever Bounced,False,0.7,High
PR01631580,45.0,2,97370,2393479,Co-Lending,Ever Bounce,True,0,0,0.0,0.0,0.0,,Ever Bounced,False,0.7,High
PR01948428,45.0,2,91896,1662418,ME,Ever Bounce,True,0,0,0.0,0.0,0.0,,Ever Bounced,False,0.7,High
PR01631989,45.0,2,45288,562655,Micro Loan,Ever Bounce,True,0,0,0.0,0.0,0.0,,Ever Bounced,False,0.7,High
PR01632048,0.0,0,10487,596706,ME,Ever Bounce,False,1,0,0.0,1.0,10487.0,2026-09-15 15:51:12,Ever Bounced,False,0.7,High
PR01710556,45.0,2,41142,799382,ME,Ever Bounce,True,0,0,0.0,0.0,0.0,,Ever Bounced,False,0.7,High
PR01632218,15.0,1,26592,919739,ME,Ever Bounce,True,0,0,0.0,0.0,0.0,,Ever Bounced,False,0.7,High
PR01693734,45.0,2,4206,97325,ME,Ever Bounce,False,1,0,0.0,1.0,1402.0,2026-09-09 19:03:00,Ever Bounced,False,0.7,High
PR01632250,45.0,2,30555,379613,Micro Loan,Ever Bounce,True,0,0,0.0,0.0,0.0,,Ever Bounced,False,0.7,High
PR01679454,15.0,1,4810,90296,Micro Loan,Ever Bounce,True,0,0,0.0,0.0,0.0,,Ever Bounced,False,0.7,High
PR01632269,45.0,2,50253,930988,SBL,Ever Bounce,True,0,0,0.0,0.0,0.0,,Ever Bounced,False,0.7,High
PR01632275,45.0,2,80817,1448691,SBL,Ever Bounce,True,0,0,0.0,0.0,0.0,,Ever Bounced,False,0.7,High
PR01632321,45.0,2,39972,530891,SBL,Ever Bounce,True,0,0,0.0,0.0,0.0,,Ever Bounced,False,0.7,High
PR01632559,75.0,3,49352,453212,Micro Loan,Ever Bounce,True,0,0,0.0,0.0,0.0,,Ever Bounced,False,0.712,High
PR01632578,45.0,2,79149,1466303,SBL,Ever Bounce,True,0,0,0.0,0.0,0.0,,Ever Bounced,False,0.7,High
PR01633010,45.0,2,39147,379902,Micro Loan,Ever Bounce,True,0,0,0.0,0.0,0.0,,Ever Bounced,False,0.7,High
PR01696061,45.0,2,89586,2210568,Co-Lending,Ever Bounce,True,0,0,0.0,0.0,0.0,,Ever Bounced,False,0.7,High
PR01737657,45.0,2,60762,1504963,Co-Lending,Ever Bounce,True,0,0,0.0,0.0,0.0,,Ever Bounced,False,0.7,High
PR01633960,45.0,2,58185,1204387,Co-Lending,Ever Bounce,True,0,0,0.0,0.0,0.0,,Ever Bounced,False,0.7,High
PR01666767,45.0,2,117468,2442729,Co-Lending,Ever Bounce,True,0,0,0.0,0.0,0.0,,Ever Bounced,False,0.7,High
PR01633967,45.0,2,21084,267761,SBL,Ever Bounce,True,0,0,0.0,0.0,0.0,,Ever Bounced,False,0.7,High
PR01699731,45.0,2,15462,199379,SBL,Ever Bounce,True,0,0,0.0,0.0,0.0,,Ever Bounced,False,0.7,High
PR01633981,45.0,2,46632,619387,SBL,Ever Bounce,True,0,0,0.0,0.0,0.0,,Ever Bounced,False,0.7,High
PR01634080,45.0,2,50475,966883,SBL,Ever Bounce,True,0,0,0.0,0.0,0.0,,Ever Bounced,False,0.7,High
PR01634082,45.0,2,43245,750518,SBL,Ever Bounce,True,0,0,0.0,0.0,0.0,,Ever Bounced,False,0.7,High
PR01866606,0.0,0,3752,190193,ME,Ever Bounce,True,0,0,0.0,0.0,0.0,,Ever Bounced,False,0.7,High
PR01634252,45.0,2,47145,1040757,ME,Ever Bounce,True,0,0,0.0,0.0,0.0,,Ever Bounced,False,0.7,High
PR01666237,45.0,2,11238,248444,ME,Ever Bounce,True,0,0,0.0,0.0,0.0,,Ever Bounced,False,0.7,High
PR01634298,45.0,2,65331,1210271,SBL,Ever Bounce,True,0,0,0.0,0.0,0.0,,Ever Bounced,False,0.7,High
PR01738895,45.0,2,10053,189543,ME,Ever Bounce,True,0,0,0.0,0.0,0.0,,Ever Bounced,False,0.7,High
PR01634344,45.0,2,32412,440407,SBL,Ever Bounce,True,0,0,0.0,0.0,0.0,,Ever Bounced,False,0.7,High
PR01634357,45.0,2,32055,556324,ME,Ever Bounce,True,0,0,0.0,0.0,0.0,,Ever Bounced,False,0.7,High
PR01738559,45.0,2,16596,292677,ME,Ever Bounce,True,0,0,0.0,0.0,0.0,,Ever Bounced,False,0.7,High
PR01634403,45.0,2,111867,2708011,ME,Ever Bounce,True,0,0,0.0,0.0,0.0,,Ever Bounced,False,0.7,High
PR01638765,45.0,2,102414,1843887,SBL,Ever Bounce,True,0,0,0.0,0.0,0.0,,Ever Bounced,False,0.7,High
PR01639447,45.0,2,17580,426423,ME,Ever Bounce,True,0,0,0.0,0.0,0.0,,Ever Bounced,False,0.7,High
PR01715906,45.0,2,34359,836874,ME,Ever Bounce,True,0,0,0.0,0.0,0.0,,Ever Bounced,False,0.7,High
PR01656753,45.0,2,106878,1924188,SBL,Ever Bounce,True,0,0,0.0,0.0,0.0,,Ever Bounced,False,0.7,High
PR01656783,45.0,2,80694,1452807,SBL,Ever Bounce,True,0,0,0.0,0.0,0.0,,Ever Bounced,False,0.7,High
PR01940970,15.0,1,18554,485015,ME,Ever Bounce,True,0,0,0.0,0.0,0.0,,Ever Bounced,False,0.7,High
PR01658080,45.0,2,36072,451493,SBL,Ever Bounce,True,0,0,0.0,0.0,0.0,,Ever Bounced,False,0.7,High
PR01659287,45.0,2,37839,659428,SBL,Ever Bounce,True,0,0,0.0,0.0,0.0,,Ever Bounced,False,0.7,High
PR01660083,45.0,2,80628,1647290,Co-Lending,Ever Bounce,True,0,0,0.0,0.0,0.0,,Ever Bounced,False,0.7,High
PR01725959,45.0,2,31356,647895,Co-Lending,Ever Bounce,True,0,0,0.0,0.0,0.0,,Ever Bounced,False,0.7,High
PR01661528,45.0,2,55734,971226,SBL,Ever Bounce,True,0,0,0.0,0.0,0.0,,Ever Bounced,False,0.7,High
PR01663032,45.0,2,66093,1461532,ME,Ever Bounce,True,0,0,0.0,0.0,0.0,,Ever Bounced,False,0.7,High
PR01663442,45.0,2,29778,510611,SBL,Ever Bounce,True,0,0,0.0,0.0,0.0,,Ever Bounced,False,0.7,High
PR01693561,15.0,1,7338,188714,ME,Ever Bounce,True,0,0,0.0,0.0,0.0,,Ever Bounced,False,0.7,High
PR01663690,45.0,2,37839,659428,SBL,Ever Bounce,True,0,0,0.0,0.0,0.0,,Ever Bounced,False,0.7,High
PR01664075,45.0,2,83424,1501955,SBL,Ever Bounce,True,0,0,0.0,0.0,0.0,,Ever Bounced,False,0.7,High
PR01664121,45.0,2,60306,1122307,SBL,Ever Bounce,True,0,0,0.0,0.0,0.0,,Ever Bounced,False,0.7,High
PR01666913,45.0,2,35862,469433,Micro Loan,Ever Bounce,False,1,0,0.0,1.0,11954.0,2026-09-05 17:22:27,Ever Bounced,False,0.7,High
PR01667030,45.0,2,62568,1126467,SBL,Ever Bounce,False,1,0,0.0,1.0,62536.0,2026-09-10 11:42:32,Ever Bounced,False,0.7,High
PR01667033,45.0,2,54057,942031,SBL,Ever Bounce,True,0,0,0.0,0.0,0.0,,Ever Bounced,False,0.7,High
PR01668520,45.0,2,26748,481561,SBL,Ever Bounce,True,0,0,0.0,0.0,0.0,,Ever Bounced,False,0.7,High
PR01758372,15.0,1,7370,200696,SBL,Ever Bounce,True,0,0,0.0,0.0,0.0,,Ever Bounced,False,0.7,High
PR01668878,45.0,2,41988,665775,SBL,Ever Bounce,True,0,0,0.0,0.0,0.0,,Ever Bounced,False,0.7,High
PR01668923,45.0,2,57840,1007977,SBL,Ever Bounce,True,0,0,0.0,0.0,0.0,,Ever Bounced,False,0.7,High
PR01668924,45.0,2,53094,940399,SBL,Ever Bounce,True,0,0,0.0,0.0,0.0,,Ever Bounced,False,0.7,High
PR01736947,45.0,2,16917,295952,SBL,Ever Bounce,False,1,0,0.0,1.0,5650.0,2026-09-10 18:25:54,Ever Bounced,False,0.7,High
PR01734110,45.0,2,24765,550359,ME,Ever Bounce,True,0,0,0.0,0.0,0.0,,Ever Bounced,False,0.7,High
PR01756907,15.0,1,12866,428225,ME,Ever Bounce,True,0,0,0.0,0.0,0.0,,Ever Bounced,False,0.7,High
PR01715644,45.0,2,43515,764465,SBL,Ever Bounce,True,0,0,0.0,0.0,0.0,,Ever Bounced,False,0.7,High
PR01736743,45.0,2,15948,281233,ME,Ever Bounce,True,0,0,0.0,0.0,0.0,,Ever Bounced,False,0.7,High
PR01671068,45.0,2,77841,1356533,SBL,Ever Bounce,True,0,0,0.0,0.0,0.0,,Ever Bounced,False,0.7,High
PR01671101,45.0,2,40584,663765,SBL,Ever Bounce,True,0,0,0.0,0.0,0.0,,Ever Bounced,False,0.7,High
PR01671249,45.0,2,27111,472420,ME,Ever Bounce,True,0,0,0.0,0.0,0.0,,Ever Bounced,False,0.7,High
PR01698650,45.0,2,26949,471505,ME,Ever Bounce,True,0,0,0.0,0.0,0.0,,Ever Bounced,False,0.7,High
PR01672340,45.0,2,40461,705124,SBL,Ever Bounce,True,0,0,0.0,0.0,0.0,,Ever Bounced,False,0.7,High
PR01672771,45.0,2,43911,562010,Micro Loan,Ever Bounce,True,0,0,0.0,0.0,0.0,,Ever Bounced,False,0.7,High
PR01672830,15.0,1,19354,640824,ME,Ever Bounce,True,0,0,0.0,0.0,0.0,,Ever Bounced,False,0.7,High
PR01720691,45.0,2,10452,231851,ME,Ever Bounce,True,0,0,0.0,0.0,0.0,,Ever Bounced,False,0.7,High
PR01672937,45.0,2,39839,694312,SBL,Ever Bounce,True,0,0,0.0,0.0,0.0,,Ever Bounced,False,0.7,High
PR01673205,45.0,2,14376,276693,Home Loan,Ever Bounce,True,0,0,0.0,0.0,0.0,,Ever Bounced,False,0.7,High
PR01673273,45.0,2,60192,1316178,ME,Ever Bounce,True,0,0,0.0,0.0,0.0,,Ever Bounced,False,0.7,High
PR01690176,45.0,2,28983,634770,ME,Ever Bounce,True,0,0,0.0,0.0,0.0,,Ever Bounced,False,0.7,High
PR01673884,45.0,2,49218,1088349,ME,Ever Bounce,False,1,0,0.0,1.0,16406.0,2026-09-10 09:19:12,Ever Bounced,False,0.7,High
PR01716161,45.0,2,56532,1254362,ME,Ever Bounce,False,1,0,0.0,1.0,18844.0,2026-09-10 09:21:35,Ever Bounced,False,0.7,High
PR01674190,45.0,2,70275,1224635,SBL,Ever Bounce,False,1,0,0.0,1.0,23425.0,2026-09-10 08:40:07,Ever Bounced,False,0.7,High
PR01674703,45.0,2,45948,800729,SBL,Ever Bounce,False,1,0,0.0,1.0,15316.0,2026-09-16 16:54:51,Ever Bounced,False,0.7,High
PR01674791,45.0,2,48468,1071792,ME,Ever Bounce,True,0,0,0.0,0.0,0.0,,Ever Bounced,False,0.7,High
PR01741508,0.0,0,7344,488009,ME,Ever Bounce,True,0,0,0.0,0.0,0.0,,Ever Bounced,False,0.7,High
PR01674804,45.0,2,44976,783766,SBL,Ever Bounce,False,1,0,0.0,1.0,15009.0,2026-09-15 18:39:38,Ever Bounced,False,0.7,High
PR01674999,45.0,2,38520,660533,SBL,Ever Bounce,True,0,0,0.0,0.0,0.0,,Ever Bounced,False,0.7,High
PR01675210,45.0,2,56058,976880,SBL,Ever Bounce,True,0,0,0.0,0.0,0.0,,Ever Bounced,False,0.7,High
PR01675360,45.0,2,51861,710673,Micro Loan,Ever Bounce,True,0,0,0.0,0.0,0.0,,Ever Bounced,False,0.7,High
PR01675767,45.0,2,39888,706446,SBL,Ever Bounce,False,1,0,0.0,1.0,13296.0,2026-09-09 10:05:41,Ever Bounced,False,0.7,High
PR01723903,45.0,2,23895,426671,SBL,Ever Bounce,False,1,0,0.0,1.0,7965.0,2026-09-09 10:06:58,Ever Bounced,False,0.7,High
PR01676293,0.0,0,33213,2495281,Co-Lending,Ever Bounce,True,0,0,0.0,0.0,0.0,,Ever Bounced,False,0.7,High
PR01758812,45.0,2,28470,722640,Co-Lending,Ever Bounce,True,0,0,0.0,0.0,0.0,,Ever Bounced,False,0.7,High
PR01749102,45.0,2,45378,637191,Micro Loan,Ever Bounce,True,0,0,0.0,0.0,0.0,,Ever Bounced,False,0.7,High
PR01681937,45.0,2,46647,816174,SBL,Ever Bounce,True,0,0,0.0,0.0,0.0,,Ever Bounced,False,0.7,High
PR01684923,45.0,2,50445,713656,SBL,Ever Bounce,True,0,0,0.0,0.0,0.0,,Ever Bounced,False,0.7,High
PR01687139,45.0,2,54057,945862,SBL,Ever Bounce,True,0,0,0.0,0.0,0.0,,Ever Bounced,False,0.7,High
PR01687250,45.0,2,50540,940306,ME,Ever Bounce,True,0,0,0.0,0.0,0.0,,Ever Bounced,False,0.7,High
PR01688067,45.0,2,44760,783170,SBL,Ever Bounce,True,0,0,0.0,0.0,0.0,,Ever Bounced,False,0.7,High
PR01688873,45.0,2,56004,948840,SBL,Ever Bounce,True,0,0,0.0,0.0,0.0,,Ever Bounced,False,0.7,High
PR01688960,45.0,2,56004,979905,SBL,Ever Bounce,True,0,0,0.0,0.0,0.0,,Ever Bounced,False,0.7,High
PR01690179,45.0,2,45378,627037,SBL,Ever Bounce,True,0,0,0.0,0.0,0.0,,Ever Bounced,False,0.7,High
PR01690195,45.0,2,89382,265321,SBL,Ever Bounce,True,0,0,0.0,0.0,0.0,,Ever Bounced,False,0.7,High
PR01690314,45.0,2,61434,1129349,ME,Ever Bounce,True,0,0,0.0,0.0,0.0,,Ever Bounced,False,0.7,High
PR01691569,45.0,2,45327,793119,SBL,Ever Bounce,True,0,0,0.0,0.0,0.0,,Ever Bounced,False,0.7,High
PR01693926,45.0,2,42168,543771,Micro Loan,Ever Bounce,True,0,0,0.0,0.0,0.0,,Ever Bounced,False,0.7,High
PR01693933,45.0,2,20322,262062,Micro Loan,Ever Bounce,True,0,0,0.0,0.0,0.0,,Ever Bounced,False,0.7,High
PR01693962,45.0,2,27411,353440,Micro Loan,Ever Bounce,True,0,0,0.0,0.0,0.0,,Ever Bounced,False,0.7,High
PR01693971,45.0,2,49197,634393,SBL,Ever Bounce,True,0,0,0.0,0.0,0.0,,Ever Bounced,False,0.7,High
PR01694890,45.0,2,58292,806188,SBL,Ever Bounce,True,0,0,0.0,0.0,0.0,,Ever Bounced,False,0.7,High
PR01695943,45.0,2,107802,1949185,SBL,Ever Bounce,False,1,0,0.0,1.0,35934.0,2026-09-11 13:52:22,Ever Bounced,False,0.7,High
PR01695969,45.0,2,69252,1534325,ME,Ever Bounce,False,1,0,0.0,1.0,23088.0,2026-09-15 19:48:09,Ever Bounced,False,0.7,High
PR01695978,45.0,2,46645,1034584,ME,Ever Bounce,True,0,0,0.0,0.0,0.0,,Ever Bounced,False,0.7,High
PR01696098,45.0,2,46941,795297,SBL,Ever Bounce,True,0,0,0.0,0.0,0.0,,Ever Bounced,False,0.7,High
PR01709113,0.0,0,3734,189034,ME,Ever Bounce,True,0,0,0.0,0.0,0.0,,Ever Bounced,False,0.7,High
PR01697050,45.0,2,35602,453981,Micro Loan,Ever Bounce,True,0,0,0.0,0.0,0.0,,Ever Bounced,False,0.7,High
PR01698396,45.0,2,46131,923144,Co-Lending,Ever Bounce,True,0,0,0.0,0.0,0.0,,Ever Bounced,False,0.7,High
PR01721089,45.0,2,23067,464065,Co-Lending,Ever Bounce,True,0,0,0.0,0.0,0.0,,Ever Bounced,False,0.7,High
PR01698433,45.0,2,27030,472921,SBL,Ever Bounce,True,0,0,0.0,0.0,0.0,,Ever Bounced,False,0.7,High
PR01698710,45.0,2,37452,829629,ME,Ever Bounce,True,0,0,0.0,0.0,0.0,,Ever Bounced,False,0.7,High
PR01769138,45.0,2,11457,255034,ME,Ever Bounce,True,0,0,0.0,0.0,0.0,,Ever Bounced,False,0.7,High
PR01700878,45.0,2,79641,1416488,SBL,Ever Bounce,True,0,0,0.0,0.0,0.0,,Ever Bounced,False,0.7,High
PR01701323,45.0,2,27390,512013,ME,Ever Bounce,True,0,0,0.0,0.0,0.0,,Ever Bounced,False,0.7,High
PR01701456,45.0,2,93477,1473567,SBL,Ever Bounce,True,0,0,0.0,0.0,0.0,,Ever Bounced,False,0.7,High
PR01702253,45.0,2,39204,664183,SBL,Ever Bounce,True,0,0,0.0,0.0,0.0,,Ever Bounced,False,0.7,High
PR01702383,45.0,2,54057,945862,SBL,Ever Bounce,True,0,0,0.0,0.0,0.0,,Ever Bounced,False,0.7,High
PR01702659,45.0,2,53092,944326,SBL,Ever Bounce,True,0,0,0.0,0.0,0.0,,Ever Bounced,False,0.7,High
PR01702697,75.0,3,47052,448119,Micro Loan,Ever Bounce,True,0,0,0.0,0.0,0.0,,Ever Bounced,False,0.711,High
PR01778050,45.0,2,35508,666742,ME,Ever Bounce,True,0,0,0.0,0.0,0.0,,Ever Bounced,False,0.7,High
PR01811013,0.0,0,4904,275050,ME,Ever Bounce,True,0,0,0.0,0.0,0.0,,Ever Bounced,False,0.7,High
PR01702931,45.0,2,54057,945862,SBL,Ever Bounce,True,0,0,0.0,0.0,0.0,,Ever Bounced,False,0.7,High
PR01702943,45.0,2,50445,713656,SBL,Ever Bounce,True,0,0,0.0,0.0,0.0,,Ever Bounced,False,0.7,High
PR01703070,45.0,2,103531,1841437,ME,Ever Bounce,True,0,0,0.0,0.0,0.0,,Ever Bounced,False,0.7,High
PR01758531,45.0,2,29200,523604,ME,Ever Bounce,True,0,0,0.0,0.0,0.0,,Ever Bounced,False,0.7,High
PR01703722,45.0,2,41985,668080,SBL,Ever Bounce,True,0,0,0.0,0.0,0.0,,Ever Bounced,False,0.7,High
PR01706307,45.0,2,83424,1508394,SBL,Ever Bounce,True,0,0,0.0,0.0,0.0,,Ever Bounced,False,0.7,High
PR01708231,45.0,2,39963,702039,SBL,Ever Bounce,True,0,0,0.0,0.0,0.0,,Ever Bounced,False,0.7,High
PR01710191,45.0,2,45378,632154,SBL,Ever Bounce,True,0,0,0.0,0.0,0.0,,Ever Bounced,False,0.7,High
PR01712171,45.0,2,49197,639076,Micro Loan,Ever Bounce,True,0,0,0.0,0.0,0.0,,Ever Bounced,False,0.7,High
PR01712939,15.0,1,11430,482113,SBL,Ever Bounce,True,0,0,0.0,0.0,0.0,,Ever Bounced,False,0.7,High
PR01716848,45.0,2,53295,725178,SBL,Ever Bounce,True,0,0,0.0,0.0,0.0,,Ever Bounced,False,0.7,High
PR01717055,75.0,3,104280,1425940,SBL,Ever Bounce,True,0,0,0.0,0.0,0.0,,Ever Bounced,False,0.72,High
PR01719654,45.0,2,54056,949636,SBL,Ever Bounce,True,0,0,0.0,0.0,0.0,,Ever Bounced,False,0.7,High
PR01719713,45.0,2,40716,505523,Micro Loan,Ever Bounce,False,1,0,0.0,1.0,13572.0,2026-09-16 07:40:15,Ever Bounced,False,0.7,High
PR01721009,45.0,2,64395,1095130,SBL,Ever Bounce,True,0,0,0.0,0.0,0.0,,Ever Bounced,False,0.7,High
PR01721449,45.0,2,35139,456489,Micro Loan,Ever Bounce,True,0,0,0.0,0.0,0.0,,Ever Bounced,False,0.7,High
PR01722160,45.0,2,35166,495741,SBL,Ever Bounce,False,1,0,0.0,1.0,11722.0,2026-09-04 16:22:43,Ever Bounced,False,0.7,High
PR01723588,45.0,2,52164,979456,ME,Ever Bounce,True,0,0,0.0,0.0,0.0,,Ever Bounced,False,0.7,High
PR01723749,45.0,2,59520,830832,SBL,Ever Bounce,True,0,0,0.0,0.0,0.0,,Ever Bounced,False,0.7,High
PR01723830,45.0,2,37167,663732,SBL,Ever Bounce,True,0,0,0.0,0.0,0.0,,Ever Bounced,False,0.7,High
PR01724992,45.0,2,83976,1950972,SBL,Ever Bounce,True,0,0,0.0,0.0,0.0,,Ever Bounced,False,0.7,High
PR01726072,45.0,2,67069,1178608,SBL,Ever Bounce,True,0,0,0.0,0.0,0.0,,Ever Bounced,False,0.7,High
PR01726727,45.0,2,37839,664751,SBL,Ever Bounce,True,0,0,0.0,0.0,0.0,,Ever Bounced,False,0.7,High
PR01726924,45.0,2,33312,453221,Micro Loan,Ever Bounce,True,0,0,0.0,0.0,0.0,,Ever Bounced,False,0.7,High
PR01727308,45.0,2,41988,670345,SBL,Ever Bounce,True,0,0,0.0,0.0,0.0,,Ever Bounced,False,0.7,High
PR01727327,45.0,2,44985,718241,SBL,Ever Bounce,True,0,0,0.0,0.0,0.0,,Ever Bounced,False,0.7,High
PR01727338,45.0,2,60744,1102916,SBL,Ever Bounce,True,0,0,0.0,0.0,0.0,,Ever Bounced,False,0.7,High
PR01775250,45.0,2,56869,1194705,SBL,Ever Bounce,False,2,0,0.0,1.0,34746.0,2026-09-17 10:22:30,Ever Bounced,False,0.7,High
PR01727405,45.0,2,47906,636835,SBL,Ever Bounce,False,1,0,0.0,1.0,16000.0,2026-09-12 19:26:01,Ever Bounced,False,0.7,High
PR01728631,45.0,2,56220,987618,SBL,Ever Bounce,True,0,0,0.0,0.0,0.0,,Ever Bounced,False,0.7,High
PR01729065,15.0,1,19390,508910,SBL,Ever Bounce,True,0,0,0.0,0.0,0.0,,Ever Bounced,False,0.7,High
PR01734104,45.0,2,10812,190669,ME,Ever Bounce,True,0,0,0.0,0.0,0.0,,Ever Bounced,False,0.7,High
PR01811479,45.0,2,136443,3580442,Co-Lending,Ever Bounce,True,0,0,0.0,0.0,0.0,,Ever Bounced,False,0.7,High
PR01729227,45.0,2,34230,476816,SBL,Ever Bounce,True,0,0,0.0,0.0,0.0,,Ever Bounced,False,0.7,High
PR01751385,45.0,2,12966,182050,ME,Ever Bounce,True,0,0,0.0,0.0,0.0,,Ever Bounced,False,0.7,High
PR01729274,45.0,2,59220,1313998,ME,Ever Bounce,True,0,0,0.0,0.0,0.0,,Ever Bounced,False,0.7,High
PR01729304,45.0,2,142235,3608533,Co-Lending,Ever Bounce,True,0,0,0.0,0.0,0.0,,Ever Bounced,False,0.7,High
PR01747683,45.0,2,20795,529944,Co-Lending,Ever Bounce,True,0,0,0.0,0.0,0.0,,Ever Bounced,False,0.7,High
PR01729447,15.0,1,24890,829629,ME,Ever Bounce,True,0,0,0.0,0.0,0.0,,Ever Bounced,False,0.7,High
PR01779245,15.0,1,16156,538620,ME,Ever Bounce,True,0,0,0.0,0.0,0.0,,Ever Bounced,False,0.7,High
PR01730631,45.0,2,108290,2444204,ME,Ever Bounce,True,0,0,0.0,0.0,0.0,,Ever Bounced,False,0.7,High
PR01730644,45.0,2,55815,1380785,Co-Lending,Ever Bounce,True,0,0,0.0,0.0,0.0,,Ever Bounced,False,0.7,High
PR01757528,45.0,2,61035,1511741,Co-Lending,Ever Bounce,True,0,0,0.0,0.0,0.0,,Ever Bounced,False,0.7,High
PR01730750,45.0,2,41064,545852,Micro Loan,Ever Bounce,True,0,0,0.0,0.0,0.0,,Ever Bounced,False,0.7,High
PR01730777,45.0,2,67029,1177560,SBL,Ever Bounce,False,1,0,0.0,1.0,22343.0,2026-09-11 11:28:42,Ever Bounced,False,0.7,High
PR01730948,45.0,2,62784,1605266,ME,Ever Bounce,True,0,0,0.0,0.0,0.0,,Ever Bounced,False,0.7,High
PR01774060,45.0,2,51093,1312004,ME,Ever Bounce,True,0,0,0.0,0.0,0.0,,Ever Bounced,False,0.7,High
PR01731046,45.0,2,60306,1132381,ME,Ever Bounce,False,1,0,0.0,1.0,20102.0,2026-09-09 18:06:30,Ever Bounced,False,0.7,High
PR01731164,45.0,2,43287,549653,Micro Loan,Ever Bounce,False,1,0,0.0,1.0,4429.0,2026-09-12 19:25:14,Ever Bounced,False,0.7,High
PR01742647,45.0,2,75381,84876,ME,Ever Bounce,True,0,0,0.0,0.0,0.0,,Ever Bounced,False,0.7,High
PR02135883,0.0,0,34709,2868492,Co-Lending,Ever Bounce,True,0,0,0.0,0.0,0.0,,Ever Bounced,False,0.7,High
PR02167868,45.0,2,67127,1408003,Co-Lending,Ever Bounce,True,0,0,0.0,0.0,0.0,,Ever Bounced,False,0.7,High
PR01743493,75.0,3,54112,673229,SBL,Ever Bounce,True,0,0,0.0,0.0,0.0,,Ever Bounced,False,0.713,High
PR01746329,45.0,2,38655,505742,Micro Loan,Ever Bounce,False,1,0,0.0,1.0,12885.0,2026-09-15 19:04:52,Ever Bounced,False,0.7,High
PR01746501,45.0,2,33780,441945,Micro Loan,Ever Bounce,True,0,0,0.0,0.0,0.0,,Ever Bounced,False,0.7,High
PR01794674,15.0,1,4686,92595,Micro Loan,Ever Bounce,True,0,0,0.0,0.0,0.0,,Ever Bounced,False,0.7,High
PR01748014,45.0,2,43266,553474,SBL,Ever Bounce,True,0,0,0.0,0.0,0.0,,Ever Bounced,False,0.7,High
PR01750763,45.0,2,26592,484817,SBL,Ever Bounce,True,0,0,0.0,0.0,0.0,,Ever Bounced,False,0.7,High
PR01797083,45.0,2,30765,565379,SBL,Ever Bounce,True,0,0,0.0,0.0,0.0,,Ever Bounced,False,0.7,High
PR01751103,45.0,2,49524,859205,SBL,Ever Bounce,True,0,0,0.0,0.0,0.0,,Ever Bounced,False,0.7,High
PR01755070,45.0,2,108112,557599,SBL,Ever Bounce,True,0,0,0.0,0.0,0.0,,Ever Bounced,False,0.7,High
PR01755085,45.0,2,155799,3858914,Co-Lending,Ever Bounce,False,1,0,0.0,1.0,51933.0,2026-09-16 21:17:14,Ever Bounced,False,0.7,High
PR01755137,45.0,2,44868,791282,SBL,Ever Bounce,True,0,0,0.0,0.0,0.0,,Ever Bounced,False,0.7,High
PR01755185,45.0,2,70275,1239358,SBL,Ever Bounce,True,0,0,0.0,0.0,0.0,,Ever Bounced,False,0.7,High
PR01802765,45.0,2,44802,770293,SBL,Ever Bounce,True,0,0,0.0,0.0,0.0,,Ever Bounced,False,0.7,High
PR01755419,45.0,2,82167,1449096,SBL,Ever Bounce,True,0,0,0.0,0.0,0.0,,Ever Bounced,False,0.7,High
PR01755814,45.0,2,49233,699660,SBL,Ever Bounce,True,0,0,0.0,0.0,0.0,,Ever Bounced,False,0.7,High
PR01794270,45.0,2,46674,673742,SBL,Ever Bounce,False,1,0,0.0,1.0,15558.0,2026-09-10 18:49:28,Ever Bounced,False,0.7,High
PR01756440,45.0,2,18570,278886,ME,Ever Bounce,True,0,0,0.0,0.0,0.0,,Ever Bounced,False,0.7,High
PR01797365,45.0,2,17436,266204,ME,Ever Bounce,True,0,0,0.0,0.0,0.0,,Ever Bounced,False,0.7,High
PR01756590,45.0,2,51354,905689,SBL,Ever Bounce,True,0,0,0.0,0.0,0.0,,Ever Bounced,False,0.7,High
PR01756600,45.0,2,87280,2182453,ME,Ever Bounce,True,0,0,0.0,0.0,0.0,,Ever Bounced,False,0.7,High
PR01803325,15.0,1,28797,1082247,ME,Ever Bounce,False,1,0,0.0,1.0,14399.0,2026-09-14 10:16:03,Ever Bounced,False,0.7,High
PR01756855,45.0,2,67920,1657582,ME,Ever Bounce,False,1,0,0.0,1.0,22640.0,2026-09-10 16:11:30,Ever Bounced,False,0.7,High
PR01756878,45.0,2,27030,476669,SBL,Ever Bounce,True,0,0,0.0,0.0,0.0,,Ever Bounced,False,0.7,High
PR01757032,45.0,2,74334,1332803,SBL,Ever Bounce,True,0,0,0.0,0.0,0.0,,Ever Bounced,False,0.7,High
PR01757275,45.0,2,91602,1880719,ME,Ever Bounce,True,0,0,0.0,0.0,0.0,,Ever Bounced,False,0.7,High
PR01796117,45.0,2,49326,1018448,ME,Ever Bounce,True,0,0,0.0,0.0,0.0,,Ever Bounced,False,0.7,High
PR01757556,45.0,2,48444,826902,SBL,Ever Bounce,True,0,0,0.0,0.0,0.0,,Ever Bounced,False,0.7,High
PR01784333,0.0,0,3734,190481,SBL,Ever Bounce,True,0,0,0.0,0.0,0.0,,Ever Bounced,False,0.7,High
PR01758430,45.0,2,38103,498532,Micro Loan,Ever Bounce,True,0,0,0.0,0.0,0.0,,Ever Bounced,False,0.7,High
PR01758586,45.0,2,104970,2443165,ME,Ever Bounce,True,0,0,0.0,0.0,0.0,,Ever Bounced,False,0.7,High
PR01758847,45.0,2,36072,461229,Micro Loan,Ever Bounce,True,0,0,0.0,0.0,0.0,,Ever Bounced,False,0.7,High
PR01758855,45.0,2,41543,720787,SBL,Ever Bounce,True,0,0,0.0,0.0,0.0,,Ever Bounced,False,0.7,High
PR01758891,45.0,2,54033,1154243,ME,Ever Bounce,True,0,0,0.0,0.0,0.0,,Ever Bounced,False,0.7,High
PR01759043,45.0,2,27084,477624,SBL,Ever Bounce,True,0,0,0.0,0.0,0.0,,Ever Bounced,False,0.7,High
PR01759045,45.0,2,39908,692367,SBL,Ever Bounce,True,0,0,0.0,0.0,0.0,,Ever Bounced,False,0.7,High
PR01763778,45.0,2,41505,573354,SBL,Ever Bounce,True,0,0,0.0,0.0,0.0,,Ever Bounced,False,0.7,High
PR01767477,45.0,2,44802,767555,SBL,Ever Bounce,True,0,0,0.0,0.0,0.0,,Ever Bounced,False,0.7,High
PR01768354,45.0,2,75042,1914616,Co-Lending,Ever Bounce,True,0,0,0.0,0.0,0.0,,Ever Bounced,False,0.7,High
PR01798469,45.0,2,69198,1770825,Co-Lending,Ever Bounce,True,0,0,0.0,0.0,0.0,,Ever Bounced,False,0.7,High
PR01770866,45.0,2,92529,2059934,ME,Ever Bounce,True,0,0,0.0,0.0,0.0,,Ever Bounced,False,0.7,High
PR01820796,15.0,1,20562,687755,ME,Ever Bounce,True,0,0,0.0,0.0,0.0,,Ever Bounced,False,0.7,High
PR01771271,45.0,2,36071,464353,Micro Loan,Ever Bounce,True,0,0,0.0,0.0,0.0,,Ever Bounced,False,0.7,High
PR01771937,45.0,2,64869,1148421,SBL,Ever Bounce,True,0,0,0.0,0.0,0.0,,Ever Bounced,False,0.7,High
PR01776084,45.0,2,49690,880451,SBL,Ever Bounce,True,0,0,0.0,0.0,0.0,,Ever Bounced,False,0.7,High
PR01841775,45.0,2,15138,270945,SBL,Ever Bounce,True,0,0,0.0,0.0,0.0,,Ever Bounced,False,0.7,High
PR01803752,45.0,2,40932,752249,ME,Ever Bounce,True,0,0,0.0,0.0,0.0,,Ever Bounced,False,0.7,High
PR01779307,15.0,1,21018,453509,SBL,Ever Bounce,True,0,0,0.0,0.0,0.0,,Ever Bounced,False,0.7,High
PR01810458,45.0,2,31527,460759,ME,Ever Bounce,True,0,0,0.0,0.0,0.0,,Ever Bounced,False,0.7,High
PR01781199,45.0,2,64869,1148421,SBL,Ever Bounce,True,0,0,0.0,0.0,0.0,,Ever Bounced,False,0.7,High
PR01784736,45.0,2,23187,510302,ME,Ever Bounce,True,0,0,0.0,0.0,0.0,,Ever Bounced,False,0.7,High
PR01824989,15.0,1,20212,668388,ME,Ever Bounce,False,1,0,0.0,1.0,10106.0,2026-09-16 19:45:05,Ever Bounced,False,0.7,High
PR01784737,15.0,1,25432,548745,SBL,Ever Bounce,True,0,0,0.0,0.0,0.0,,Ever Bounced,False,0.7,High
PR01835135,45.0,2,15450,227500,SBL,Ever Bounce,True,0,0,0.0,0.0,0.0,,Ever Bounced,False,0.7,High
PR01784831,45.0,2,38856,488830,Micro Loan,Ever Bounce,True,0,0,0.0,0.0,0.0,,Ever Bounced,False,0.7,High
PR01784956,45.0,2,81084,1435535,SBL,Ever Bounce,True,0,0,0.0,0.0,0.0,,Ever Bounced,False,0.7,High
PR01785033,45.0,2,62568,1145383,SBL,Ever Bounce,True,0,0,0.0,0.0,0.0,,Ever Bounced,False,0.7,High
PR01792894,45.0,2,44088,1029794,Home Loan,Ever Bounce,True,0,0,0.0,0.0,0.0,,Ever Bounced,False,0.7,High
PR01863883,15.0,1,7348,257898,Home Loan,Ever Bounce,False,1,0,0.0,1.0,3674.0,2026-09-11 20:38:54,Ever Bounced,False,0.7,High
PR01794104,45.0,2,44847,679544,SBL,Ever Bounce,True,0,0,0.0,0.0,0.0,,Ever Bounced,False,0.7,High
PR01795208,45.0,2,46635,648949,SBL,Ever Bounce,True,0,0,0.0,0.0,0.0,,Ever Bounced,False,0.7,High
PR01796461,45.0,2,73086,1298770,SBL,Ever Bounce,True,0,0,0.0,0.0,0.0,,Ever Bounced,False,0.7,High
PR01798485,75.0,3,121056,1646944,SBL,Ever Bounce,True,0,0,0.0,0.0,0.0,,Ever Bounced,False,0.721,High
PR01798504,45.0,2,94599,1681104,SBL,Ever Bounce,True,0,0,0.0,0.0,0.0,,Ever Bounced,False,0.7,High
PR01802543,45.0,2,36072,467418,SBL,Ever Bounce,True,0,0,0.0,0.0,0.0,,Ever Bounced,False,0.7,High
PR01803636,45.0,2,67572,1200781,SBL,Ever Bounce,True,0,0,0.0,0.0,0.0,,Ever Bounced,False,0.7,High
PR01803709,45.0,2,44138,645057,SBL,Ever Bounce,True,0,0,0.0,0.0,0.0,,Ever Bounced,False,0.7,High
PR01805045,45.0,2,40542,720475,SBL,Ever Bounce,True,0,0,0.0,0.0,0.0,,Ever Bounced,False,0.7,High
PR01806042,45.0,2,61686,1375513,ME,Ever Bounce,True,0,0,0.0,0.0,0.0,,Ever Bounced,False,0.7,High
PR01806164,45.0,2,64869,1152753,SBL,Ever Bounce,True,0,0,0.0,0.0,0.0,,Ever Bounced,False,0.7,High
PR01806546,45.0,2,43788,778100,SBL,Ever Bounce,True,0,0,0.0,0.0,0.0,,Ever Bounced,False,0.7,High
PR01847988,45.0,2,42705,764474,SBL,Ever Bounce,True,0,0,0.0,0.0,0.0,,Ever Bounced,False,0.7,High
PR01806649,45.0,2,40497,719643,SBL,Ever Bounce,True,0,0,0.0,0.0,0.0,,Ever Bounced,False,0.7,High
PR01822426,45.0,2,10812,192835,SBL,Ever Bounce,True,0,0,0.0,0.0,0.0,,Ever Bounced,False,0.7,High
PR01807298,45.0,2,144117,3288538,ME,Ever Bounce,False,1,0,0.0,1.0,48039.0,2026-09-03 11:07:49,Ever Bounced,False,0.7,High
PR01835111,0.0,0,7887,538995,ME,Ever Bounce,True,0,0,0.0,0.0,0.0,,Ever Bounced,False,0.7,High
PR01807315,45.0,2,51848,739465,SBL,Ever Bounce,True,0,0,0.0,0.0,0.0,,Ever Bounced,False,0.7,High
PR01807330,45.0,2,130310,2947518,ME,Ever Bounce,True,0,0,0.0,0.0,0.0,,Ever Bounced,False,0.7,High
PR01807339,45.0,2,82842,2120046,Co-Lending,Ever Bounce,True,0,0,0.0,0.0,0.0,,Ever Bounced,False,0.7,High
PR01836662,45.0,2,30630,796086,Co-Lending,Ever Bounce,True,0,0,0.0,0.0,0.0,,Ever Bounced,False,0.7,High
PR01807458,45.0,2,31527,460759,SBL,Ever Bounce,False,1,0,0.0,1.0,10509.0,2026-09-10 16:54:22,Ever Bounced,False,0.7,High
PR01807698,45.0,2,30048,656009,ME,Ever Bounce,True,0,0,0.0,0.0,0.0,,Ever Bounced,False,0.7,High
PR01863764,45.0,2,46191,1012329,ME,Ever Bounce,True,0,0,0.0,0.0,0.0,,Ever Bounced,False,0.7,High
PR01809038,45.0,2,40311,704543,SBL,Ever Bounce,True,0,0,0.0,0.0,0.0,,Ever Bounced,False,0.7,High
PR01809708,45.0,2,62982,1471142,ME,Ever Bounce,True,0,0,0.0,0.0,0.0,,Ever Bounced,False,0.7,High
PR01810314,45.0,2,54057,960629,SBL,Ever Bounce,True,0,0,0.0,0.0,0.0,,Ever Bounced,False,0.7,High
PR01810472,45.0,2,25947,461103,SBL,Ever Bounce,True,0,0,0.0,0.0,0.0,,Ever Bounced,False,0.7,High
PR01884084,45.0,2,14598,262200,ME,Ever Bounce,True,0,0,0.0,0.0,0.0,,Ever Bounced,False,0.7,High
PR01810576,45.0,2,53976,960629,SBL,Ever Bounce,True,0,0,0.0,0.0,0.0,,Ever Bounced,False,0.7,High
PR01810642,45.0,2,33312,463527,Micro Loan,Ever Bounce,True,0,0,0.0,0.0,0.0,,Ever Bounced,False,0.7,High
PR01811664,45.0,2,38520,673224,SBL,Ever Bounce,False,1,0,0.0,1.0,12840.0,2026-09-15 20:16:45,Ever Bounced,False,0.7,High
PR01836673,45.0,2,38520,675648,SBL,Ever Bounce,True,0,0,0.0,0.0,0.0,,Ever Bounced,False,0.7,High
PR01815544,45.0,2,56366,1001685,SBL,Ever Bounce,True,0,0,0.0,0.0,0.0,,Ever Bounced,False,0.7,High
PR01816362,45.0,2,82539,1442642,SBL,Ever Bounce,True,0,0,0.0,0.0,0.0,,Ever Bounced,False,0.7,High
PR01816429,45.0,2,43287,560901,SBL,Ever Bounce,True,0,0,0.0,0.0,0.0,,Ever Bounced,False,0.7,High
PR01816450,45.0,2,74902,1670265,ME,Ever Bounce,True,0,0,0.0,0.0,0.0,,Ever Bounced,False,0.7,High
PR01816478,45.0,2,33312,463527,SBL,Ever Bounce,True,0,0,0.0,0.0,0.0,,Ever Bounced,False,0.7,High
PR01816511,45.0,2,54636,1218310,ME,Ever Bounce,True,0,0,0.0,0.0,0.0,,Ever Bounced,False,0.7,High
PR01863389,15.0,1,19094,639644,ME,Ever Bounce,False,1,0,0.0,1.0,9547.0,2026-09-14 15:01:14,Ever Bounced,False,0.7,High
PR01981692,15.0,1,33046,1113903,ME,Ever Bounce,True,0,0,0.0,0.0,0.0,,Ever Bounced,False,0.7,High
PR01816517,45.0,2,35670,786332,ME,Ever Bounce,True,0,0,0.0,0.0,0.0,,Ever Bounced,False,0.7,High
PR01874235,0.0,0,5053,334714,ME,Ever Bounce,True,0,0,0.0,0.0,0.0,,Ever Bounced,False,0.7,High
PR01816531,45.0,2,47706,1051729,ME,Ever Bounce,True,0,0,0.0,0.0,0.0,,Ever Bounced,False,0.7,High
PR01886941,15.0,1,15754,522558,ME,Ever Bounce,True,0,0,0.0,0.0,0.0,,Ever Bounced,False,0.7,High
PR01818602,45.0,2,81084,1446283,SBL,Ever Bounce,True,0,0,0.0,0.0,0.0,,Ever Bounced,False,0.7,High
PR01818932,45.0,2,40378,651836,SBL,Ever Bounce,True,0,0,0.0,0.0,0.0,,Ever Bounced,False,0.7,High
PR01823218,45.0,2,67407,1202339,SBL,Ever Bounce,True,0,0,0.0,0.0,0.0,,Ever Bounced,False,0.7,High
PR01825192,45.0,2,44418,565856,SBL,Ever Bounce,True,0,0,0.0,0.0,0.0,,Ever Bounced,False,0.7,High
PR01827960,45.0,2,82539,1447834,SBL,Ever Bounce,True,0,0,0.0,0.0,0.0,,Ever Bounced,False,0.7,High
PR01827987,45.0,2,64869,1157021,SBL,Ever Bounce,True,0,0,0.0,0.0,0.0,,Ever Bounced,False,0.7,High
PR01828269,45.0,2,52275,916960,SBL,Ever Bounce,True,0,0,0.0,0.0,0.0,,Ever Bounced,False,0.7,High
PR01828523,45.0,2,54057,964185,SBL,Ever Bounce,True,0,0,0.0,0.0,0.0,,Ever Bounced,False,0.7,High
PR01830925,45.0,2,46000,679255,SBL,Ever Bounce,True,0,0,0.0,0.0,0.0,,Ever Bounced,False,0.7,High
PR01831455,45.0,2,43407,680264,SBL,Ever Bounce,True,0,0,0.0,0.0,0.0,,Ever Bounced,False,0.7,High
PR01831883,45.0,2,0,425697,SBL,Ever Bounce,True,0,0,0.0,0.0,0.0,,Ever Bounced,False,0.7,High
PR01831934,45.0,2,79905,1961486,ME,Ever Bounce,True,0,0,0.0,0.0,0.0,,Ever Bounced,False,0.7,High
PR01833372,45.0,2,51354,915976,SBL,Ever Bounce,True,0,0,0.0,0.0,0.0,,Ever Bounced,False,0.7,High
PR01833418,45.0,2,22972,292656,Micro Loan,Ever Bounce,True,0,0,0.0,0.0,0.0,,Ever Bounced,False,0.7,High
PR01834929,45.0,2,37839,674933,SBL,Ever Bounce,False,1,0,0.0,1.0,12613.0,2026-09-11 15:37:27,Ever Bounced,False,0.7,High
PR01834960,45.0,2,43245,771351,SBL,Ever Bounce,True,0,0,0.0,0.0,0.0,,Ever Bounced,False,0.7,High
PR01835006,45.0,2,47292,696449,SBL,Ever Bounce,True,0,0,0.0,0.0,0.0,,Ever Bounced,False,0.7,High
PR01835335,45.0,2,54750,748938,Micro Loan,Ever Bounce,True,0,0,0.0,0.0,0.0,,Ever Bounced,False,0.7,High
PR01836501,45.0,2,63090,1164067,SBL,Ever Bounce,True,0,0,0.0,0.0,0.0,,Ever Bounced,False,0.7,High
PR01836672,75.0,3,47560,788766,ME,Ever Bounce,True,0,0,0.0,0.0,0.0,,Ever Bounced,False,0.711,High
PR01836750,45.0,2,38895,558720,SBL,Ever Bounce,True,0,0,0.0,0.0,0.0,,Ever Bounced,False,0.7,High
PR01836801,45.0,2,31110,396318,Micro Loan,Ever Bounce,True,0,0,0.0,0.0,0.0,,Ever Bounced,False,0.7,High
PR01836812,45.0,2,42705,761706,SBL,Ever Bounce,True,0,0,0.0,0.0,0.0,,Ever Bounced,False,0.7,High
PR01865858,45.0,2,38382,687053,ME,Ever Bounce,True,0,0,0.0,0.0,0.0,,Ever Bounced,False,0.7,High
PR01836836,45.0,2,43407,680264,SBL,Ever Bounce,True,0,0,0.0,0.0,0.0,,Ever Bounced,False,0.7,High
PR01836933,45.0,2,81084,1446283,SBL,Ever Bounce,True,0,0,0.0,0.0,0.0,,Ever Bounced,False,0.7,High
PR01853107,45.0,2,54057,967689,SBL,Ever Bounce,True,0,0,0.0,0.0,0.0,,Ever Bounced,False,0.7,High
PR01854160,45.0,2,63516,1137037,SBL,Ever Bounce,True,0,0,0.0,0.0,0.0,,Ever Bounced,False,0.7,High
PR01919609,45.0,2,21624,389813,SBL,Ever Bounce,True,0,0,0.0,0.0,0.0,,Ever Bounced,False,0.7,High
PR01856239,45.0,2,55026,968632,SBL,Ever Bounce,True,0,0,0.0,0.0,0.0,,Ever Bounced,False,0.7,High
PR01857701,45.0,2,83841,1500894,SBL,Ever Bounce,True,0,0,0.0,0.0,0.0,,Ever Bounced,False,0.7,High
PR01857729,45.0,2,40981,608130,SBL,Ever Bounce,True,0,0,0.0,0.0,0.0,,Ever Bounced,False,0.7,High
PR01857773,45.0,2,38820,497539,Micro Loan,Ever Bounce,True,0,0,0.0,0.0,0.0,,Ever Bounced,False,0.7,High
PR01858492,45.0,2,111468,2493424,ME,Ever Bounce,True,0,0,0.0,0.0,0.0,,Ever Bounced,False,0.7,High
PR01858582,45.0,2,39252,503043,Micro Loan,Ever Bounce,True,0,0,0.0,0.0,0.0,,Ever Bounced,False,0.7,High
PR01859824,45.0,2,41984,681099,SBL,Ever Bounce,True,0,0,0.0,0.0,0.0,,Ever Bounced,False,0.7,High
PR01859829,45.0,2,47907,659741,SBL,Ever Bounce,True,0,0,0.0,0.0,0.0,,Ever Bounced,False,0.7,High
PR01859832,45.0,2,44985,729758,SBL,Ever Bounce,True,0,0,0.0,0.0,0.0,,Ever Bounced,False,0.7,High
PR01860815,45.0,2,104280,1931476,SBL,Ever Bounce,True,0,0,0.0,0.0,0.0,,Ever Bounced,False,0.7,High
PR01861059,45.0,2,40470,712382,SBL,Ever Bounce,True,0,0,0.0,0.0,0.0,,Ever Bounced,False,0.7,High
PR01861145,45.0,2,29733,532224,SBL,Ever Bounce,True,0,0,0.0,0.0,0.0,,Ever Bounced,False,0.7,High
PR01862128,45.0,2,27030,483837,SBL,Ever Bounce,True,0,0,0.0,0.0,0.0,,Ever Bounced,False,0.7,High
PR01862383,45.0,2,39462,706411,SBL,Ever Bounce,True,0,0,0.0,0.0,0.0,,Ever Bounced,False,0.7,High
PR01897029,45.0,2,28377,424103,SBL,Ever Bounce,True,0,0,0.0,0.0,0.0,,Ever Bounced,False,0.7,High
PR01862385,45.0,2,30204,387107,Micro Loan,Ever Bounce,True,0,0,0.0,0.0,0.0,,Ever Bounced,False,0.7,High
PR01876288,45.0,2,7404,95434,ME,Ever Bounce,True,0,0,0.0,0.0,0.0,,Ever Bounced,False,0.7,High
PR01862430,45.0,2,54276,1040784,ME,Ever Bounce,True,0,0,0.0,0.0,0.0,,Ever Bounced,False,0.7,High
PR01916476,45.0,2,46236,893632,ME,Ever Bounce,True,0,0,0.0,0.0,0.0,,Ever Bounced,False,0.7,High
PR01862437,45.0,2,73797,1343695,SBL,Ever Bounce,True,0,0,0.0,0.0,0.0,,Ever Bounced,False,0.7,High
PR01862480,45.0,2,40059,538454,SBL,Ever Bounce,True,0,0,0.0,0.0,0.0,,Ever Bounced,False,0.7,High
PR01863663,45.0,2,47907,659741,SBL,Ever Bounce,True,0,0,0.0,0.0,0.0,,Ever Bounced,False,0.7,High
PR01863749,45.0,2,53103,1174277,ME,Ever Bounce,True,0,0,0.0,0.0,0.0,,Ever Bounced,False,0.7,High
PR01878341,0.0,0,1635,108289,ME,Ever Bounce,True,0,0,0.0,0.0,0.0,,Ever Bounced,False,0.7,High
PR01895770,45.0,2,22248,492738,ME,Ever Bounce,True,0,0,0.0,0.0,0.0,,Ever Bounced,False,0.7,High
PR01863775,45.0,2,55026,968632,SBL,Ever Bounce,True,0,0,0.0,0.0,0.0,,Ever Bounced,False,0.7,High
PR01864599,45.0,2,46635,658176,SBL,Ever Bounce,True,0,0,0.0,0.0,0.0,,Ever Bounced,False,0.7,High
PR01865116,45.0,2,27030,483837,SBL,Ever Bounce,True,0,0,0.0,0.0,0.0,,Ever Bounced,False,0.7,High
PR01865199,45.0,2,59958,846228,SBL,Ever Bounce,True,0,0,0.0,0.0,0.0,,Ever Bounced,False,0.7,High
PR01865227,45.0,2,41643,634481,SBL,Ever Bounce,True,0,0,0.0,0.0,0.0,,Ever Bounced,False,0.7,High
PR01865242,45.0,2,38655,519555,Micro Loan,Ever Bounce,True,0,0,0.0,0.0,0.0,,Ever Bounced,False,0.7,High
PR01866247,45.0,2,72513,1075927,SBL,Ever Bounce,True,0,0,0.0,0.0,0.0,,Ever Bounced,False,0.7,High
PR01866279,45.0,2,44847,683285,SBL,Ever Bounce,True,0,0,0.0,0.0,0.0,,Ever Bounced,False,0.7,High
PR01866286,45.0,2,80568,1104244,SBL,Ever Bounce,True,0,0,0.0,0.0,0.0,,Ever Bounced,False,0.7,High
PR01879477,15.0,1,7080,193342,SBL,Ever Bounce,True,0,0,0.0,0.0,0.0,,Ever Bounced,False,0.7,High
PR01866363,45.0,2,37833,561352,SBL,Ever Bounce,True,0,0,0.0,0.0,0.0,,Ever Bounced,False,0.7,High
PR01866533,45.0,2,43287,568051,Micro Loan,Ever Bounce,True,0,0,0.0,0.0,0.0,,Ever Bounced,False,0.7,High
PR01866572,45.0,2,81207,1816490,ME,Ever Bounce,True,0,0,0.0,0.0,0.0,,Ever Bounced,False,0.7,High
PR01866602,45.0,2,36072,473377,Micro Loan,Ever Bounce,True,0,0,0.0,0.0,0.0,,Ever Bounced,False,0.7,High
PR01879214,45.0,2,88860,2037626,ME,Ever Bounce,True,0,0,0.0,0.0,0.0,,Ever Bounced,False,0.7,High
PR01882396,75.0,3,57660,779635,SBL,Ever Bounce,True,0,0,0.0,0.0,0.0,,Ever Bounced,False,0.713,High
PR01884708,15.0,1,36038,967689,SBL,Ever Bounce,True,0,0,0.0,0.0,0.0,,Ever Bounced,False,0.7,High
PR01947355,45.0,2,10812,195577,SBL,Ever Bounce,False,1,0,0.0,1.0,3604.0,2026-09-11 21:03:17,Ever Bounced,False,0.7,High
PR01885103,45.0,2,37692,725653,ME,Ever Bounce,True,0,0,0.0,0.0,0.0,,Ever Bounced,False,0.7,High
PR01923051,15.0,1,18428,532143,ME,Ever Bounce,True,0,0,0.0,0.0,0.0,,Ever Bounced,False,0.7,High
PR01918296,45.0,2,24327,438541,SBL,Ever Bounce,True,0,0,0.0,0.0,0.0,,Ever Bounced,False,0.7,High
PR01887028,45.0,2,38895,566765,SBL,Ever Bounce,True,0,0,0.0,0.0,0.0,,Ever Bounced,False,0.7,High
PR01887059,45.0,2,73596,1322231,SBL,Ever Bounce,True,0,0,0.0,0.0,0.0,,Ever Bounced,False,0.7,High
PR01889610,45.0,2,67695,1216154,SBL,Ever Bounce,True,0,0,0.0,0.0,0.0,,Ever Bounced,False,0.7,High
PR01890493,45.0,2,27030,485564,SBL,Ever Bounce,True,0,0,0.0,0.0,0.0,,Ever Bounced,False,0.7,High
PR01891020,45.0,2,44022,777587,SBL,Ever Bounce,True,0,0,0.0,0.0,0.0,,Ever Bounced,False,0.7,High
PR01891027,45.0,2,38895,566765,SBL,Ever Bounce,True,0,0,0.0,0.0,0.0,,Ever Bounced,False,0.7,High
PR01924134,45.0,2,29733,535994,SBL,Ever Bounce,True,0,0,0.0,0.0,0.0,,Ever Bounced,False,0.7,High
PR01892600,45.0,2,41412,647612,ME,Ever Bounce,True,0,0,0.0,0.0,0.0,,Ever Bounced,False,0.7,High
PR01892657,45.0,2,25362,484006,ME,Ever Bounce,True,0,0,0.0,0.0,0.0,,Ever Bounced,False,0.7,High
PR01892830,45.0,2,52875,1184570,ME,Ever Bounce,True,0,0,0.0,0.0,0.0,,Ever Bounced,False,0.7,High
PR01894022,75.0,3,74672,976025,SBL,Ever Bounce,True,0,0,0.0,0.0,0.0,,Ever Bounced,False,0.716,High
PR01894901,45.0,2,54225,1008163,SBL,Ever Bounce,True,0,0,0.0,0.0,0.0,,Ever Bounced,False,0.7,High
PR01895043,45.0,2,47907,664088,Micro Loan,Ever Bounce,True,0,0,0.0,0.0,0.0,,Ever Bounced,False,0.7,High
PR01895094,45.0,2,49196,665453,SBL,Ever Bounce,True,0,0,0.0,0.0,0.0,,Ever Bounced,False,0.7,High
PR01895217,45.0,2,39678,523903,Micro Loan,Ever Bounce,True,0,0,0.0,0.0,0.0,,Ever Bounced,False,0.7,High
PR01895437,45.0,2,60528,1069189,SBL,Ever Bounce,True,0,0,0.0,0.0,0.0,,Ever Bounced,False,0.7,High
PR01896443,0.0,0,17344,943867,SBL,Ever Bounce,True,0,0,0.0,0.0,0.0,,Ever Bounced,False,0.7,High
PR01943100,45.0,2,23364,429971,ME,Ever Bounce,True,0,0,0.0,0.0,0.0,,Ever Bounced,False,0.7,High
PR01896871,45.0,2,29613,381749,Micro Loan,Ever Bounce,True,0,0,0.0,0.0,0.0,,Ever Bounced,False,0.7,High
PR01934060,45.0,2,14808,193042,Micro Loan,Ever Bounce,True,0,0,0.0,0.0,0.0,,Ever Bounced,False,0.7,High
PR01896997,15.0,1,48402,1441669,Co-Lending,Ever Bounce,True,0,0,0.0,0.0,0.0,,Ever Bounced,False,0.7,High
PR01964112,45.0,2,24201,488635,Co-Lending,Ever Bounce,True,0,0,0.0,0.0,0.0,,Ever Bounced,False,0.7,High
PR01897030,45.0,2,78210,1454079,SBL,Ever Bounce,True,0,0,0.0,0.0,0.0,,Ever Bounced,False,0.7,High
PR01897040,45.0,2,102438,2586465,Co-Lending,Ever Bounce,True,0,0,0.0,0.0,0.0,,Ever Bounced,False,0.7,High
PR01970802,45.0,2,14412,365955,Co-Lending,Ever Bounce,True,0,0,0.0,0.0,0.0,,Ever Bounced,False,0.7,High
PR01897161,45.0,2,111942,2628292,ME,Ever Bounce,True,0,0,0.0,0.0,0.0,,Ever Bounced,False,0.7,High
PR01925916,45.0,2,34809,818591,ME,Ever Bounce,True,0,0,0.0,0.0,0.0,,Ever Bounced,False,0.7,High
PR02072995,45.0,2,123363,3232069,ME,Ever Bounce,True,0,0,0.0,0.0,0.0,,Ever Bounced,False,0.7,High
PR01897229,45.0,2,43242,776915,SBL,Ever Bounce,True,0,0,0.0,0.0,0.0,,Ever Bounced,False,0.7,High
PR01897237,45.0,2,66387,1213193,SBL,Ever Bounce,True,0,0,0.0,0.0,0.0,,Ever Bounced,False,0.7,High
PR01909687,45.0,2,57417,853284,SBL,Ever Bounce,True,0,0,0.0,0.0,0.0,,Ever Bounced,False,0.7,High
PR01910866,45.0,2,85044,1296982,SBL,Ever Bounce,True,0,0,0.0,0.0,0.0,,Ever Bounced,False,0.7,High
PR01910988,45.0,2,32102,712021,ME,Ever Bounce,True,0,0,0.0,0.0,0.0,,Ever Bounced,False,0.7,High
PR01951662,0.0,0,7134,473975,ME,Ever Bounce,True,0,0,0.0,0.0,0.0,,Ever Bounced,False,0.7,High
PR01910995,45.0,2,50502,670754,SBL,Ever Bounce,True,0,0,0.0,0.0,0.0,,Ever Bounced,False,0.7,High
PR01913981,45.0,2,14712,281804,ME,Ever Bounce,True,0,0,0.0,0.0,0.0,,Ever Bounced,False,0.7,High
PR01953561,45.0,2,20799,399931,ME,Ever Bounce,True,0,0,0.0,0.0,0.0,,Ever Bounced,False,0.7,High
PR01914144,45.0,2,38520,682701,SBL,Ever Bounce,True,0,0,0.0,0.0,0.0,,Ever Bounced,False,0.7,High
PR01943149,15.0,1,10272,273081,ME,Ever Bounce,True,0,0,0.0,0.0,0.0,,Ever Bounced,False,0.7,High
PR01914968,45.0,2,40770,710550,SBL,Ever Bounce,True,0,0,0.0,0.0,0.0,,Ever Bounced,False,0.7,High
PR01917530,45.0,2,50445,759396,SBL,Ever Bounce,True,0,0,0.0,0.0,0.0,,Ever Bounced,False,0.7,High
PR01918305,45.0,2,50502,670754,SBL,Ever Bounce,True,0,0,0.0,0.0,0.0,,Ever Bounced,False,0.7,High
PR01921518,45.0,2,51111,1146836,ME,Ever Bounce,True,0,0,0.0,0.0,0.0,,Ever Bounced,False,0.7,High
PR01987376,0.0,0,4994,336138,ME,Ever Bounce,False,1,0,0.0,1.0,4994.0,2026-09-04 15:52:52,Ever Bounced,False,0.7,High
PR01921596,45.0,2,49932,792070,ME,Ever Bounce,True,0,0,0.0,0.0,0.0,,Ever Bounced,False,0.7,High
PR01946470,15.0,1,7946,189050,ME,Ever Bounce,True,0,0,0.0,0.0,0.0,,Ever Bounced,False,0.7,High
PR01921730,45.0,2,51195,972167,SBL,Ever Bounce,True,0,0,0.0,0.0,0.0,,Ever Bounced,False,0.7,High
PR01921753,45.0,2,72864,1313612,SBL,Ever Bounce,True,0,0,0.0,0.0,0.0,,Ever Bounced,False,0.7,High
PR01947507,45.0,2,10812,195577,SBL,Ever Bounce,True,0,0,0.0,0.0,0.0,,Ever Bounced,False,0.7,High
PR01922985,45.0,2,19461,352039,SBL,Ever Bounce,True,0,0,0.0,0.0,0.0,,Ever Bounced,False,0.7,High
PR01987962,0.0,0,7028,380066,ME,Ever Bounce,True,0,0,0.0,0.0,0.0,,Ever Bounced,False,0.7,High
PR01923480,45.0,2,104460,2714594,Co-Lending,Ever Bounce,True,0,0,0.0,0.0,0.0,,Ever Bounced,False,0.7,High
PR01953286,0.0,0,20852,1618387,Co-Lending,Ever Bounce,True,0,0,0.0,0.0,0.0,,Ever Bounced,False,0.7,High
PR01924075,45.0,2,54057,974542,SBL,Ever Bounce,True,0,0,0.0,0.0,0.0,,Ever Bounced,False,0.7,High
PR01924243,15.0,1,95858,3542864,ME,Ever Bounce,True,0,0,0.0,0.0,0.0,,Ever Bounced,False,0.7,High
PR01951620,45.0,2,40008,989382,ME,Ever Bounce,True,0,0,0.0,0.0,0.0,,Ever Bounced,False,0.7,High
PR01925977,45.0,2,61602,1073634,SBL,Ever Bounce,True,0,0,0.0,0.0,0.0,,Ever Bounced,False,0.7,High
PR01926163,45.0,2,56223,765235,Micro Loan,Ever Bounce,True,0,0,0.0,0.0,0.0,,Ever Bounced,False,0.7,High
PR01927600,45.0,2,67203,1171235,SBL,Ever Bounce,True,0,0,0.0,0.0,0.0,,Ever Bounced,False,0.7,High
PR01927765,15.0,1,29545,823979,SBL,Ever Bounce,True,0,0,0.0,0.0,0.0,,Ever Bounced,False,0.7,High
PR01987094,45.0,2,33891,637015,SBL,Ever Bounce,True,0,0,0.0,0.0,0.0,,Ever Bounced,False,0.7,High
PR01927826,45.0,2,51093,678615,Micro Loan,Ever Bounce,True,0,0,0.0,0.0,0.0,,Ever Bounced,False,0.7,High
PR01979619,15.0,1,14034,281239,Micro Loan,Ever Bounce,True,0,0,0.0,0.0,0.0,,Ever Bounced,False,0.7,High
PR01946104,45.0,2,56160,1017006,SBL,Ever Bounce,True,0,0,0.0,0.0,0.0,,Ever Bounced,False,0.7,High
PR01950333,45.0,2,45330,819994,SBL,Ever Bounce,True,0,0,0.0,0.0,0.0,,Ever Bounced,False,0.7,High
PR01950402,45.0,2,35508,682816,SBL,Ever Bounce,True,0,0,0.0,0.0,0.0,,Ever Bounced,False,0.7,High
PR01950565,45.0,2,44139,669148,SBL,Ever Bounce,True,0,0,0.0,0.0,0.0,,Ever Bounced,False,0.7,High
PR01951805,45.0,2,66030,1174264,SBL,Ever Bounce,True,0,0,0.0,0.0,0.0,,Ever Bounced,False,0.7,High
PR01953187,45.0,2,41712,781223,SBL,Ever Bounce,True,0,0,0.0,0.0,0.0,,Ever Bounced,False,0.7,High
PR01953467,0.0,0,-3044536,1315511,Co-Lending,Ever Bounce,True,0,0,0.0,0.0,0.0,,Ever Bounced,False,0.05,Low
PR01986019,0.0,0,23418,1868670,Co-Lending,Ever Bounce,True,0,0,0.0,0.0,0.0,,Ever Bounced,False,0.7,High
PR01953659,45.0,2,108114,1955782,SBL,Ever Bounce,True,0,0,0.0,0.0,0.0,,Ever Bounced,False,0.7,High
PR01953881,45.0,2,62421,1386521,ME,Ever Bounce,True,0,0,0.0,0.0,0.0,,Ever Bounced,False,0.7,High
PR01969587,45.0,2,81079,1471792,SBL,Ever Bounce,True,0,0,0.0,0.0,0.0,,Ever Bounced,False,0.7,High
PR01974276,45.0,2,57714,775418,Micro Loan,Ever Bounce,True,0,0,0.0,0.0,0.0,,Ever Bounced,False,0.7,High
PR01978347,45.0,2,56760,1030251,SBL,Ever Bounce,True,0,0,0.0,0.0,0.0,,Ever Bounced,False,0.7,High
PR01978393,45.0,2,38520,687226,SBL,Ever Bounce,True,0,0,0.0,0.0,0.0,,Ever Bounced,False,0.7,High
PR02023090,15.0,1,0,196347,SBL,Ever Bounce,True,0,0,0.0,0.0,0.0,,Ever Bounced,False,0.7,High
PR01981252,45.0,2,31923,26985,SBL,Ever Bounce,True,0,0,0.0,0.0,0.0,,Ever Bounced,False,0.7,High
PR01981786,45.0,2,49965,724008,SBL,Ever Bounce,True,0,0,0.0,0.0,0.0,,Ever Bounced,False,0.7,High
PR01982120,45.0,2,67203,1178768,SBL,Ever Bounce,True,0,0,0.0,0.0,0.0,,Ever Bounced,False,0.7,High
PR01983366,45.0,2,68139,1303603,SBL,Ever Bounce,True,0,0,0.0,0.0,0.0,,Ever Bounced,False,0.7,High
PR01984101,45.0,2,41712,784020,SBL,Ever Bounce,False,1,0,0.0,1.0,13904.0,2026-09-16 15:17:31,Ever Bounced,False,0.7,High
PR01984159,45.0,2,36072,484636,Micro Loan,Ever Bounce,True,0,0,0.0,0.0,0.0,,Ever Bounced,False,0.7,High
PR01984428,45.0,2,43707,821492,SBL,Ever Bounce,True,0,0,0.0,0.0,0.0,,Ever Bounced,False,0.7,High
PR01985238,45.0,2,52815,806216,SBL,Ever Bounce,True,0,0,0.0,0.0,0.0,,Ever Bounced,False,0.7,High
PR01986236,75.0,3,45654,881200,ME,Ever Bounce,True,0,0,0.0,0.0,0.0,,Ever Bounced,False,0.711,High
PR01987139,45.0,2,55026,981758,SBL,Ever Bounce,False,1,0,0.0,1.0,18342.0,2026-09-15 19:13:13,Ever Bounced,False,0.7,High
PR01987204,45.0,2,49197,677601,Micro Loan,Ever Bounce,True,0,0,0.0,0.0,0.0,,Ever Bounced,False,0.7,High
PR01987347,45.0,2,47700,1125475,ME,Ever Bounce,True,0,0,0.0,0.0,0.0,,Ever Bounced,False,0.7,High
PR02072991,45.0,2,20211,479160,ME,Ever Bounce,True,0,0,0.0,0.0,0.0,,Ever Bounced,False,0.7,High
PR01987395,45.0,2,57684,1011773,SBL,Ever Bounce,False,1,0,0.0,1.0,19228.0,2026-09-14 15:45:34,Ever Bounced,False,0.7,High
PR01987964,45.0,2,33441,743849,ME,Ever Bounce,True,0,0,0.0,0.0,0.0,,Ever Bounced,False,0.7,High
PR01997331,45.0,2,43407,691516,Micro Loan,Ever Bounce,True,0,0,0.0,0.0,0.0,,Ever Bounced,False,0.7,High
PR02012390,45.0,2,57048,853769,SBL,Ever Bounce,True,0,0,0.0,0.0,0.0,,Ever Bounced,False,0.7,High
PR02022708,45.0,2,45477,1013083,ME,Ever Bounce,True,0,0,0.0,0.0,0.0,,Ever Bounced,False,0.7,High
PR02023414,45.0,2,43245,787558,SBL,Ever Bounce,True,0,0,0.0,0.0,0.0,,Ever Bounced,False,0.7,High
PR02023602,45.0,2,51066,1124512,ME,Ever Bounce,True,0,0,0.0,0.0,0.0,,Ever Bounced,False,0.7,High
PR02023638,45.0,2,50502,682245,Micro Loan,Ever Bounce,True,0,0,0.0,0.0,0.0,,Ever Bounced,False,0.7,High
PR02059808,45.0,2,81084,1481476,SBL,Ever Bounce,True,0,0,0.0,0.0,0.0,,Ever Bounced,False,0.7,High
PR02059655,45.0,2,44064,994471,ME,Ever Bounce,True,0,0,0.0,0.0,0.0,,Ever Bounced,False,0.7,High
PR02059998,45.0,2,90459,1774892,SBL,Ever Bounce,False,1,0,0.0,1.0,30153.0,2026-09-16 19:04:28,Ever Bounced,False,0.7,High
PR02067258,45.0,2,47787,891465,SBL,Ever Bounce,True,0,0,0.0,0.0,0.0,,Ever Bounced,False,0.7,High
PR02074188,45.0,2,50502,689550,Micro Loan,Ever Bounce,True,0,0,0.0,0.0,0.0,,Ever Bounced,False,0.7,High
PR01321715,45.0,2,17649,28195,ME,Ever Bounce,True,0,0,0.0,0.0,0.0,,Ever Bounced,False,0.7,High
PR01332183,45.0,2,86108,1565737,ME,Ever Bounce,True,0,0,0.0,0.0,0.0,,Ever Bounced,False,0.7,High
PR01337166,45.0,2,55278,956846,ME,Ever Bounce,True,0,0,0.0,0.0,0.0,,Ever Bounced,False,0.7,High
PR01335295,45.0,2,64326,1058381,ME,Ever Bounce,True,0,0,0.0,0.0,0.0,,Ever Bounced,False,0.7,High
PR01207125,45.0,2,93895,1634717,SBL,Ever Bounce,True,0,0,0.0,0.0,0.0,,Ever Bounced,False,0.7,High
PR01189216,45.0,2,52140,853402,SBL,Ever Bounce,False,1,0,0.0,1.0,17380.0,2026-09-15 14:03:57,Ever Bounced,False,0.7,High
PR01260200,45.0,2,28575,407682,ME,Ever Bounce,True,0,0,0.0,0.0,0.0,,Ever Bounced,False,0.7,High
PR01120475,45.0,2,37839,601811,SBL,Ever Bounce,True,0,0,0.0,0.0,0.0,,Ever Bounced,False,0.7,High
PR01260560,45.0,2,45555,634717,ME,Ever Bounce,True,0,0,0.0,0.0,0.0,,Ever Bounced,False,0.7,High
PR01142603,45.0,2,21477,362372,SBL,Ever Bounce,True,0,0,0.0,0.0,0.0,,Ever Bounced,False,0.7,High
PR01225032,45.0,2,28647,476678,SBL,Ever Bounce,True,0,0,0.0,0.0,0.0,,Ever Bounced,False,0.7,High
PR01319791,45.0,2,20103,345858,ME,Ever Bounce,True,0,0,0.0,0.0,0.0,,Ever Bounced,False,0.7,High
PR01260474,45.0,2,47073,772598,SBL,Ever Bounce,True,0,0,0.0,0.0,0.0,,Ever Bounced,False,0.7,High
PR01120461,45.0,2,56748,609281,SBL,Ever Bounce,True,0,0,0.0,0.0,0.0,,Ever Bounced,False,0.7,High
PR01120464,45.0,2,49731,790962,SBL,Ever Bounce,True,0,0,0.0,0.0,0.0,,Ever Bounced,False,0.7,High
PR01122006,45.0,2,36072,359917,Micro Loan,Ever Bounce,True,0,0,0.0,0.0,0.0,,Ever Bounced,False,0.7,High
PR01123619,45.0,2,28857,287939,Micro Loan,Ever Bounce,False,1,0,0.0,1.0,9619.0,2026-09-10 18:52:23,Ever Bounced,False,0.7,High
PR01124341,45.0,2,26070,425411,ME,Ever Bounce,False,1,0,0.0,1.0,8690.0,2026-09-05 11:53:53,Ever Bounced,False,0.7,High
PR01172309,45.0,2,15642,254328,ME,Ever Bounce,False,1,0,0.0,1.0,5214.0,2026-09-05 11:56:30,Ever Bounced,False,0.7,High
PR01124366,45.0,2,44136,473917,SBL,Ever Bounce,True,0,0,0.0,0.0,0.0,,Ever Bounced,False,0.7,High
PR01124571,45.0,2,46515,242908,Micro Loan,Ever Bounce,True,0,0,0.0,0.0,0.0,,Ever Bounced,False,0.7,High
PR01124843,45.0,2,45592,498026,Micro Loan,Ever Bounce,True,0,0,0.0,0.0,0.0,,Ever Bounced,False,0.7,High
PR01125000,45.0,2,50499,503916,Micro Loan,Ever Bounce,True,0,0,0.0,0.0,0.0,,Ever Bounced,False,0.7,High
PR01125025,45.0,2,54225,884893,SBL,Ever Bounce,True,0,0,0.0,0.0,0.0,,Ever Bounced,False,0.7,High
PR01125037,45.0,2,53595,575436,SBL,Ever Bounce,False,1,0,0.0,1.0,17865.0,2026-09-15 13:35:28,Ever Bounced,False,0.7,High
PR01125057,45.0,2,43284,431950,Micro Loan,Ever Bounce,True,0,0,0.0,0.0,0.0,,Ever Bounced,False,0.7,High
PR01125406,45.0,2,63054,676966,SBL,Ever Bounce,True,0,0,0.0,0.0,0.0,,Ever Bounced,False,0.7,High
PR01125814,45.0,2,69360,744649,SBL,Ever Bounce,True,0,0,0.0,0.0,0.0,,Ever Bounced,False,0.7,High
PR01125921,45.0,2,64650,1028256,SBL,Ever Bounce,True,0,0,0.0,0.0,0.0,,Ever Bounced,False,0.7,High
PR01126754,45.0,2,45948,730757,SBL,Ever Bounce,True,0,0,0.0,0.0,0.0,,Ever Bounced,False,0.7,High
PR01126775,45.0,2,44769,480630,SBL,Ever Bounce,True,0,0,0.0,0.0,0.0,,Ever Bounced,False,0.7,High
PR01126804,45.0,2,35672,359917,Micro Loan,Ever Bounce,True,0,0,0.0,0.0,0.0,,Ever Bounced,False,0.7,High
PR01126878,45.0,2,69360,744649,SBL,Ever Bounce,True,0,0,0.0,0.0,0.0,,Ever Bounced,False,0.7,High
PR01126891,45.0,2,18603,267873,Micro Loan,Ever Bounce,True,0,0,0.0,0.0,0.0,,Ever Bounced,False,0.7,High
PR01127034,45.0,2,34944,541897,SBL,Ever Bounce,False,1,0,0.0,1.0,11648.0,2026-09-12 17:51:21,Ever Bounced,False,0.7,High
PR01155710,45.0,2,20856,345078,ME,Ever Bounce,False,1,0,0.0,1.0,6952.0,2026-09-07 17:06:12,Ever Bounced,False,0.7,High
PR01127382,45.0,2,46806,763743,SBL,Ever Bounce,True,0,0,0.0,0.0,0.0,,Ever Bounced,False,0.7,High
PR01127465,45.0,2,37839,601778,SBL,Ever Bounce,True,0,0,0.0,0.0,0.0,,Ever Bounced,False,0.7,High
PR01127475,45.0,2,21621,343899,SBL,Ever Bounce,True,0,0,0.0,0.0,0.0,,Ever Bounced,False,0.7,High
PR01127546,45.0,2,16218,257894,SBL,Ever Bounce,False,1,0,0.0,1.0,5406.0,2026-09-15 15:21:18,Ever Bounced,False,0.7,High
PR01157570,45.0,2,13515,217802,SBL,Ever Bounce,False,1,0,0.0,1.0,4505.0,2026-09-15 15:58:53,Ever Bounced,False,0.7,High
PR01134270,45.0,2,54057,865535,SBL,Ever Bounce,True,0,0,0.0,0.0,0.0,,Ever Bounced,False,0.7,High
PR01139662,45.0,2,44136,482040,SBL,Ever Bounce,True,0,0,0.0,0.0,0.0,,Ever Bounced,False,0.7,High
PR01139687,45.0,2,64866,1038680,SBL,Ever Bounce,True,0,0,0.0,0.0,0.0,,Ever Bounced,False,0.7,High
PR01140125,45.0,2,48490,505918,Micro Loan,Ever Bounce,True,0,0,0.0,0.0,0.0,,Ever Bounced,False,0.7,High
PR01140380,45.0,2,52140,856830,SBL,Ever Bounce,True,0,0,0.0,0.0,0.0,,Ever Bounced,False,0.7,High
PR01141022,45.0,2,56340,925926,SBL,Ever Bounce,True,0,0,0.0,0.0,0.0,,Ever Bounced,False,0.7,High
PR01141048,45.0,2,44136,482040,SBL,Ever Bounce,True,0,0,0.0,0.0,0.0,,Ever Bounced,False,0.7,High
PR01141067,45.0,2,54056,865535,SBL,Ever Bounce,True,0,0,0.0,0.0,0.0,,Ever Bounced,False,0.7,High
PR01141189,45.0,2,22704,363520,ME,Ever Bounce,True,0,0,0.0,0.0,0.0,,Ever Bounced,False,0.7,High
PR01169722,45.0,2,20541,333243,ME,Ever Bounce,True,0,0,0.0,0.0,0.0,,Ever Bounced,False,0.7,High
PR01142098,45.0,2,50656,277426,Micro Loan,Ever Bounce,True,0,0,0.0,0.0,0.0,,Ever Bounced,False,0.7,High
PR01142499,45.0,2,40176,567951,Micro Loan,Ever Bounce,True,0,0,0.0,0.0,0.0,,Ever Bounced,False,0.7,High
PR01142582,45.0,2,93852,1542304,SBL,Ever Bounce,True,0,0,0.0,0.0,0.0,,Ever Bounced,False,0.7,High
PR01145327,45.0,2,40881,667654,SBL,Ever Bounce,True,0,0,0.0,0.0,0.0,,Ever Bounced,False,0.7,High
PR01157346,45.0,2,42633,696263,SBL,Ever Bounce,True,0,0,0.0,0.0,0.0,,Ever Bounced,False,0.7,High
PR01142703,45.0,2,50442,550880,SBL,Ever Bounce,True,0,0,0.0,0.0,0.0,,Ever Bounced,False,0.7,High
PR01143398,45.0,2,40584,617592,Micro Loan,Ever Bounce,True,0,0,0.0,0.0,0.0,,Ever Bounced,False,0.7,High
PR01143525,45.0,2,43284,438654,Micro Loan,Ever Bounce,True,0,0,0.0,0.0,0.0,,Ever Bounced,False,0.7,High
PR01143646,45.0,2,59199,323669,Micro Loan,Ever Bounce,True,0,0,0.0,0.0,0.0,,Ever Bounced,False,0.7,High
PR01143780,45.0,2,39678,402079,Micro Loan,Ever Bounce,True,0,0,0.0,0.0,0.0,,Ever Bounced,False,0.7,High
PR01146414,45.0,2,15135,243970,SBL,Ever Bounce,True,0,0,0.0,0.0,0.0,,Ever Bounced,False,0.7,High
PR01188458,45.0,2,28110,447785,ME,Ever Bounce,True,0,0,0.0,0.0,0.0,,Ever Bounced,False,0.7,High
PR01144352,45.0,2,35139,366891,SBL,Ever Bounce,True,0,0,0.0,0.0,0.0,,Ever Bounced,False,0.7,High
PR01144568,45.0,2,52140,862739,SBL,Ever Bounce,True,0,0,0.0,0.0,0.0,,Ever Bounced,False,0.7,High
PR01144764,45.0,2,33309,358537,Micro Loan,Ever Bounce,True,0,0,0.0,0.0,0.0,,Ever Bounced,False,0.7,High
PR01146420,45.0,2,59460,958388,SBL,Ever Bounce,True,0,0,0.0,0.0,0.0,,Ever Bounced,False,0.7,High
PR01153508,45.0,2,44487,717046,SBL,Ever Bounce,True,0,0,0.0,0.0,0.0,,Ever Bounced,False,0.7,High
PR01153643,45.0,2,67782,1121499,SBL,Ever Bounce,True,0,0,0.0,0.0,0.0,,Ever Bounced,False,0.7,High
PR01153867,45.0,2,53547,885998,SBL,Ever Bounce,True,0,0,0.0,0.0,0.0,,Ever Bounced,False,0.7,High
PR01154396,45.0,2,41121,422950,Micro Loan,Ever Bounce,True,0,0,0.0,0.0,0.0,,Ever Bounced,False,0.7,High
PR01154501,45.0,2,51354,827659,SBL,Ever Bounce,True,0,0,0.0,0.0,0.0,,Ever Bounced,False,0.7,High
PR01154542,45.0,2,35135,366891,Micro Loan,Ever Bounce,True,0,0,0.0,0.0,0.0,,Ever Bounced,False,0.7,High
PR01155737,45.0,2,59199,337868,Micro Loan,Ever Bounce,False,1,0,0.0,1.0,19733.0,2026-09-10 10:44:43,Ever Bounced,False,0.7,High
PR01155760,45.0,2,43284,445233,Micro Loan,Ever Bounce,True,0,0,0.0,0.0,0.0,,Ever Bounced,False,0.7,High
PR01155862,45.0,2,50499,519420,Micro Loan,Ever Bounce,True,0,0,0.0,0.0,0.0,,Ever Bounced,False,0.7,High
PR01155887,45.0,2,44388,717918,SBL,Ever Bounce,True,0,0,0.0,0.0,0.0,,Ever Bounced,False,0.7,High
PR01155930,45.0,2,42280,241332,Micro Loan,Ever Bounce,True,0,0,0.0,0.0,0.0,,Ever Bounced,False,0.7,High
PR01156127,45.0,2,47601,747631,SBL,Ever Bounce,True,0,0,0.0,0.0,0.0,,Ever Bounced,False,0.7,High
PR01156131,45.0,2,39678,408112,Micro Loan,Ever Bounce,True,0,0,0.0,0.0,0.0,,Ever Bounced,False,0.7,High
PR01156142,45.0,2,52140,862690,SBL,Ever Bounce,True,0,0,0.0,0.0,0.0,,Ever Bounced,False,0.7,High
PR01156454,45.0,2,50442,559984,SBL,Ever Bounce,True,0,0,0.0,0.0,0.0,,Ever Bounced,False,0.7,High
PR01156800,45.0,2,43245,696986,SBL,Ever Bounce,True,0,0,0.0,0.0,0.0,,Ever Bounced,False,0.7,High
PR01156955,45.0,2,43245,696986,SBL,Ever Bounce,True,0,0,0.0,0.0,0.0,,Ever Bounced,False,0.7,High
PR01157122,45.0,2,55893,900873,SBL,Ever Bounce,True,0,0,0.0,0.0,0.0,,Ever Bounced,False,0.7,High
PR01157206,45.0,2,57024,931189,SBL,Ever Bounce,True,0,0,0.0,0.0,0.0,,Ever Bounced,False,0.7,High
PR01157224,45.0,2,63054,699953,SBL,Ever Bounce,True,0,0,0.0,0.0,0.0,,Ever Bounced,False,0.7,High
PR01157446,45.0,2,54057,871212,SBL,Ever Bounce,False,1,0,0.0,1.0,18019.0,2026-09-07 13:10:41,Ever Bounced,False,0.7,High
PR01157498,45.0,2,63549,1040059,ME,Ever Bounce,True,0,0,0.0,0.0,0.0,,Ever Bounced,False,0.7,High
PR01157510,45.0,2,20292,310687,ME,Ever Bounce,False,1,0,0.0,1.0,6764.0,2026-09-12 16:31:06,Ever Bounced,False,0.7,High
PR01172513,45.0,2,18552,278671,SBL,Ever Bounce,False,1,0,0.0,1.0,6184.0,2026-09-12 16:33:02,Ever Bounced,False,0.7,High
PR01157526,45.0,2,37839,609863,SBL,Ever Bounce,True,0,0,0.0,0.0,0.0,,Ever Bounced,False,0.7,High
PR01157553,45.0,2,35136,566314,SBL,Ever Bounce,True,0,0,0.0,0.0,0.0,,Ever Bounced,False,0.7,High
PR01167280,45.0,2,51354,833032,SBL,Ever Bounce,True,0,0,0.0,0.0,0.0,,Ever Bounced,False,0.7,High
PR01167896,45.0,2,44595,269158,Micro Loan,Ever Bounce,False,1,0,0.0,1.0,14900.0,2026-09-09 09:00:56,Ever Bounced,False,0.7,High
PR01168385,45.0,2,54057,876871,SBL,Ever Bounce,True,0,0,0.0,0.0,0.0,,Ever Bounced,False,0.7,High
PR01168554,45.0,2,56748,640113,SBL,Ever Bounce,False,1,0,0.0,1.0,18916.0,2026-09-12 18:46:14,Ever Bounced,False,0.7,High
PR01168653,45.0,2,48651,789186,SBL,Ever Bounce,True,0,0,0.0,0.0,0.0,,Ever Bounced,False,0.7,High
PR01168896,45.0,2,45399,512079,SBL,Ever Bounce,True,0,0,0.0,0.0,0.0,,Ever Bounced,False,0.7,High
pr01168922,45.0,2,34865,210413,Micro Loan,Ever Bounce,True,0,0,0.0,0.0,0.0,,Ever Bounced,False,0.7,High
PR01169315,45.0,2,82014,509293,SBL,Ever Bounce,True,0,0,0.0,0.0,0.0,,Ever Bounced,False,0.7,High
PR01169617,45.0,2,52272,847949,SBL,Ever Bounce,True,0,0,0.0,0.0,0.0,,Ever Bounced,False,0.7,High
PR01169633,45.0,2,47193,523923,SBL,Ever Bounce,False,1,0,0.0,1.0,15731.0,2026-09-09 15:14:17,Ever Bounced,False,0.7,High
PR01169660,45.0,2,50109,812889,SBL,Ever Bounce,False,1,0,0.0,1.0,16703.0,2026-09-11 16:32:41,Ever Bounced,False,0.7,High
PR01169711,45.0,2,42162,684004,SBL,Ever Bounce,True,0,0,0.0,0.0,0.0,,Ever Bounced,False,0.7,High
PR01170040,45.0,2,32742,555861,SBL,Ever Bounce,True,0,0,0.0,0.0,0.0,,Ever Bounced,False,0.7,High
PR01170064,45.0,2,46632,509719,Micro Loan,Ever Bounce,False,1,0,0.0,1.0,15544.0,2026-09-15 11:07:29,Ever Bounced,False,0.7,High
PR01170367,45.0,2,37839,613828,SBL,Ever Bounce,True,0,0,0.0,0.0,0.0,,Ever Bounced,False,0.7,High
PR01170441,45.0,2,36072,376375,Micro Loan,Ever Bounce,True,0,0,0.0,0.0,0.0,,Ever Bounced,False,0.7,High
PR01170491,45.0,2,50073,304140,Micro Loan,Ever Bounce,True,0,0,0.0,0.0,0.0,,Ever Bounced,False,0.7,High
PR01170621,45.0,2,66705,1082086,SBL,Ever Bounce,True,0,0,0.0,0.0,0.0,,Ever Bounced,False,0.7,High
PR01171317,45.0,2,45375,736097,SBL,Ever Bounce,True,0,0,0.0,0.0,0.0,,Ever Bounced,False,0.7,High
PR01171447,45.0,2,21642,219196,Micro Loan,Ever Bounce,True,0,0,0.0,0.0,0.0,,Ever Bounced,False,0.7,High
PR01227083,45.0,2,14427,148149,Micro Loan,Ever Bounce,True,0,0,0.0,0.0,0.0,,Ever Bounced,False,0.7,High
PR01171663,45.0,2,43245,684543,SBL,Ever Bounce,True,0,0,0.0,0.0,0.0,,Ever Bounced,False,0.7,High
PR01171759,45.0,2,22992,232829,Micro Loan,Ever Bounce,False,1,0,0.0,1.0,7664.0,2026-09-14 20:26:47,Ever Bounced,False,0.7,High
PR01172156,45.0,2,59049,986535,SBL,Ever Bounce,True,0,0,0.0,0.0,0.0,,Ever Bounced,False,0.7,High
PR01172180,45.0,2,47193,509215,SBL,Ever Bounce,True,0,0,0.0,0.0,0.0,,Ever Bounced,False,0.7,High
PR01172419,45.0,2,25731,407297,ME,Ever Bounce,True,0,0,0.0,0.0,0.0,,Ever Bounced,False,0.7,High
PR01190044,45.0,2,20217,322070,ME,Ever Bounce,False,1,0,0.0,1.0,6739.0,2026-09-15 19:25:07,Ever Bounced,False,0.7,High
PR01172499,45.0,2,31275,321703,Micro Loan,Ever Bounce,True,0,0,0.0,0.0,0.0,,Ever Bounced,False,0.7,High
PR01172706,45.0,2,40203,671688,SBL,Ever Bounce,True,0,0,0.0,0.0,0.0,,Ever Bounced,False,0.7,High
PR01172753,45.0,2,44136,483956,SBL,Ever Bounce,True,0,0,0.0,0.0,0.0,,Ever Bounced,False,0.7,High
PR01181453,45.0,2,15642,256025,SBL,Ever Bounce,True,0,0,0.0,0.0,0.0,,Ever Bounced,False,0.7,High
PR01184587,45.0,2,54057,861140,SBL,Ever Bounce,True,0,0,0.0,0.0,0.0,,Ever Bounced,False,0.7,High
PR01184664,45.0,2,55677,887006,SBL,Ever Bounce,True,0,0,0.0,0.0,0.0,,Ever Bounced,False,0.7,High
PR01185253,45.0,2,33295,359077,Micro Loan,Ever Bounce,True,0,0,0.0,0.0,0.0,,Ever Bounced,False,0.7,High
PR01185256,45.0,2,59460,947302,SBL,Ever Bounce,True,0,0,0.0,0.0,0.0,,Ever Bounced,False,0.7,High
PR01185268,45.0,2,34944,542076,SBL,Ever Bounce,False,1,0,0.0,1.0,11648.0,2026-09-16 11:47:08,Ever Bounced,False,0.7,High
PR01186071,45.0,2,45399,505722,SBL,Ever Bounce,True,0,0,0.0,0.0,0.0,,Ever Bounced,False,0.7,High
PR01186832,45.0,2,42275,250921,Micro Loan,Ever Bounce,True,0,0,0.0,0.0,0.0,,Ever Bounced,False,0.7,High
PR01187386,45.0,2,26865,428014,SBL,Ever Bounce,True,0,0,0.0,0.0,0.0,,Ever Bounced,False,0.7,High
PR01203732,45.0,2,20541,329297,ME,Ever Bounce,True,0,0,0.0,0.0,0.0,,Ever Bounced,False,0.7,High
PR01187522,45.0,2,36072,370480,Micro Loan,Ever Bounce,True,0,0,0.0,0.0,0.0,,Ever Bounced,False,0.7,High
PR01187831,45.0,2,45378,497197,SBL,Ever Bounce,False,1,0,0.0,1.0,15126.0,2026-09-12 19:09:07,Ever Bounced,False,0.7,High
PR01188305,45.0,2,50109,798311,SBL,Ever Bounce,False,1,0,0.0,1.0,16703.0,2026-09-11 16:15:40,Ever Bounced,False,0.7,High
PR01188478,45.0,2,43284,444618,Micro Loan,Ever Bounce,True,0,0,0.0,0.0,0.0,,Ever Bounced,False,0.7,High
PR01189143,45.0,2,37515,385301,Micro Loan,Ever Bounce,True,0,0,0.0,0.0,0.0,,Ever Bounced,False,0.7,High
PR01189261,45.0,2,64866,1033411,SBL,Ever Bounce,True,0,0,0.0,0.0,0.0,,Ever Bounced,False,0.7,High
PR01189272,45.0,2,39678,407553,Micro Loan,Ever Bounce,True,0,0,0.0,0.0,0.0,,Ever Bounced,False,0.7,High
PR01189285,45.0,2,52110,589822,SBL,Ever Bounce,False,1,0,0.0,1.0,17370.0,2026-09-09 19:25:37,Ever Bounced,False,0.7,High
PR01189513,45.0,2,42285,250921,Micro Loan,Ever Bounce,True,0,0,0.0,0.0,0.0,,Ever Bounced,False,0.7,High
PR01189614,45.0,2,23157,237851,Micro Loan,Ever Bounce,True,0,0,0.0,0.0,0.0,,Ever Bounced,False,0.7,High
PR01335155,45.0,2,14028,160663,ME,Ever Bounce,True,0,0,0.0,0.0,0.0,,Ever Bounced,False,0.7,High
PR01189638,45.0,2,36072,370480,Micro Loan,Ever Bounce,True,0,0,0.0,0.0,0.0,,Ever Bounced,False,0.7,High
PR01189697,45.0,2,62970,1417061,SBL,Ever Bounce,True,0,0,0.0,0.0,0.0,,Ever Bounced,False,0.7,High
PR01189731,45.0,2,45378,497197,SBL,Ever Bounce,True,0,0,0.0,0.0,0.0,,Ever Bounced,False,0.7,High
PR01189918,45.0,2,37068,545329,SBL,Ever Bounce,True,0,0,0.0,0.0,0.0,,Ever Bounced,False,0.7,High
PR01190444,45.0,2,40458,681842,SBL,Ever Bounce,True,0,0,0.0,0.0,0.0,,Ever Bounced,False,0.7,High
PR01190487,45.0,2,51309,580718,SBL,Ever Bounce,False,5,0,0.0,1.0,85515.0,2026-09-11 08:45:40,Ever Bounced,False,0.7,High
PR01190665,45.0,2,42285,250921,Micro Loan,Ever Bounce,True,0,0,0.0,0.0,0.0,,Ever Bounced,False,0.7,High
PR01190693,45.0,2,63054,701363,ME,Ever Bounce,True,0,0,0.0,0.0,0.0,,Ever Bounced,False,0.7,High
PR01190738,45.0,2,31855,514065,SBL,Ever Bounce,True,0,0,0.0,0.0,0.0,,Ever Bounced,False,0.7,High
PR01203915,45.0,2,64866,1039246,SBL,Ever Bounce,True,0,0,0.0,0.0,0.0,,Ever Bounced,False,0.7,High
PR01203957,45.0,2,73569,846319,SBL,Ever Bounce,True,0,0,0.0,0.0,0.0,,Ever Bounced,False,0.7,High
PR01204349,45.0,2,51858,576361,SBL,Ever Bounce,True,0,0,0.0,0.0,0.0,,Ever Bounced,False,0.7,High
PR01204383,45.0,2,40542,649513,SBL,Ever Bounce,True,0,0,0.0,0.0,0.0,,Ever Bounced,False,0.7,High
PR01204510,45.0,2,42285,260038,Micro Loan,Ever Bounce,True,0,0,0.0,0.0,0.0,,Ever Bounced,False,0.7,High
PR01204904,45.0,2,50379,807154,SBL,Ever Bounce,True,0,0,0.0,0.0,0.0,,Ever Bounced,False,0.7,High
PR01205134,45.0,2,57135,366637,SBL,Ever Bounce,True,0,0,0.0,0.0,0.0,,Ever Bounced,False,0.7,High
PR01246254,45.0,2,10812,172466,ME,Ever Bounce,True,0,0,0.0,0.0,0.0,,Ever Bounced,False,0.7,High
PR01205190,45.0,2,43245,692812,SBL,Ever Bounce,True,0,0,0.0,0.0,0.0,,Ever Bounced,False,0.7,High
PR01205795,45.0,2,46632,509699,SBL,Ever Bounce,True,0,0,0.0,0.0,0.0,,Ever Bounced,False,0.7,High
PR01205847,45.0,2,36072,375269,Micro Loan,Ever Bounce,True,0,0,0.0,0.0,0.0,,Ever Bounced,False,0.7,High
PR01205856,45.0,2,56217,900683,SBL,Ever Bounce,True,0,0,0.0,0.0,0.0,,Ever Bounced,False,0.7,High
PR01206216,45.0,2,44136,498866,SBL,Ever Bounce,True,0,0,0.0,0.0,0.0,,Ever Bounced,False,0.7,High
PR01206413,45.0,2,45450,472853,Micro Loan,Ever Bounce,False,1,0,0.0,1.0,15150.0,2026-09-16 16:06:36,Ever Bounced,False,0.7,High
PR01206523,45.0,2,50499,525413,Micro Loan,Ever Bounce,True,0,0,0.0,0.0,0.0,,Ever Bounced,False,0.7,High
PR01207048,45.0,2,62145,1081969,SBL,Ever Bounce,True,0,0,0.0,0.0,0.0,,Ever Bounced,False,0.7,High
PR01223658,45.0,2,29040,498239,ME,Ever Bounce,True,0,0,0.0,0.0,0.0,,Ever Bounced,False,0.7,High
PR01207219,45.0,2,41712,686761,SBL,Ever Bounce,True,0,0,0.0,0.0,0.0,,Ever Bounced,False,0.7,High
PR01277655,45.0,2,15642,258268,SBL,Ever Bounce,True,0,0,0.0,0.0,0.0,,Ever Bounced,False,0.7,High
PR01207306,45.0,2,47289,534492,SBL,Ever Bounce,True,0,0,0.0,0.0,0.0,,Ever Bounced,False,0.7,High
PR01207396,45.0,2,50499,525413,Micro Loan,Ever Bounce,True,0,0,0.0,0.0,0.0,,Ever Bounced,False,0.7,High
PR01207965,45.0,2,39972,436848,Micro Loan,Ever Bounce,True,0,0,0.0,0.0,0.0,,Ever Bounced,False,0.7,High
PR01208019,45.0,2,48165,526430,SBL,Ever Bounce,True,0,0,0.0,0.0,0.0,,Ever Bounced,False,0.7,High
PR01208161,45.0,2,40542,649513,SBL,Ever Bounce,True,0,0,0.0,0.0,0.0,,Ever Bounced,False,0.7,High
PR01208288,45.0,2,52110,599060,SBL,Ever Bounce,True,0,0,0.0,0.0,0.0,,Ever Bounced,False,0.7,High
PR01208570,45.0,2,50499,525007,Micro Loan,Ever Bounce,False,1,0,0.0,1.0,16833.0,2026-09-10 18:03:27,Ever Bounced,False,0.7,High
PR01208624,45.0,2,54057,865498,SBL,Ever Bounce,True,0,0,0.0,0.0,0.0,,Ever Bounced,False,0.7,High
PR01208711,45.0,2,65295,741113,SBL,Ever Bounce,True,0,0,0.0,0.0,0.0,,Ever Bounced,False,0.7,High
PR01208717,45.0,2,44136,498516,SBL,Ever Bounce,True,0,0,0.0,0.0,0.0,,Ever Bounced,False,0.7,High
PR01222932,45.0,2,50499,518417,Micro Loan,Ever Bounce,True,0,0,0.0,0.0,0.0,,Ever Bounced,False,0.7,High
PR01222940,45.0,2,35946,536575,SBL,Ever Bounce,True,0,0,0.0,0.0,0.0,,Ever Bounced,False,0.7,High
PR01222948,45.0,2,54057,852113,SBL,Ever Bounce,True,0,0,0.0,0.0,0.0,,Ever Bounced,False,0.7,High
PR01223573,45.0,2,44541,702173,SBL,Ever Bounce,True,0,0,0.0,0.0,0.0,,Ever Bounced,False,0.7,High
PR01223579,45.0,2,54057,852113,SBL,Ever Bounce,True,0,0,0.0,0.0,0.0,,Ever Bounced,False,0.7,High
PR01223586,45.0,2,63054,705205,SBL,Ever Bounce,True,0,0,0.0,0.0,0.0,,Ever Bounced,False,0.7,High
PR01223657,45.0,2,52140,845117,SBL,Ever Bounce,True,0,0,0.0,0.0,0.0,,Ever Bounced,False,0.7,High
PR01223679,45.0,2,61839,974857,SBL,Ever Bounce,True,0,0,0.0,0.0,0.0,,Ever Bounced,False,0.7,High
PR01223815,45.0,2,42168,440225,Micro Loan,Ever Bounce,True,0,0,0.0,0.0,0.0,,Ever Bounced,False,0.7,High
PR01223871,45.0,2,64866,1022585,SBL,Ever Bounce,False,1,0,0.0,1.0,21622.0,2026-09-07 07:40:40,Ever Bounced,False,0.7,High
PR01224408,45.0,2,43503,454171,Micro Loan,Ever Bounce,False,1,0,0.0,1.0,14501.0,2026-09-13 14:26:57,Ever Bounced,False,0.7,High
PR01224588,45.0,2,72996,1183159,SBL,Ever Bounce,True,0,0,0.0,0.0,0.0,,Ever Bounced,False,0.7,High
PR01224730,45.0,2,39201,601242,SBL,Ever Bounce,False,1,0,0.0,1.0,13067.0,2026-09-16 13:32:48,Ever Bounced,False,0.7,High
PR01224820,45.0,2,63054,705205,SBL,Ever Bounce,True,0,0,0.0,0.0,0.0,,Ever Bounced,False,0.7,High
PR01224854,45.0,2,34785,519291,Micro Loan,Ever Bounce,True,0,0,0.0,0.0,0.0,,Ever Bounced,False,0.7,High
PR01224961,45.0,2,45342,714781,SBL,Ever Bounce,True,0,0,0.0,0.0,0.0,,Ever Bounced,False,0.7,High
PR01224977,45.0,2,24651,253072,Micro Loan,Ever Bounce,True,0,0,0.0,0.0,0.0,,Ever Bounced,False,0.7,High
PR01288340,45.0,2,13200,142379,ME,Ever Bounce,True,0,0,0.0,0.0,0.0,,Ever Bounced,False,0.7,High
PR01224997,45.0,2,64866,1022585,SBL,Ever Bounce,True,0,0,0.0,0.0,0.0,,Ever Bounced,False,0.7,High
PR01225154,45.0,2,47289,528931,SBL,Ever Bounce,True,0,0,0.0,0.0,0.0,,Ever Bounced,False,0.7,High
PR01225438,45.0,2,46926,760603,SBL,Ever Bounce,True,0,0,0.0,0.0,0.0,,Ever Bounced,False,0.7,High
PR01225458,45.0,2,56748,634695,SBL,Ever Bounce,False,1,0,0.0,1.0,75664.0,2026-09-11 11:49:37,Ever Bounced,False,0.7,High
PR01225492,45.0,2,48618,534384,SBL,Ever Bounce,True,0,0,0.0,0.0,0.0,,Ever Bounced,False,0.7,High
PR01225528,45.0,2,42146,471416,SBL,Ever Bounce,True,0,0,0.0,0.0,0.0,,Ever Bounced,False,0.7,High
PR01225767,45.0,2,47907,508718,Micro Loan,Ever Bounce,True,0,0,0.0,0.0,0.0,,Ever Bounced,False,0.7,High
PR01225965,45.0,2,48651,766909,SBL,Ever Bounce,True,0,0,0.0,0.0,0.0,,Ever Bounced,False,0.7,High
PR01226004,45.0,2,63054,705205,SBL,Ever Bounce,True,0,0,0.0,0.0,0.0,,Ever Bounced,False,0.7,High
PR01226107,45.0,2,36177,540054,SBL,Ever Bounce,False,1,0,0.0,1.0,12059.0,2026-09-11 17:49:08,Ever Bounced,False,0.7,High
PR01226123,45.0,2,38439,530211,SBL,Ever Bounce,True,0,0,0.0,0.0,0.0,,Ever Bounced,False,0.7,High
PR01226178,45.0,2,55809,624210,SBL,Ever Bounce,True,0,0,0.0,0.0,0.0,,Ever Bounced,False,0.7,High
PR01226181,45.0,2,31344,327249,Micro Loan,Ever Bounce,True,0,0,0.0,0.0,0.0,,Ever Bounced,False,0.7,High
PR01226383,45.0,2,28110,293522,Micro Loan,Ever Bounce,True,0,0,0.0,0.0,0.0,,Ever Bounced,False,0.7,High
PR01226391,45.0,2,78210,1267671,ME,Ever Bounce,True,0,0,0.0,0.0,0.0,,Ever Bounced,False,0.7,High
PR01226424,45.0,2,39531,623131,SBL,Ever Bounce,True,0,0,0.0,0.0,0.0,,Ever Bounced,False,0.7,High
PR01226428,45.0,2,34680,387860,SBL,Ever Bounce,False,1,0,0.0,1.0,11560.0,2026-09-09 15:34:25,Ever Bounced,False,0.7,High
PR01226896,45.0,2,44973,708998,SBL,Ever Bounce,False,1,0,0.0,1.0,14991.0,2026-09-16 17:49:25,Ever Bounced,False,0.7,High
PR01227348,45.0,2,55101,605622,SBL,Ever Bounce,True,0,0,0.0,0.0,0.0,,Ever Bounced,False,0.7,High
PR01227372,45.0,2,36072,370280,Micro Loan,Ever Bounce,True,0,0,0.0,0.0,0.0,,Ever Bounced,False,0.7,High
PR01227449,45.0,2,21081,332342,SBL,Ever Bounce,True,0,0,0.0,0.0,0.0,,Ever Bounced,False,0.7,High
PR01278547,45.0,2,32973,529116,ME,Ever Bounce,True,0,0,0.0,0.0,0.0,,Ever Bounced,False,0.7,High
PR01227466,45.0,2,61245,965471,SBL,Ever Bounce,True,0,0,0.0,0.0,0.0,,Ever Bounced,False,0.7,High
PR01236534,45.0,2,50499,525184,Micro Loan,Ever Bounce,True,0,0,0.0,0.0,0.0,,Ever Bounced,False,0.7,High
PR01240400,45.0,2,58671,665760,SBL,Ever Bounce,True,0,0,0.0,0.0,0.0,,Ever Bounced,False,0.7,High
PR01240415,45.0,2,46146,711845,SBL,Ever Bounce,True,0,0,0.0,0.0,0.0,,Ever Bounced,False,0.7,High
PR01240464,45.0,2,59460,943045,SBL,Ever Bounce,True,0,0,0.0,0.0,0.0,,Ever Bounced,False,0.7,High
PR01240496,45.0,2,75663,858623,SBL,Ever Bounce,True,0,0,0.0,0.0,0.0,,Ever Bounced,False,0.7,High
PR01240524,45.0,2,50442,572410,SBL,Ever Bounce,True,0,0,0.0,0.0,0.0,,Ever Bounced,False,0.7,High
PR01241377,45.0,2,45210,513002,SBL,Ever Bounce,True,0,0,0.0,0.0,0.0,,Ever Bounced,False,0.7,High
PR01241560,45.0,2,54056,857273,SBL,Ever Bounce,False,1,0,0.0,1.0,18019.0,2026-09-14 17:20:16,Ever Bounced,False,0.7,High
PR01242083,45.0,2,44865,711569,SBL,Ever Bounce,True,0,0,0.0,0.0,0.0,,Ever Bounced,False,0.7,High
PR01242173,45.0,2,39972,437833,SBL,Ever Bounce,True,0,0,0.0,0.0,0.0,,Ever Bounced,False,0.7,High
PR01242528,45.0,2,39972,437833,SBL,Ever Bounce,True,0,0,0.0,0.0,0.0,,Ever Bounced,False,0.7,High
PR01242899,45.0,2,33828,215312,Micro Loan,Ever Bounce,True,0,0,0.0,0.0,0.0,,Ever Bounced,False,0.7,High
PR01242908,45.0,2,43854,463958,SBL,Ever Bounce,True,0,0,0.0,0.0,0.0,,Ever Bounced,False,0.7,High
PR01242997,45.0,2,30570,323457,Micro Loan,Ever Bounce,True,0,0,0.0,0.0,0.0,,Ever Bounced,False,0.7,High
PR01243066,45.0,2,41425,266215,Micro Loan,Ever Bounce,True,0,0,0.0,0.0,0.0,,Ever Bounced,False,0.7,High
PR01243293,45.0,2,50499,525184,Micro Loan,Ever Bounce,True,0,0,0.0,0.0,0.0,,Ever Bounced,False,0.7,High
PR01243425,45.0,2,54057,857273,SBL,Ever Bounce,True,0,0,0.0,0.0,0.0,,Ever Bounced,False,0.7,High
PR01243518,45.0,2,36072,375114,Micro Loan,Ever Bounce,True,0,0,0.0,0.0,0.0,,Ever Bounced,False,0.7,High
PR01274371,45.0,2,14427,153837,Micro Loan,Ever Bounce,True,0,0,0.0,0.0,0.0,,Ever Bounced,False,0.7,High
PR01243819,45.0,2,14079,229605,SBL,Ever Bounce,True,0,0,0.0,0.0,0.0,,Ever Bounced,False,0.7,High
PR01274096,45.0,2,22941,378798,SBL,Ever Bounce,True,0,0,0.0,0.0,0.0,,Ever Bounced,False,0.7,High
PR01243865,45.0,2,46612,529482,SBL,Ever Bounce,True,0,0,0.0,0.0,0.0,,Ever Bounced,False,0.7,High
PR01301144,45.0,2,18915,223651,ME,Ever Bounce,True,0,0,0.0,0.0,0.0,,Ever Bounced,False,0.7,High
PR01243890,45.0,2,54057,857273,SBL,Ever Bounce,True,0,0,0.0,0.0,0.0,,Ever Bounced,False,0.7,High
PR01243910,45.0,2,47601,734324,ME,Ever Bounce,True,0,0,0.0,0.0,0.0,,Ever Bounced,False,0.7,High
PR01314748,45.0,2,30801,485700,ME,Ever Bounce,True,0,0,0.0,0.0,0.0,,Ever Bounced,False,0.7,High
PR01243984,45.0,2,56001,863911,SBL,Ever Bounce,True,0,0,0.0,0.0,0.0,,Ever Bounced,False,0.7,High
PR01244044,45.0,2,39678,412641,Micro Loan,Ever Bounce,True,0,0,0.0,0.0,0.0,,Ever Bounced,False,0.7,High
PR01301194,45.0,2,12612,149073,ME,Ever Bounce,True,0,0,0.0,0.0,0.0,,Ever Bounced,False,0.7,High
PR01244275,45.0,2,54057,857273,SBL,Ever Bounce,False,1,0,0.0,1.0,18019.0,2026-09-11 19:39:07,Ever Bounced,False,0.7,High
PR01244356,45.0,2,51108,810547,SBL,Ever Bounce,True,0,0,0.0,0.0,0.0,,Ever Bounced,False,0.7,High
PR01244532,45.0,2,34155,355203,Micro Loan,Ever Bounce,True,0,0,0.0,0.0,0.0,,Ever Bounced,False,0.7,High
PR01245065,45.0,2,63054,715491,SBL,Ever Bounce,True,0,0,0.0,0.0,0.0,,Ever Bounced,False,0.7,High
PR01245118,45.0,2,45378,505850,SBL,Ever Bounce,True,0,0,0.0,0.0,0.0,,Ever Bounced,False,0.7,High
PR01245243,45.0,2,36595,397797,Micro Loan,Ever Bounce,True,0,0,0.0,0.0,0.0,,Ever Bounced,False,0.7,High
PR01245923,45.0,2,54057,862357,SBL,Ever Bounce,True,0,0,0.0,0.0,0.0,,Ever Bounced,False,0.7,High
PR01246229,45.0,2,48651,776128,SBL,Ever Bounce,True,0,0,0.0,0.0,0.0,,Ever Bounced,False,0.7,High
PR01246246,45.0,2,36498,598993,SBL,Ever Bounce,True,0,0,0.0,0.0,0.0,,Ever Bounced,False,0.7,High
PR01246406,45.0,2,46032,484754,Micro Loan,Ever Bounce,True,0,0,0.0,0.0,0.0,,Ever Bounced,False,0.7,High
PR01246688,45.0,2,67461,1076256,SBL,Ever Bounce,True,0,0,0.0,0.0,0.0,,Ever Bounced,False,0.7,High
PR01257325,45.0,2,50595,807204,SBL,Ever Bounce,True,0,0,0.0,0.0,0.0,,Ever Bounced,False,0.7,High
PR01257533,45.0,2,36072,379857,SBL,Ever Bounce,True,0,0,0.0,0.0,0.0,,Ever Bounced,False,0.7,High
PR01257563,45.0,2,50499,531824,Micro Loan,Ever Bounce,True,0,0,0.0,0.0,0.0,,Ever Bounced,False,0.7,High
PR01257565,45.0,2,59460,948635,SBL,Ever Bounce,True,0,0,0.0,0.0,0.0,,Ever Bounced,False,0.7,High
PR01258029,45.0,2,63054,725625,SBL,Ever Bounce,True,0,0,0.0,0.0,0.0,,Ever Bounced,False,0.7,High
PR01258372,45.0,2,38953,410292,Micro Loan,Ever Bounce,True,0,0,0.0,0.0,0.0,,Ever Bounced,False,0.7,High
PR01258636,45.0,2,44790,624614,SBL,Ever Bounce,True,0,0,0.0,0.0,0.0,,Ever Bounced,False,0.7,High
PR01258917,45.0,2,36072,379857,Micro Loan,Ever Bounce,False,1,0,0.0,1.0,12024.0,2026-09-15 18:23:21,Ever Bounced,False,0.7,High
PR01259070,45.0,2,72944,1165943,SBL,Ever Bounce,False,1,0,0.0,1.0,24400.0,2026-09-16 18:57:31,Ever Bounced,False,0.7,High
PR01259081,45.0,2,54057,862357,SBL,Ever Bounce,True,0,0,0.0,0.0,0.0,,Ever Bounced,False,0.7,High
PR01259092,45.0,2,57738,895744,SBL,Ever Bounce,False,1,0,0.0,1.0,19246.0,2026-09-08 10:13:13,Ever Bounced,False,0.7,High
PR01259103,45.0,2,42825,502940,SBL,Ever Bounce,True,0,0,0.0,0.0,0.0,,Ever Bounced,False,0.7,High
PR01259112,45.0,2,40584,612508,SBL,Ever Bounce,False,1,0,0.0,1.0,13528.0,2026-09-12 19:22:26,Ever Bounced,False,0.7,High
PR01259208,45.0,2,36072,379857,Micro Loan,Ever Bounce,True,0,0,0.0,0.0,0.0,,Ever Bounced,False,0.7,High
PR01318678,45.0,2,14427,157453,Micro Loan,Ever Bounce,True,0,0,0.0,0.0,0.0,,Ever Bounced,False,0.7,High
PR01259288,45.0,2,43665,641371,SBL,Ever Bounce,True,0,0,0.0,0.0,0.0,,Ever Bounced,False,0.7,High
PR01259624,45.0,2,46632,517754,Micro Loan,Ever Bounce,False,1,0,0.0,1.0,15544.0,2026-09-10 14:17:53,Ever Bounced,False,0.7,High
PR01259770,45.0,2,35139,376571,Micro Loan,Ever Bounce,True,0,0,0.0,0.0,0.0,,Ever Bounced,False,0.7,High
PR01259839,45.0,2,31833,522429,SBL,Ever Bounce,True,0,0,0.0,0.0,0.0,,Ever Bounced,False,0.7,High
PR01259885,45.0,2,28110,448423,ME,Ever Bounce,True,0,0,0.0,0.0,0.0,,Ever Bounced,False,0.7,High
PR01294497,45.0,2,22488,362873,ME,Ever Bounce,True,0,0,0.0,0.0,0.0,,Ever Bounced,False,0.7,High
PR01259889,45.0,2,45450,478631,Micro Loan,Ever Bounce,False,1,0,0.0,1.0,15150.0,2026-09-09 19:19:53,Ever Bounced,False,0.7,High
PR01259890,45.0,2,44802,695043,SBL,Ever Bounce,True,0,0,0.0,0.0,0.0,,Ever Bounced,False,0.7,High
PR01260113,45.0,2,43245,689896,SBL,Ever Bounce,True,0,0,0.0,0.0,0.0,,Ever Bounced,False,0.7,High
PR01260161,45.0,2,44727,471058,Micro Loan,Ever Bounce,True,0,0,0.0,0.0,0.0,,Ever Bounced,False,0.7,High
PR01260275,45.0,2,38955,410292,Micro Loan,Ever Bounce,True,0,0,0.0,0.0,0.0,,Ever Bounced,False,0.7,High
PR01260373,45.0,2,64866,1034874,SBL,Ever Bounce,True,0,0,0.0,0.0,0.0,,Ever Bounced,False,0.7,High
PR01260486,45.0,2,44736,734195,SBL,Ever Bounce,True,0,0,0.0,0.0,0.0,,Ever Bounced,False,0.7,High
PR01260533,45.0,2,51327,559840,SBL,Ever Bounce,True,0,0,0.0,0.0,0.0,,Ever Bounced,False,0.7,High
PR01260537,45.0,2,38439,535364,SBL,Ever Bounce,True,0,0,0.0,0.0,0.0,,Ever Bounced,False,0.7,High
PR01260593,45.0,2,36072,379857,Micro Loan,Ever Bounce,True,0,0,0.0,0.0,0.0,,Ever Bounced,False,0.7,High
PR01260626,45.0,2,61308,718476,SBL,Ever Bounce,True,0,0,0.0,0.0,0.0,,Ever Bounced,False,0.7,High
PR01260635,45.0,2,44136,507971,SBL,Ever Bounce,True,0,0,0.0,0.0,0.0,,Ever Bounced,False,0.7,High
PR01260704,45.0,2,37152,391294,SBL,Ever Bounce,False,1,0,0.0,1.0,12384.0,2026-09-15 18:01:00,Ever Bounced,False,0.7,High
PR01260731,45.0,2,47289,544243,SBL,Ever Bounce,False,1,0,0.0,1.0,15763.0,2026-09-09 16:39:31,Ever Bounced,False,0.7,High
PR01260779,45.0,2,44973,717518,SBL,Ever Bounce,True,0,0,0.0,0.0,0.0,,Ever Bounced,False,0.7,High
PR01260824,45.0,2,54225,889940,SBL,Ever Bounce,False,1,0,0.0,1.0,18075.0,2026-09-16 16:48:41,Ever Bounced,False,0.7,High
PR01272482,45.0,2,33600,524203,SBL,Ever Bounce,True,0,0,0.0,0.0,0.0,,Ever Bounced,False,0.7,High
PR01316973,45.0,2,16800,264934,SBL,Ever Bounce,True,0,0,0.0,0.0,0.0,,Ever Bounced,False,0.7,High
PR01274282,45.0,2,58380,936778,SBL,Ever Bounce,True,0,0,0.0,0.0,0.0,,Ever Bounced,False,0.7,High
PR01275049,45.0,2,42000,655250,SBL,Ever Bounce,True,0,0,0.0,0.0,0.0,,Ever Bounced,False,0.7,High
PR01275063,45.0,2,24324,390340,SBL,Ever Bounce,True,0,0,0.0,0.0,0.0,,Ever Bounced,False,0.7,High
PR01301125,45.0,2,18918,305330,ME,Ever Bounce,True,0,0,0.0,0.0,0.0,,Ever Bounced,False,0.7,High
PR01275114,45.0,2,37839,607167,SBL,Ever Bounce,True,0,0,0.0,0.0,0.0,,Ever Bounced,False,0.7,High
PR01276517,45.0,2,54057,867366,SBL,Ever Bounce,True,0,0,0.0,0.0,0.0,,Ever Bounced,False,0.7,High
PR01277197,45.0,2,55839,896019,SBL,Ever Bounce,True,0,0,0.0,0.0,0.0,,Ever Bounced,False,0.7,High
PR01277602,45.0,2,37020,611219,SBL,Ever Bounce,True,0,0,0.0,0.0,0.0,,Ever Bounced,False,0.7,High
PR01277626,45.0,2,59199,401125,Micro Loan,Ever Bounce,False,1,0,0.0,1.0,19733.0,2026-09-08 10:42:45,Ever Bounced,False,0.7,High
PR01277632,45.0,2,40584,615773,SBL,Ever Bounce,True,0,0,0.0,0.0,0.0,,Ever Bounced,False,0.7,High
PR01277676,45.0,2,48552,566415,SBL,Ever Bounce,True,0,0,0.0,0.0,0.0,,Ever Bounced,False,0.7,High
PR01277681,45.0,2,37839,607167,SBL,Ever Bounce,True,0,0,0.0,0.0,0.0,,Ever Bounced,False,0.7,High
PR01349271,45.0,2,16218,265990,SBL,Ever Bounce,True,0,0,0.0,0.0,0.0,,Ever Bounced,False,0.7,High
PR01346365,45.0,2,12687,95786,Micro Loan,Ever Bounce,True,0,0,0.0,0.0,0.0,,Ever Bounced,False,0.7,High
PR01278350,45.0,2,36070,384511,Micro Loan,Ever Bounce,True,0,0,0.0,0.0,0.0,,Ever Bounced,False,0.7,High
PR01278487,45.0,2,62568,1033066,SBL,Ever Bounce,False,1,0,0.0,1.0,20856.0,2026-09-15 19:37:47,Ever Bounced,False,0.7,High
PR01278645,45.0,2,72513,845939,SBL,Ever Bounce,True,0,0,0.0,0.0,0.0,,Ever Bounced,False,0.7,High
PR01279088,45.0,2,36072,384511,Micro Loan,Ever Bounce,True,0,0,0.0,0.0,0.0,,Ever Bounced,False,0.7,High
PR01279168,45.0,2,39105,645669,SBL,Ever Bounce,True,0,0,0.0,0.0,0.0,,Ever Bounced,False,0.7,High
PR01279342,45.0,2,38388,566698,Micro Loan,Ever Bounce,True,0,0,0.0,0.0,0.0,,Ever Bounced,False,0.7,High
PR01279513,45.0,2,80817,1334375,SBL,Ever Bounce,True,0,0,0.0,0.0,0.0,,Ever Bounced,False,0.7,High
PR01279567,45.0,2,35264,550156,SBL,Ever Bounce,True,0,0,0.0,0.0,0.0,,Ever Bounced,False,0.7,High
PR01279593,45.0,2,62480,1033066,SBL,Ever Bounce,True,0,0,0.0,0.0,0.0,,Ever Bounced,False,0.7,High
PR01279632,45.0,2,46515,315143,Micro Loan,Ever Bounce,True,0,0,0.0,0.0,0.0,,Ever Bounced,False,0.7,High
PR01279744,45.0,2,59460,954143,SBL,Ever Bounce,True,0,0,0.0,0.0,0.0,,Ever Bounced,False,0.7,High
PR01279792,45.0,2,44136,514959,SBL,Ever Bounce,True,0,0,0.0,0.0,0.0,,Ever Bounced,False,0.7,High
PR01279816,45.0,2,110643,1775371,SBL,Ever Bounce,True,0,0,0.0,0.0,0.0,,Ever Bounced,False,0.7,High
PR01279859,45.0,2,38919,624531,ME,Ever Bounce,True,0,0,0.0,0.0,0.0,,Ever Bounced,False,0.7,High
PR01280101,45.0,2,75663,882762,SBL,Ever Bounce,True,0,0,0.0,0.0,0.0,,Ever Bounced,False,0.7,High
PR01280130,45.0,2,50499,538339,Micro Loan,Ever Bounce,True,0,0,0.0,0.0,0.0,,Ever Bounced,False,0.7,High
PR01280205,45.0,2,44769,522279,SBL,Ever Bounce,False,1,0,0.0,1.0,14926.0,2026-09-09 21:25:03,Ever Bounced,False,0.7,High
PR01280466,45.0,2,18915,220701,SBL,Ever Bounce,True,0,0,0.0,0.0,0.0,,Ever Bounced,False,0.7,High
PR01280634,45.0,2,39678,422977,Micro Loan,Ever Bounce,True,0,0,0.0,0.0,0.0,,Ever Bounced,False,0.7,High
PR01280934,45.0,2,59460,954143,SBL,Ever Bounce,True,0,0,0.0,0.0,0.0,,Ever Bounced,False,0.7,High
PR01281057,45.0,2,43125,693902,SBL,Ever Bounce,True,0,0,0.0,0.0,0.0,,Ever Bounced,False,0.7,High
PR01288630,45.0,2,54057,872300,SBL,Ever Bounce,True,0,0,0.0,0.0,0.0,,Ever Bounced,False,0.7,High
PR01288832,45.0,2,67461,1088662,SBL,Ever Bounce,True,0,0,0.0,0.0,0.0,,Ever Bounced,False,0.7,High
PR01295358,45.0,2,23766,270750,Micro Loan,Ever Bounce,True,0,0,0.0,0.0,0.0,,Ever Bounced,False,0.7,High
PR01296452,45.0,2,64866,1046803,SBL,Ever Bounce,True,0,0,0.0,0.0,0.0,,Ever Bounced,False,0.7,High
PR01297002,45.0,2,61839,997945,SBL,Ever Bounce,True,0,0,0.0,0.0,0.0,,Ever Bounced,False,0.7,High
PR01297951,45.0,2,58341,677015,SBL,Ever Bounce,True,0,0,0.0,0.0,0.0,,Ever Bounced,False,0.7,High
PR01298472,45.0,2,36072,389078,SBL,Ever Bounce,True,0,0,0.0,0.0,0.0,,Ever Bounced,False,0.7,High
PR01298571,45.0,2,54057,872300,SBL,Ever Bounce,True,0,0,0.0,0.0,0.0,,Ever Bounced,False,0.7,High
PR01316434,45.0,2,15747,263048,ME,Ever Bounce,True,0,0,0.0,0.0,0.0,,Ever Bounced,False,0.7,High
PR01298660,45.0,2,64866,1046803,SBL,Ever Bounce,True,0,0,0.0,0.0,0.0,,Ever Bounced,False,0.7,High
PR01299104,45.0,2,54057,872300,SBL,Ever Bounce,True,0,0,0.0,0.0,0.0,,Ever Bounced,False,0.7,High
PR01299292,45.0,2,75678,1221245,SBL,Ever Bounce,False,1,0,0.0,1.0,25226.0,2026-09-17 09:28:38,Ever Bounced,False,0.7,High
PR01299610,45.0,2,44136,521843,SBL,Ever Bounce,True,0,0,0.0,0.0,0.0,,Ever Bounced,False,0.7,High
PR01299659,45.0,2,41712,692800,SBL,Ever Bounce,True,0,0,0.0,0.0,0.0,,Ever Bounced,False,0.7,High
PR01299693,45.0,2,38378,619356,SBL,Ever Bounce,False,1,0,0.0,1.0,12793.0,2026-09-15 10:36:26,Ever Bounced,False,0.7,High
PR01315549,45.0,2,26487,429822,SBL,Ever Bounce,False,1,0,0.0,1.0,8829.0,2026-09-15 10:38:15,Ever Bounced,False,0.7,High
PR01299702,45.0,2,54057,872300,SBL,Ever Bounce,True,0,0,0.0,0.0,0.0,,Ever Bounced,False,0.7,High
PR01299731,45.0,2,43284,461456,Micro Loan,Ever Bounce,True,0,0,0.0,0.0,0.0,,Ever Bounced,False,0.7,High
PR01299867,45.0,2,47790,524862,Micro Loan,Ever Bounce,True,0,0,0.0,0.0,0.0,,Ever Bounced,False,0.7,High
PR01300011,45.0,2,36072,389078,Micro Loan,Ever Bounce,False,1,0,0.0,1.0,12024.0,2026-09-12 16:56:11,Ever Bounced,False,0.7,High
PR01300174,45.0,2,36072,389078,Micro Loan,Ever Bounce,False,1,0,0.0,1.0,12024.0,2026-09-17 12:54:08,Ever Bounced,False,0.7,High
PR01300232,45.0,2,41520,692800,SBL,Ever Bounce,True,0,0,0.0,0.0,0.0,,Ever Bounced,False,0.7,High
PR01300461,45.0,2,43401,680770,SBL,Ever Bounce,True,0,0,0.0,0.0,0.0,,Ever Bounced,False,0.7,High
PR01300661,45.0,2,48651,785076,SBL,Ever Bounce,True,0,0,0.0,0.0,0.0,,Ever Bounced,False,0.7,High
PR01300820,45.0,2,80406,1375156,SBL,Ever Bounce,True,0,0,0.0,0.0,0.0,,Ever Bounced,False,0.7,High
PR01300856,45.0,2,35139,385932,Micro Loan,Ever Bounce,True,0,0,0.0,0.0,0.0,,Ever Bounced,False,0.7,High
PR01300900,45.0,2,36072,389078,SBL,Ever Bounce,False,1,0,0.0,1.0,12024.0,2026-09-15 20:53:25,Ever Bounced,False,0.7,High
PR01300913,45.0,2,43245,697849,SBL,Ever Bounce,True,0,0,0.0,0.0,0.0,,Ever Bounced,False,0.7,High
PR01300931,45.0,2,28857,311269,Micro Loan,Ever Bounce,True,0,0,0.0,0.0,0.0,,Ever Bounced,False,0.7,High
PR01300949,45.0,2,51354,828688,SBL,Ever Bounce,False,1,0,0.0,1.0,17118.0,2026-09-10 12:57:05,Ever Bounced,False,0.7,High
PR01301006,45.0,2,36759,593159,SBL,Ever Bounce,True,0,0,0.0,0.0,0.0,,Ever Bounced,False,0.7,High
PR01301111,45.0,2,54597,881031,SBL,Ever Bounce,True,0,0,0.0,0.0,0.0,,Ever Bounced,False,0.7,High
PR01335774,45.0,2,26486,432168,SBL,Ever Bounce,True,0,0,0.0,0.0,0.0,,Ever Bounced,False,0.7,High
PR01301169,45.0,2,48057,338749,Micro Loan,Ever Bounce,True,0,0,0.0,0.0,0.0,,Ever Bounced,False,0.7,High
PR01301200,45.0,2,64866,1046803,SBL,Ever Bounce,True,0,0,0.0,0.0,0.0,,Ever Bounced,False,0.7,High
PR01301286,45.0,2,37752,665118,ME,Ever Bounce,True,0,0,0.0,0.0,0.0,,Ever Bounced,False,0.7,High
PR01316939,45.0,2,48651,789451,ME,Ever Bounce,True,0,0,0.0,0.0,0.0,,Ever Bounced,False,0.7,High
PR01302003,45.0,2,31284,522621,SBL,Ever Bounce,True,0,0,0.0,0.0,0.0,,Ever Bounced,False,0.7,High
PR01336599,45.0,2,21378,359156,SBL,Ever Bounce,True,0,0,0.0,0.0,0.0,,Ever Bounced,False,0.7,High
PR01311808,45.0,2,45903,549744,Micro Loan,Ever Bounce,False,1,0,0.0,1.0,15301.0,2026-09-15 13:59:50,Ever Bounced,False,0.7,High
PR01311881,45.0,2,56217,912281,SBL,Ever Bounce,True,0,0,0.0,0.0,0.0,,Ever Bounced,False,0.7,High
PR01313805,45.0,2,51354,833306,SBL,Ever Bounce,True,0,0,0.0,0.0,0.0,,Ever Bounced,False,0.7,High
PR01314252,45.0,2,44541,722808,SBL,Ever Bounce,True,0,0,0.0,0.0,0.0,,Ever Bounced,False,0.7,High
PR01314325,45.0,2,47568,771931,SBL,Ever Bounce,True,0,0,0.0,0.0,0.0,,Ever Bounced,False,0.7,High
PR01314746,45.0,2,46632,537825,Micro Loan,Ever Bounce,True,0,0,0.0,0.0,0.0,,Ever Bounced,False,0.7,High
PR01314815,45.0,2,22974,372798,SBL,Ever Bounce,True,0,0,0.0,0.0,0.0,,Ever Bounced,False,0.7,High
PR01333341,45.0,2,32703,533603,ME,Ever Bounce,True,0,0,0.0,0.0,0.0,,Ever Bounced,False,0.7,High
PR01314961,45.0,2,39786,645592,ME,Ever Bounce,True,0,0,0.0,0.0,0.0,,Ever Bounced,False,0.7,High
PR01353175,45.0,2,19677,322744,ME,Ever Bounce,True,0,0,0.0,0.0,0.0,,Ever Bounced,False,0.7,High
PR01315349,45.0,2,54225,905889,SBL,Ever Bounce,True,0,0,0.0,0.0,0.0,,Ever Bounced,False,0.7,High
PR01315504,45.0,2,54057,877162,SBL,Ever Bounce,True,0,0,0.0,0.0,0.0,,Ever Bounced,False,0.7,High
PR01315510,45.0,2,43245,700071,SBL,Ever Bounce,True,0,0,0.0,0.0,0.0,,Ever Bounced,False,0.7,High
PR01315599,45.0,2,23784,385967,ME,Ever Bounce,True,0,0,0.0,0.0,0.0,,Ever Bounced,False,0.7,High
PR01331771,45.0,2,24867,405687,ME,Ever Bounce,True,0,0,0.0,0.0,0.0,,Ever Bounced,False,0.7,High
PR01315610,45.0,2,44136,528626,SBL,Ever Bounce,False,1,0,0.0,1.0,14712.0,2026-09-12 18:26:00,Ever Bounced,False,0.7,High
PR01315625,45.0,2,38988,581251,SBL,Ever Bounce,True,0,0,0.0,0.0,0.0,,Ever Bounced,False,0.7,High
PR01315655,45.0,2,36072,393559,Micro Loan,Ever Bounce,True,0,0,0.0,0.0,0.0,,Ever Bounced,False,0.7,High
PR01315660,45.0,2,51354,833306,SBL,Ever Bounce,True,0,0,0.0,0.0,0.0,,Ever Bounced,False,0.7,High
PR01316366,45.0,2,19311,235758,SBL,Ever Bounce,False,1,0,0.0,1.0,6437.0,2026-09-16 14:36:06,Ever Bounced,False,0.7,High
PR01316633,45.0,2,47224,540042,SBL,Ever Bounce,True,0,0,0.0,0.0,0.0,,Ever Bounced,False,0.7,High
PR01316995,45.0,2,55839,906136,SBL,Ever Bounce,True,0,0,0.0,0.0,0.0,,Ever Bounced,False,0.7,High
PR01317121,45.0,2,28677,479072,SBL,Ever Bounce,True,0,0,0.0,0.0,0.0,,Ever Bounced,False,0.7,High
PR01317265,45.0,2,27027,438599,SBL,Ever Bounce,True,0,0,0.0,0.0,0.0,,Ever Bounced,False,0.7,High
PR01317312,45.0,2,64866,697902,SBL,Ever Bounce,True,0,0,0.0,0.0,0.0,,Ever Bounced,False,0.7,High
PR01317395,45.0,2,50442,604122,SBL,Ever Bounce,True,0,0,0.0,0.0,0.0,,Ever Bounced,False,0.7,High
PR01317410,45.0,2,32433,526311,SBL,Ever Bounce,True,0,0,0.0,0.0,0.0,,Ever Bounced,False,0.7,High
PR01317415,45.0,2,40584,622144,SBL,Ever Bounce,True,0,0,0.0,0.0,0.0,,Ever Bounced,False,0.7,High
PR01317669,45.0,2,52140,871042,SBL,Ever Bounce,True,0,0,0.0,0.0,0.0,,Ever Bounced,False,0.7,High
PR01317867,45.0,2,46974,562595,SBL,Ever Bounce,True,0,0,0.0,0.0,0.0,,Ever Bounced,False,0.7,High
PR01317921,45.0,2,64866,1052635,SBL,Ever Bounce,True,0,0,0.0,0.0,0.0,,Ever Bounced,False,0.7,High
PR01318075,45.0,2,64866,1052635,SBL,Ever Bounce,True,0,0,0.0,0.0,0.0,,Ever Bounced,False,0.7,High
PR01318460,45.0,2,49713,360409,Micro Loan,Ever Bounce,True,0,0,0.0,0.0,0.0,,Ever Bounced,False,0.7,High
PR01318484,45.0,2,30933,337524,Micro Loan,Ever Bounce,False,1,0,0.0,1.0,10311.0,2026-09-12 19:16:20,Ever Bounced,False,0.7,High
PR01318489,45.0,2,57978,888766,SBL,Ever Bounce,False,1,0,0.0,1.0,19326.0,2026-09-16 18:58:27,Ever Bounced,False,0.7,High
PR01318546,45.0,2,54057,877162,SBL,Ever Bounce,False,1,0,0.0,1.0,18019.0,2026-09-09 20:16:25,Ever Bounced,False,0.7,High
PR01318644,45.0,2,46910,783936,SBL,Ever Bounce,True,0,0,0.0,0.0,0.0,,Ever Bounced,False,0.7,High
PR01318645,45.0,2,36072,393559,Micro Loan,Ever Bounce,True,0,0,0.0,0.0,0.0,,Ever Bounced,False,0.7,High
PR01318669,45.0,2,54546,911210,SBL,Ever Bounce,True,0,0,0.0,0.0,0.0,,Ever Bounced,False,0.7,High
PR01318834,45.0,2,36072,393559,Micro Loan,Ever Bounce,True,0,0,0.0,0.0,0.0,,Ever Bounced,False,0.7,High
PR01319102,45.0,2,60222,1006051,SBL,Ever Bounce,True,0,0,0.0,0.0,0.0,,Ever Bounced,False,0.7,High
PR01319144,45.0,2,34218,387355,Micro Loan,Ever Bounce,True,0,0,0.0,0.0,0.0,,Ever Bounced,False,0.7,High
PR01319226,45.0,2,53590,641880,SBL,Ever Bounce,True,0,0,0.0,0.0,0.0,,Ever Bounced,False,0.7,High
PR01319228,45.0,2,44136,528626,SBL,Ever Bounce,True,0,0,0.0,0.0,0.0,,Ever Bounced,False,0.7,High
PR01319345,45.0,2,62568,1045248,SBL,Ever Bounce,False,1,0,0.0,1.0,20856.0,2026-09-15 20:52:12,Ever Bounced,False,0.7,High
PR01319422,45.0,2,54057,877162,SBL,Ever Bounce,True,0,0,0.0,0.0,0.0,,Ever Bounced,False,0.7,High
PR01319492,45.0,2,34050,371551,Micro Loan,Ever Bounce,True,0,0,0.0,0.0,0.0,,Ever Bounced,False,0.7,High
PR01319702,45.0,2,61280,748397,SBL,Ever Bounce,True,0,0,0.0,0.0,0.0,,Ever Bounced,False,0.7,High
PR01319720,45.0,2,44136,528626,SBL,Ever Bounce,True,0,0,0.0,0.0,0.0,,Ever Bounced,False,0.7,High
PR01319735,45.0,2,49046,598706,SBL,Ever Bounce,True,0,0,0.0,0.0,0.0,,Ever Bounced,False,0.7,High
PR01319760,45.0,2,45921,724140,SBL,Ever Bounce,True,0,0,0.0,0.0,0.0,,Ever Bounced,False,0.7,High
PR01319811,45.0,2,50109,813155,SBL,Ever Bounce,True,0,0,0.0,0.0,0.0,,Ever Bounced,False,0.7,High
PR01346413,45.0,2,18405,330314,ME,Ever Bounce,True,0,0,0.0,0.0,0.0,,Ever Bounced,False,0.7,High
PR01355675,45.0,2,28635,437175,SBL,Ever Bounce,False,1,0,0.0,1.0,9560.0,2026-09-10 14:14:12,Ever Bounced,False,0.7,High
PR01319904,45.0,2,56607,918565,SBL,Ever Bounce,True,0,0,0.0,0.0,0.0,,Ever Bounced,False,0.7,High
PR01329534,45.0,2,20844,257762,SBL,Ever Bounce,True,0,0,0.0,0.0,0.0,,Ever Bounced,False,0.7,High
PR01354873,45.0,2,12567,157385,SBL,Ever Bounce,True,0,0,0.0,0.0,0.0,,Ever Bounced,False,0.7,High
PR01332138,45.0,2,44136,535308,SBL,Ever Bounce,True,0,0,0.0,0.0,0.0,,Ever Bounced,False,0.7,High
PR01332745,45.0,2,50442,611760,SBL,Ever Bounce,True,0,0,0.0,0.0,0.0,,Ever Bounced,False,0.7,High
PR01332786,45.0,2,36072,397956,Micro Loan,Ever Bounce,True,0,0,0.0,0.0,0.0,,Ever Bounced,False,0.7,High
PR01333710,45.0,2,44487,725873,SBL,Ever Bounce,True,0,0,0.0,0.0,0.0,,Ever Bounced,False,0.7,High
PR01334414,45.0,2,39201,621394,SBL,Ever Bounce,True,0,0,0.0,0.0,0.0,,Ever Bounced,False,0.7,High
PR01334515,45.0,2,36543,410781,Micro Loan,Ever Bounce,True,0,0,0.0,0.0,0.0,,Ever Bounced,False,0.7,High
PR01334657,45.0,2,44844,635969,SBL,Ever Bounce,True,0,0,0.0,0.0,0.0,,Ever Bounced,False,0.7,High
PR01334675,45.0,2,64866,1058381,SBL,Ever Bounce,True,0,0,0.0,0.0,0.0,,Ever Bounced,False,0.7,High
PR01334716,45.0,2,38865,635030,SBL,Ever Bounce,True,0,0,0.0,0.0,0.0,,Ever Bounced,False,0.7,High
PR01334833,45.0,2,54057,881952,SBL,Ever Bounce,True,0,0,0.0,0.0,0.0,,Ever Bounced,False,0.7,High
PR01335011,45.0,2,56001,887712,SBL,Ever Bounce,True,0,0,0.0,0.0,0.0,,Ever Bounced,False,0.7,High
PR01335137,45.0,2,50499,557157,Micro Loan,Ever Bounce,True,0,0,0.0,0.0,0.0,,Ever Bounced,False,0.7,High
PR01335328,45.0,2,40002,652646,ME,Ever Bounce,True,0,0,0.0,0.0,0.0,,Ever Bounced,False,0.7,High
PR01353651,45.0,2,15675,257154,ME,Ever Bounce,True,0,0,0.0,0.0,0.0,,Ever Bounced,False,0.7,High
PR01335487,45.0,2,43401,687975,SBL,Ever Bounce,True,0,0,0.0,0.0,0.0,,Ever Bounced,False,0.7,High
PR01335654,45.0,2,38124,436638,Micro Loan,Ever Bounce,True,0,0,0.0,0.0,0.0,,Ever Bounced,False,0.7,High
PR01335668,45.0,2,67416,833920,SBL,Ever Bounce,True,0,0,0.0,0.0,0.0,,Ever Bounced,False,0.7,High
PR01335753,45.0,2,65442,793662,SBL,Ever Bounce,True,0,0,0.0,0.0,0.0,,Ever Bounced,False,0.7,High
PR01335854,45.0,2,50442,611760,SBL,Ever Bounce,True,0,0,0.0,0.0,0.0,,Ever Bounced,False,0.7,High
PR01335877,45.0,2,44136,535308,SBL,Ever Bounce,True,0,0,0.0,0.0,0.0,,Ever Bounced,False,0.7,High
PR01336308,45.0,2,55947,912844,SBL,Ever Bounce,True,0,0,0.0,0.0,0.0,,Ever Bounced,False,0.7,High
PR01336343,45.0,2,35946,553791,Micro Loan,Ever Bounce,True,0,0,0.0,0.0,0.0,,Ever Bounced,False,0.7,High
PR01336347,45.0,2,54057,881952,SBL,Ever Bounce,False,1,0,0.0,1.0,18019.0,2026-09-11 16:39:31,Ever Bounced,False,0.7,High
PR01336387,45.0,2,42168,473940,Micro Loan,Ever Bounce,False,1,0,0.0,1.0,14056.0,2026-09-15 21:36:58,Ever Bounced,False,0.7,High
PR01336424,45.0,2,48651,793762,SBL,Ever Bounce,True,0,0,0.0,0.0,0.0,,Ever Bounced,False,0.7,High
PR01336899,45.0,2,88638,1489213,SBL,Ever Bounce,True,0,0,0.0,0.0,0.0,,Ever Bounced,False,0.7,High
PR01337329,45.0,2,35139,394958,Micro Loan,Ever Bounce,True,0,0,0.0,0.0,0.0,,Ever Bounced,False,0.7,High
PR01337446,45.0,2,48489,814707,SBL,Ever Bounce,True,0,0,0.0,0.0,0.0,,Ever Bounced,False,0.7,High
PR01337452,45.0,2,45573,502827,Micro Loan,Ever Bounce,True,0,0,0.0,0.0,0.0,,Ever Bounced,False,0.7,High
PR01337486,75.0,3,136290,2106616,ME,Ever Bounce,True,0,0,0.0,0.0,0.0,,Ever Bounced,False,0.722,High
PR01337532,90.0,3  Above,43245,705569,SBL,Ever Bounce,True,0,0,0.0,0.0,0.0,,Ever Bounced,False,0.75,High
PR01337553,45.0,2,26958,511517,Home Loan,Ever Bounce,True,0,0,0.0,0.0,0.0,,Ever Bounced,False,0.7,High
PR01337639,45.0,2,64866,1058381,SBL,Ever Bounce,True,0,0,0.0,0.0,0.0,,Ever Bounced,False,0.7,High
PR01337778,45.0,2,43245,705569,SBL,Ever Bounce,True,0,0,0.0,0.0,0.0,,Ever Bounced,False,0.7,High
PR01337779,45.0,2,42234,709560,SBL,Ever Bounce,True,0,0,0.0,0.0,0.0,,Ever Bounced,False,0.7,High
PR01382320,45.0,2,41190,703506,ME,Ever Bounce,True,0,0,0.0,0.0,0.0,,Ever Bounced,False,0.7,High
PR01337958,45.0,2,37839,617376,SBL,Ever Bounce,True,0,0,0.0,0.0,0.0,,Ever Bounced,False,0.7,High
PR01338114,45.0,2,70272,1146565,SBL,Ever Bounce,True,0,0,0.0,0.0,0.0,,Ever Bounced,False,0.7,High
PR01338154,45.0,2,54057,881952,SBL,Ever Bounce,True,0,0,0.0,0.0,0.0,,Ever Bounced,False,0.7,High
PR01338186,45.0,2,43284,477580,Micro Loan,Ever Bounce,True,0,0,0.0,0.0,0.0,,Ever Bounced,False,0.7,High
PR01338198,45.0,2,43431,488186,SBL,Ever Bounce,False,1,0,0.0,1.0,14477.0,2026-09-10 17:33:35,Ever Bounced,False,0.7,High
PR01346372,45.0,2,31284,528543,SBL,Ever Bounce,True,0,0,0.0,0.0,0.0,,Ever Bounced,False,0.7,High
PR01346404,45.0,2,36498,616637,SBL,Ever Bounce,True,0,0,0.0,0.0,0.0,,Ever Bounced,False,0.7,High
PR01347129,45.0,2,43284,482755,Micro Loan,Ever Bounce,True,0,0,0.0,0.0,0.0,,Ever Bounced,False,0.7,High
PR01348671,45.0,2,63054,774091,SBL,Ever Bounce,True,0,0,0.0,0.0,0.0,,Ever Bounced,False,0.7,High
PR01348675,45.0,2,43482,673199,SBL,Ever Bounce,False,1,0,0.0,1.0,14494.0,2026-09-15 21:21:05,Ever Bounced,False,0.7,High
PR01348764,45.0,2,43284,482755,SBL,Ever Bounce,True,0,0,0.0,0.0,0.0,,Ever Bounced,False,0.7,High
PR01349373,45.0,2,45370,546281,Micro Loan,Ever Bounce,True,0,0,0.0,0.0,0.0,,Ever Bounced,False,0.7,High
PR01349758,45.0,2,28857,321821,Micro Loan,Ever Bounce,True,0,0,0.0,0.0,0.0,,Ever Bounced,False,0.7,High
PR01349917,45.0,2,75381,1312396,SBL,Ever Bounce,True,0,0,0.0,0.0,0.0,,Ever Bounced,False,0.7,High
PR01350076,45.0,2,40760,649545,SBL,Ever Bounce,False,1,0,0.0,1.0,13590.0,2026-09-09 13:55:43,Ever Bounced,False,0.7,High
PR01350667,45.0,2,61308,767654,SBL,Ever Bounce,False,1,0,0.0,1.0,20436.0,2026-09-03 18:50:16,Ever Bounced,False,0.7,High
PR01351703,45.0,2,55677,913292,SBL,Ever Bounce,True,0,0,0.0,0.0,0.0,,Ever Bounced,False,0.7,High
PR01351795,45.0,2,36072,402270,Micro Loan,Ever Bounce,True,0,0,0.0,0.0,0.0,,Ever Bounced,False,0.7,High
PR01352597,45.0,2,43392,733159,SBL,Ever Bounce,True,0,0,0.0,0.0,0.0,,Ever Bounced,False,0.7,High
PR01352722,45.0,2,59460,975371,SBL,Ever Bounce,True,0,0,0.0,0.0,0.0,,Ever Bounced,False,0.7,High
PR01353189,45.0,2,65577,805044,SBL,Ever Bounce,True,0,0,0.0,0.0,0.0,,Ever Bounced,False,0.7,High
PR01353194,45.0,2,45681,519157,Micro Loan,Ever Bounce,True,0,0,0.0,0.0,0.0,,Ever Bounced,False,0.7,High
PR01353235,45.0,2,28650,469940,SBL,Ever Bounce,True,0,0,0.0,0.0,0.0,,Ever Bounced,False,0.7,High
PR01353498,45.0,2,38919,638427,SBL,Ever Bounce,True,0,0,0.0,0.0,0.0,,Ever Bounced,False,0.7,High
PR01353654,45.0,2,97299,1596055,SBL,Ever Bounce,True,0,0,0.0,0.0,0.0,,Ever Bounced,False,0.7,High
PR01353798,45.0,2,36072,402270,Micro Loan,Ever Bounce,True,0,0,0.0,0.0,0.0,,Ever Bounced,False,0.7,High
PR01353848,45.0,2,64866,1064042,SBL,Ever Bounce,False,1,0,0.0,1.0,21622.0,2026-09-12 18:45:23,Ever Bounced,False,0.7,High
PR01353891,45.0,2,28842,459495,SBL,Ever Bounce,False,1,0,0.0,1.0,9614.0,2026-09-16 10:55:10,Ever Bounced,False,0.7,High
PR01353918,45.0,2,50442,619285,SBL,Ever Bounce,True,0,0,0.0,0.0,0.0,,Ever Bounced,False,0.7,High
PR01354526,45.0,2,59460,975371,SBL,Ever Bounce,True,0,0,0.0,0.0,0.0,,Ever Bounced,False,0.7,High
PR01354614,45.0,2,53703,907351,SBL,Ever Bounce,True,0,0,0.0,0.0,0.0,,Ever Bounced,False,0.7,High
PR01354817,45.0,2,45378,546281,SBL,Ever Bounce,True,0,0,0.0,0.0,0.0,,Ever Bounced,False,0.7,High
PR01354827,45.0,2,43245,709344,SBL,Ever Bounce,True,0,0,0.0,0.0,0.0,,Ever Bounced,False,0.7,High
PR01354847,45.0,2,64866,1064042,SBL,Ever Bounce,True,0,0,0.0,0.0,0.0,,Ever Bounced,False,0.7,High
PR01354937,45.0,2,29703,344027,Micro Loan,Ever Bounce,True,0,0,0.0,0.0,0.0,,Ever Bounced,False,0.7,High
PR01388836,45.0,2,18204,215503,Micro Loan,Ever Bounce,True,0,0,0.0,0.0,0.0,,Ever Bounced,False,0.7,High
PR01355058,45.0,2,35960,607836,SBL,Ever Bounce,True,0,0,0.0,0.0,0.0,,Ever Bounced,False,0.7,High
PR01355184,45.0,2,42753,722370,SBL,Ever Bounce,True,0,0,0.0,0.0,0.0,,Ever Bounced,False,0.7,High
PR01409995,45.0,2,35454,608753,SBL,Ever Bounce,False,1,0,0.0,1.0,11818.0,2026-09-12 18:36:58,Ever Bounced,False,0.7,High
PR01355223,45.0,2,54057,886671,SBL,Ever Bounce,True,0,0,0.0,0.0,0.0,,Ever Bounced,False,0.7,High
PR01355250,45.0,2,47907,554894,SBL,Ever Bounce,True,0,0,0.0,0.0,0.0,,Ever Bounced,False,0.7,High
PR01355254,45.0,2,56217,922167,SBL,Ever Bounce,True,0,0,0.0,0.0,0.0,,Ever Bounced,False,0.7,High
PR01355255,45.0,2,13242,223768,SBL,Ever Bounce,True,0,0,0.0,0.0,0.0,,Ever Bounced,False,0.7,High
PR01389796,45.0,2,21690,370453,SBL,Ever Bounce,True,0,0,0.0,0.0,0.0,,Ever Bounced,False,0.7,High
PR01355268,45.0,2,31188,469433,SBL,Ever Bounce,False,1,0,0.0,1.0,10396.0,2026-09-12 19:44:43,Ever Bounced,False,0.7,High
PR01355301,45.0,2,63054,774091,SBL,Ever Bounce,True,0,0,0.0,0.0,0.0,,Ever Bounced,False,0.7,High
PR01355346,45.0,2,57354,968999,SBL,Ever Bounce,True,0,0,0.0,0.0,0.0,,Ever Bounced,False,0.7,High
PR01355410,45.0,2,45948,753675,SBL,Ever Bounce,True,0,0,0.0,0.0,0.0,,Ever Bounced,False,0.7,High
PR01355458,45.0,2,44802,713789,SBL,Ever Bounce,True,0,0,0.0,0.0,0.0,,Ever Bounced,False,0.7,High
PR01355517,45.0,2,72996,1233274,SBL,Ever Bounce,True,0,0,0.0,0.0,0.0,,Ever Bounced,False,0.7,High
PR01355571,45.0,2,26736,328203,SBL,Ever Bounce,True,0,0,0.0,0.0,0.0,,Ever Bounced,False,0.7,High
PR01355603,45.0,2,50499,563195,Micro Loan,Ever Bounce,True,0,0,0.0,0.0,0.0,,Ever Bounced,False,0.7,High
PR01355750,45.0,2,56045,919644,SBL,Ever Bounce,True,0,0,0.0,0.0,0.0,,Ever Bounced,False,0.7,High
PR01355998,45.0,2,42285,327165,Micro Loan,Ever Bounce,True,0,0,0.0,0.0,0.0,,Ever Bounced,False,0.7,High
PR01356267,45.0,2,35139,403663,Micro Loan,Ever Bounce,False,1,0,0.0,1.0,11713.0,2026-09-16 13:43:13,Ever Bounced,False,0.7,High
PR01357388,45.0,2,65382,1078130,SBL,Ever Bounce,True,0,0,0.0,0.0,0.0,,Ever Bounced,False,0.7,High
PR01751038,45.0,2,73657,1047008,ME,Ever Bounce,True,0,0,0.0,0.0,0.0,,Ever Bounced,False,0.7,High
PR01793513,45.0,2,99888,1781651,SBL,Ever Bounce,True,0,0,0.0,0.0,0.0,,Ever Bounced,False,0.7,High
PR01857724,45.0,2,54057,971141,SBL,Ever Bounce,True,0,0,0.0,0.0,0.0,,Ever Bounced,False,0.7,High
PR00041196,0.0,0,22494,370657,SME,Ever Bounce,True,0,0,0.0,0.0,0.0,,Ever Bounced,False,0.7,High
PR00149771,0.0,0,43687,202458,SME,Ever Bounce,True,0,0,0.0,0.0,0.0,,Ever Bounced,False,0.7,High
PR00325676,0.0,0,5792,272139,ME,Ever Bounce,False,1,0,0.0,1.0,5792.0,2026-09-14 11:12:22,Ever Bounced,False,0.7,High
PR00362263,0.0,0,36718,1575041,ME,Ever Bounce,True,0,0,0.0,0.0,0.0,,Ever Bounced,False,0.7,High
PR00368068,0.0,0,7751,440326,ME,Ever Bounce,True,0,0,0.0,0.0,0.0,,Ever Bounced,False,0.7,High
PR00368503,0.0,0,28640,1495155,ME,Ever Bounce,True,0,0,0.0,0.0,0.0,,Ever Bounced,False,0.7,High
PR00380996,0.0,0,28680,1431089,ME,Ever Bounce,True,0,0,0.0,0.0,0.0,,Ever Bounced,False,0.7,High
PR00383005,0.0,0,11200,113341,ME,Ever Bounce,True,0,0,0.0,0.0,0.0,,Ever Bounced,False,0.7,High
PR00387903,0.0,0,19923,1311306,ME,Ever Bounce,True,0,0,0.0,0.0,0.0,,Ever Bounced,False,0.7,High
PR00396948,0.0,0,22031,1069853,ME,Ever Bounce,True,0,0,0.0,0.0,0.0,,Ever Bounced,False,0.7,High
PR00419625,0.0,0,14687,831314,ME,Ever Bounce,True,0,0,0.0,0.0,0.0,,Ever Bounced,False,0.7,High
PR00425476,0.0,0,14049,898334,ME,Ever Bounce,True,0,0,0.0,0.0,0.0,,Ever Bounced,False,0.7,High
PR00438535,0.0,0,30759,1887694,ME,Ever Bounce,True,0,0,0.0,0.0,0.0,,Ever Bounced,False,0.7,High
PR00439742,0.0,0,23405,929335,ME,Ever Bounce,True,0,0,0.0,0.0,0.0,,Ever Bounced,False,0.7,High
PR00461686,0.0,0,9547,581833,ME,Ever Bounce,True,0,0,0.0,0.0,0.0,,Ever Bounced,False,0.7,High
PR00463823,0.0,0,45773,2946049,ME,Ever Bounce,True,0,0,0.0,0.0,0.0,,Ever Bounced,False,0.7,High
PR00463920,0.0,0,9547,512016,ME,Ever Bounce,True,0,0,0.0,0.0,0.0,,Ever Bounced,False,0.7,High
PR00568112,0.0,0,21603,1385997,ME,Ever Bounce,True,0,0,0.0,0.0,0.0,,Ever Bounced,False,0.7,High
PR00570350,0.0,0,6399,283822,ME,Ever Bounce,True,0,0,0.0,0.0,0.0,,Ever Bounced,False,0.7,High
PR00575050,0.0,0,60815,4324880,ME,Ever Bounce,True,0,0,0.0,0.0,0.0,,Ever Bounced,False,0.7,High
PR00584437,0.0,0,16133,498751,ME,Ever Bounce,True,0,0,0.0,0.0,0.0,,Ever Bounced,False,0.7,High
PR00586030,0.0,0,16408,417873,ME,Ever Bounce,True,0,0,0.0,0.0,0.0,,Ever Bounced,False,0.7,High
PR00589715,0.0,0,7622,277975,ME,Ever Bounce,True,0,0,0.0,0.0,0.0,,Ever Bounced,False,0.7,High
PR00593701,0.0,0,5837,259948,ME,Ever Bounce,False,1,0,0.0,1.0,5837.0,2026-09-14 11:13:53,Ever Bounced,False,0.7,High
PR00598231,0.0,0,15395,1061831,ME,Ever Bounce,True,0,0,0.0,0.0,0.0,,Ever Bounced,False,0.7,High
PR00602780,0.0,0,54620,3556570,ME,Ever Bounce,True,0,0,0.0,0.0,0.0,,Ever Bounced,False,0.7,High
PR00603078,0.0,0,21382,1735048,ME,Ever Bounce,False,1,0,0.0,1.0,21382.0,2026-09-15 21:09:12,Ever Bounced,False,0.7,High
PR00606811,0.0,0,17656,1449830,ME,Ever Bounce,True,0,0,0.0,0.0,0.0,,Ever Bounced,False,0.7,High
PR00610814,0.0,0,54474,1562307,ME,Ever Bounce,True,0,0,0.0,0.0,0.0,,Ever Bounced,False,0.7,High
PR00615849,0.0,0,15190,958527,ME,Ever Bounce,True,0,0,0.0,0.0,0.0,,Ever Bounced,False,0.7,High
PR00620870,0.0,0,29476,1420478,ME,Ever Bounce,True,0,0,0.0,0.0,0.0,,Ever Bounced,False,0.7,High
PR00620885,0.0,0,17088,1401705,ME,Ever Bounce,True,0,0,0.0,0.0,0.0,,Ever Bounced,False,0.7,High
PR00620890,0.0,0,23584,1694592,ME,Ever Bounce,True,0,0,0.0,0.0,0.0,,Ever Bounced,False,0.7,High
PR00621158,0.0,0,17579,1141661,ME,Ever Bounce,True,0,0,0.0,0.0,0.0,,Ever Bounced,False,0.7,High
PR00621391,0.0,0,27402,1890420,ME,Ever Bounce,True,0,0,0.0,0.0,0.0,,Ever Bounced,False,0.7,High
PR00622931,0.0,0,39952,2396052,ME,Ever Bounce,True,0,0,0.0,0.0,0.0,,Ever Bounced,False,0.7,High
PR00627698,0.0,0,16194,978619,ME,Ever Bounce,True,0,0,0.0,0.0,0.0,,Ever Bounced,False,0.7,High
PR00634780,0.0,0,13317,842583,ME,Ever Bounce,True,0,0,0.0,0.0,0.0,,Ever Bounced,False,0.7,High
PR00635791,0.0,0,13950,775745,Co-Lending,Ever Bounce,True,0,0,0.0,0.0,0.0,,Ever Bounced,False,0.7,High
PR00636983,0.0,0,16282,1181214,ME,Ever Bounce,True,0,0,0.0,0.0,0.0,,Ever Bounced,False,0.7,High
PR00638888,0.0,0,20714,1266822,ME,Ever Bounce,True,0,0,0.0,0.0,0.0,,Ever Bounced,False,0.7,High
PR00650423,0.0,0,14285,688941,Co-Lending,Ever Bounce,True,0,0,0.0,0.0,0.0,,Ever Bounced,False,0.7,High
PR00651232,0.0,0,34626,2227967,ME,Ever Bounce,True,0,0,0.0,0.0,0.0,,Ever Bounced,False,0.7,High
PR00651544,0.0,0,22935,718604,Co-Lending,Ever Bounce,True,0,0,0.0,0.0,0.0,,Ever Bounced,False,0.7,High
PR00651558,0.0,0,8872,276704,ME,Ever Bounce,True,0,0,0.0,0.0,0.0,,Ever Bounced,False,0.7,High
PR00656824,0.0,0,9760,311398,ME,Ever Bounce,True,0,0,0.0,0.0,0.0,,Ever Bounced,False,0.7,High
PR00656938,0.0,0,11224,539039,Co-Lending,Ever Bounce,True,0,0,0.0,0.0,0.0,,Ever Bounced,False,0.7,High
PR00658173,0.0,0,17313,960917,Co-Lending,Ever Bounce,True,0,0,0.0,0.0,0.0,,Ever Bounced,False,0.7,High
PR00661024,0.0,0,33314,2384752,ME,Ever Bounce,True,0,0,0.0,0.0,0.0,,Ever Bounced,False,0.7,High
PR00661239,0.0,0,37264,1553838,ME,Ever Bounce,True,0,0,0.0,0.0,0.0,,Ever Bounced,False,0.7,High
PR00662970,0.0,0,14516,858972,Co-Lending,Ever Bounce,True,0,0,0.0,0.0,0.0,,Ever Bounced,False,0.7,High
PR00662981,0.0,0,11325,846451,ME,Ever Bounce,True,0,0,0.0,0.0,0.0,,Ever Bounced,False,0.7,High
PR00664102,0.0,0,42616,2666678,ME,Ever Bounce,True,0,0,0.0,0.0,0.0,,Ever Bounced,False,0.7,High
PR00668652,0.0,0,5460,330238,Co-Lending,Ever Bounce,True,0,0,0.0,0.0,0.0,,Ever Bounced,False,0.7,High
PR00673248,0.0,0,12166,655281,Co-Lending,Ever Bounce,True,0,0,0.0,0.0,0.0,,Ever Bounced,False,0.7,High
PR00676428,0.0,0,15981,928552,Co-Lending,Ever Bounce,True,0,0,0.0,0.0,0.0,,Ever Bounced,False,0.7,High
PR00676885,0.0,0,25756,927291,Co-Lending,Ever Bounce,True,0,0,0.0,0.0,0.0,,Ever Bounced,False,0.7,High
PR00676983,0.0,0,16379,1261316,ME,Ever Bounce,True,0,0,0.0,0.0,0.0,,Ever Bounced,False,0.7,High
PR00678136,0.0,0,17771,923302,Co-Lending,Ever Bounce,True,0,0,0.0,0.0,0.0,,Ever Bounced,False,0.7,High
PR00698431,0.0,0,1678,92631,Co-Lending,Ever Bounce,True,0,0,0.0,0.0,0.0,,Ever Bounced,False,0.7,High
PR00698699,0.0,0,6405,321443,ME,Ever Bounce,True,0,0,0.0,0.0,0.0,,Ever Bounced,False,0.7,High
PR00711969,0.0,0,12907,482605,ME,Ever Bounce,True,0,0,0.0,0.0,0.0,,Ever Bounced,False,0.7,High
PR00712045,0.0,0,21907,1398753,ME,Ever Bounce,True,0,0,0.0,0.0,0.0,,Ever Bounced,False,0.7,High
PR00712236,0.0,0,13983,962470,Co-Lending,Ever Bounce,True,0,0,0.0,0.0,0.0,,Ever Bounced,False,0.7,High
PR00712528,0.0,0,13829,1050259,ME,Ever Bounce,True,0,0,0.0,0.0,0.0,,Ever Bounced,False,0.7,High
PR00712541,0.0,0,5782,344614,ME,Ever Bounce,True,0,0,0.0,0.0,0.0,,Ever Bounced,False,0.7,High
PR00719429,0.0,0,6802,408052,ME,Ever Bounce,True,0,0,0.0,0.0,0.0,,Ever Bounced,False,0.7,High
PR00721165,0.0,0,4911,251256,ME,Ever Bounce,True,0,0,0.0,0.0,0.0,,Ever Bounced,False,0.7,High
PR00728078,0.0,0,6177,297458,ME,Ever Bounce,False,1,0,0.0,1.0,6177.0,2026-09-14 11:15:16,Ever Bounced,False,0.7,High
PR00728407,0.0,0,18405,1187066,ME,Ever Bounce,False,1,0,0.0,1.0,18405.0,2026-09-17 12:53:46,Ever Bounced,False,0.7,High
PR00729224,0.0,0,29391,1661007,Co-Lending,Ever Bounce,True,0,0,0.0,0.0,0.0,,Ever Bounced,False,0.7,High
PR00736423,0.0,0,10518,705259,ME,Ever Bounce,True,0,0,0.0,0.0,0.0,,Ever Bounced,False,0.7,High
PR00736827,0.0,0,3298,213979,ME,Ever Bounce,False,1,0,0.0,1.0,3298.0,2026-09-17 12:54:55,Ever Bounced,False,0.7,High
PR00736857,0.0,0,10869,431142,ME,Ever Bounce,True,0,0,0.0,0.0,0.0,,Ever Bounced,False,0.7,High
PR00737239,0.0,0,18392,159668,SBL,Ever Bounce,True,0,0,0.0,0.0,0.0,,Ever Bounced,False,0.7,High
PR00746062,0.0,0,60934,489986,Co-Lending,Ever Bounce,True,0,0,0.0,0.0,0.0,,Ever Bounced,False,0.7,High
PR00746503,0.0,0,12261,118084,SBL,Ever Bounce,True,0,0,0.0,0.0,0.0,,Ever Bounced,False,0.7,High
PR00757805,0.0,0,9988,654559,ME,Ever Bounce,True,0,0,0.0,0.0,0.0,,Ever Bounced,False,0.7,High
PR00760647,0.0,0,10804,123530,SBL,Ever Bounce,True,0,0,0.0,0.0,0.0,,Ever Bounced,False,0.7,High
PR00817014,0.0,0,21234,1748225,ME,Ever Bounce,True,0,0,0.0,0.0,0.0,,Ever Bounced,False,0.7,High
PR00826970,0.0,0,11961,654771,SBL,Ever Bounce,True,0,0,0.0,0.0,0.0,,Ever Bounced,False,0.7,High
PR00827844,0.0,0,18632,806751,ME,Ever Bounce,True,0,0,0.0,0.0,0.0,,Ever Bounced,False,0.7,High
PR00827975,0.0,0,28291,1882895,Co-Lending,Ever Bounce,True,0,0,0.0,0.0,0.0,,Ever Bounced,False,0.7,High
PR00828052,0.0,0,30331,1288908,SBL,Ever Bounce,True,0,0,0.0,0.0,0.0,,Ever Bounced,False,0.7,High
PR00828123,0.0,0,27588,484737,SBL,Ever Bounce,True,0,0,0.0,0.0,0.0,,Ever Bounced,False,0.7,High
PR00834410,0.0,0,96484,1795050,SBL,Ever Bounce,True,0,0,0.0,0.0,0.0,,Ever Bounced,False,0.7,High
PR00836306,0.0,0,12970,359181,ME,Ever Bounce,True,0,0,0.0,0.0,0.0,,Ever Bounced,False,0.7,High
PR00838039,0.0,0,13317,937211,Co-Lending,Ever Bounce,True,0,0,0.0,0.0,0.0,,Ever Bounced,False,0.7,High
PR00838365,0.0,0,34146,2371417,ME,Ever Bounce,True,0,0,0.0,0.0,0.0,,Ever Bounced,False,0.7,High
PR00841153,0.0,0,18153,1264387,Co-Lending,Ever Bounce,True,0,0,0.0,0.0,0.0,,Ever Bounced,False,0.7,High
PR00848872,0.0,0,20436,392345,ME,Ever Bounce,True,0,0,0.0,0.0,0.0,,Ever Bounced,False,0.7,High
PR00849239,0.0,0,11679,101386,SBL,Ever Bounce,True,0,0,0.0,0.0,0.0,,Ever Bounced,False,0.7,High
PR00851269,0.0,0,10831,207967,SBL,Ever Bounce,True,0,0,0.0,0.0,0.0,,Ever Bounced,False,0.7,High
PR00851398,0.0,0,1214,59320,ME,Ever Bounce,True,0,0,0.0,0.0,0.0,,Ever Bounced,False,0.7,High
PR00851493,0.0,0,1706,104934,ME,Ever Bounce,True,0,0,0.0,0.0,0.0,,Ever Bounced,False,0.7,High
PR00851728,0.0,0,17050,498245,ME,Ever Bounce,True,0,0,0.0,0.0,0.0,,Ever Bounced,False,0.7,High
PR00852153,0.0,0,23505,1609530,ME,Ever Bounce,True,0,0,0.0,0.0,0.0,,Ever Bounced,False,0.7,High
PR00852324,0.0,0,23878,1635057,ME,Ever Bounce,True,0,0,0.0,0.0,0.0,,Ever Bounced,False,0.7,High
PR00853367,0.0,0,1089,88479,ME,Ever Bounce,True,0,0,0.0,0.0,0.0,,Ever Bounced,False,0.7,High
PR00858763,0.0,0,6659,473288,Co-Lending,Ever Bounce,True,0,0,0.0,0.0,0.0,,Ever Bounced,False,0.7,High
PR00860331,0.0,0,30578,1972928,ME,Ever Bounce,True,0,0,0.0,0.0,0.0,,Ever Bounced,False,0.7,High
PR00862980,0.0,0,21444,1394800,Co-Lending,Ever Bounce,True,0,0,0.0,0.0,0.0,,Ever Bounced,False,0.7,High
PR00863763,0.0,0,25965,1122734,ME,Ever Bounce,True,0,0,0.0,0.0,0.0,,Ever Bounced,False,0.7,High
PR00864026,0.0,0,14533,894773,ME,Ever Bounce,True,0,0,0.0,0.0,0.0,,Ever Bounced,False,0.7,High
PR00864354,0.0,0,11240,224750,SBL,Ever Bounce,True,0,0,0.0,0.0,0.0,,Ever Bounced,False,0.7,High
PR00876061,0.0,0,19414,403586,SBL,Ever Bounce,True,0,0,0.0,0.0,0.0,,Ever Bounced,False,0.7,High
PR00876472,0.0,0,66587,4743741,Co-Lending,Ever Bounce,True,0,0,0.0,0.0,0.0,,Ever Bounced,False,0.7,High
PR00876509,0.0,0,9722,670986,ME,Ever Bounce,True,0,0,0.0,0.0,0.0,,Ever Bounced,False,0.7,High
PR00876584,0.0,0,10218,212401,SBL,Ever Bounce,True,0,0,0.0,0.0,0.0,,Ever Bounced,False,0.7,High
PR00876748,0.0,0,27967,1992334,Co-Lending,Ever Bounce,True,0,0,0.0,0.0,0.0,,Ever Bounced,False,0.7,High
PR00877436,0.0,0,17814,764189,SBL,Ever Bounce,True,0,0,0.0,0.0,0.0,,Ever Bounced,False,0.7,High
PR00877758,0.0,0,34613,2489354,ME,Ever Bounce,True,0,0,0.0,0.0,0.0,,Ever Bounced,False,0.7,High
PR00879409,0.0,0,16362,773757,Co-Lending,Ever Bounce,True,0,0,0.0,0.0,0.0,,Ever Bounced,False,0.7,High
PR00884326,0.0,0,10218,220351,SBL,Ever Bounce,True,0,0,0.0,0.0,0.0,,Ever Bounced,False,0.7,High
PR00886162,0.0,0,11320,784350,ME,Ever Bounce,True,0,0,0.0,0.0,0.0,,Ever Bounced,False,0.7,High
PR00886251,0.0,0,6884,486996,Co-Lending,Ever Bounce,True,0,0,0.0,0.0,0.0,,Ever Bounced,False,0.7,High
PR00886951,0.0,0,15549,335283,SBL,Ever Bounce,True,0,0,0.0,0.0,0.0,,Ever Bounced,False,0.7,High
PR00887271,0.0,0,10868,700353,SBL,Ever Bounce,True,0,0,0.0,0.0,0.0,,Ever Bounced,False,0.7,High
PR00887505,0.0,0,28370,1524646,ME,Ever Bounce,True,0,0,0.0,0.0,0.0,,Ever Bounced,False,0.7,High
PR00887822,0.0,0,13401,592777,ME,Ever Bounce,True,0,0,0.0,0.0,0.0,,Ever Bounced,False,0.7,High
PR00888664,0.0,0,11320,784340,ME,Ever Bounce,True,0,0,0.0,0.0,0.0,,Ever Bounced,False,0.7,High
PR00891092,0.0,0,8257,574288,ME,Ever Bounce,True,0,0,0.0,0.0,0.0,,Ever Bounced,False,0.7,High
PR00900862,0.0,0,6211,292638,ME,Ever Bounce,True,0,0,0.0,0.0,0.0,,Ever Bounced,False,0.7,High
PR00901950,0.0,0,12166,544100,ME,Ever Bounce,True,0,0,0.0,0.0,0.0,,Ever Bounced,False,0.7,High
PR00905907,0.0,0,14183,993930,ME,Ever Bounce,True,0,0,0.0,0.0,0.0,,Ever Bounced,False,0.7,High
PR00908344,0.0,0,29964,2099871,ME,Ever Bounce,True,0,0,0.0,0.0,0.0,,Ever Bounced,False,0.7,High
PR00911515,0.0,0,17567,1132618,ME,Ever Bounce,True,0,0,0.0,0.0,0.0,,Ever Bounced,False,0.7,High
PR00912158,0.0,0,30791,2078580,SBL,Ever Bounce,True,0,0,0.0,0.0,0.0,,Ever Bounced,False,0.7,High
PR00912378,0.0,0,15981,1119879,ME,Ever Bounce,True,0,0,0.0,0.0,0.0,,Ever Bounced,False,0.7,High
PR00912641,0.0,0,16349,389565,SBL,Ever Bounce,True,0,0,0.0,0.0,0.0,,Ever Bounced,False,0.7,High
PR00912655,0.0,0,11713,267715,SBL,Ever Bounce,True,0,0,0.0,0.0,0.0,,Ever Bounced,False,0.7,High
PR00912699,0.0,0,9680,451487,ME,Ever Bounce,True,0,0,0.0,0.0,0.0,,Ever Bounced,False,0.7,High
PR00913128,0.0,0,936,62467,ME,Ever Bounce,True,0,0,0.0,0.0,0.0,,Ever Bounced,False,0.7,High
PR00913240,0.0,0,620,42457,ME,Ever Bounce,True,0,0,0.0,0.0,0.0,,Ever Bounced,False,0.7,High
PR00918824,0.0,0,26635,1873370,ME,Ever Bounce,True,0,0,0.0,0.0,0.0,,Ever Bounced,False,0.7,High
PR00919975,0.0,0,5993,421522,ME,Ever Bounce,True,0,0,0.0,0.0,0.0,,Ever Bounced,False,0.7,High
PR00922176,0.0,0,17079,822605,ME,Ever Bounce,True,0,0,0.0,0.0,0.0,,Ever Bounced,False,0.7,High
PR00923213,0.0,0,6925,487095,ME,Ever Bounce,True,0,0,0.0,0.0,0.0,,Ever Bounced,False,0.7,High
PR00923292,0.0,0,22373,1060125,ME,Ever Bounce,True,0,0,0.0,0.0,0.0,,Ever Bounced,False,0.7,High
PR00923751,0.0,0,12647,583464,ME,Ever Bounce,True,0,0,0.0,0.0,0.0,,Ever Bounced,False,0.7,High
PR00923792,0.0,0,14810,363788,Micro Loan,Ever Bounce,True,0,0,0.0,0.0,0.0,,Ever Bounced,False,0.7,High
PR00924109,0.0,0,10455,492675,ME,Ever Bounce,True,0,0,0.0,0.0,0.0,,Ever Bounced,False,0.7,High
PR00933787,0.0,0,6012,143959,Micro Loan,Ever Bounce,True,0,0,0.0,0.0,0.0,,Ever Bounced,False,0.7,High
PR00933983,0.0,0,23501,594292,SBL,Ever Bounce,True,0,0,0.0,0.0,0.0,,Ever Bounced,False,0.7,High
PR00934255,0.0,0,10811,482726,Micro Loan,Ever Bounce,True,0,0,0.0,0.0,0.0,,Ever Bounced,False,0.7,High
PR00934838,0.0,0,16833,403163,Micro Loan,Ever Bounce,True,0,0,0.0,0.0,0.0,,Ever Bounced,False,0.7,High
PR00935130,0.0,0,20756,529773,SBL,Ever Bounce,True,0,0,0.0,0.0,0.0,,Ever Bounced,False,0.7,High
PR00935415,0.0,0,17370,439296,SBL,Ever Bounce,True,0,0,0.0,0.0,0.0,,Ever Bounced,False,0.7,High
PR00936136,0.0,0,17079,831326,ME,Ever Bounce,True,0,0,0.0,0.0,0.0,,Ever Bounced,False,0.7,High
PR00936201,0.0,0,18392,465136,SBL,Ever Bounce,True,0,0,0.0,0.0,0.0,,Ever Bounced,False,0.7,High
PR00936249,0.0,0,14305,361766,SBL,Ever Bounce,True,0,0,0.0,0.0,0.0,,Ever Bounced,False,0.7,High
PR00936408,0.0,0,6971,491220,Home Loan,Ever Bounce,True,0,0,0.0,0.0,0.0,,Ever Bounced,False,0.7,High
PR00936638,0.0,0,9667,46733,Micro Loan,Ever Bounce,True,0,0,0.0,0.0,0.0,,Ever Bounced,False,0.7,High
PR00945336,0.0,0,8292,390103,ME,Ever Bounce,False,1,0,0.0,1.0,8292.0,2026-09-16 21:10:17,Ever Bounced,False,0.7,High
PR00948286,0.0,0,14415,649468,SBL,Ever Bounce,False,1,0,0.0,1.0,14415.0,2026-09-15 14:08:21,Ever Bounced,False,0.7,High
PR00948390,0.0,0,32191,2195139,ME,Ever Bounce,True,0,0,0.0,0.0,0.0,,Ever Bounced,False,0.7,High
PR00948436,0.0,0,20775,1471705,ME,Ever Bounce,True,0,0,0.0,0.0,0.0,,Ever Bounced,False,0.7,High
PR00948643,0.0,0,21725,1000002,SBL,Ever Bounce,True,0,0,0.0,0.0,0.0,,Ever Bounced,False,0.7,High
PR00948656,0.0,0,6392,452880,ME,Ever Bounce,True,0,0,0.0,0.0,0.0,,Ever Bounced,False,0.7,High
PR00949371,0.0,0,1927,110286,ME,Ever Bounce,True,0,0,0.0,0.0,0.0,,Ever Bounced,False,0.7,High
PR00949485,0.0,0,7443,485902,ME,Ever Bounce,True,0,0,0.0,0.0,0.0,,Ever Bounced,False,0.7,High
PR00949851,0.0,0,20994,1431571,ME,Ever Bounce,True,0,0,0.0,0.0,0.0,,Ever Bounced,False,0.7,High
PR00954245,0.0,0,1661,82392,Home Loan,Ever Bounce,True,0,0,0.0,0.0,0.0,,Ever Bounced,False,0.7,High
PR00954373,0.0,0,57301,3867028,Co-Lending,Ever Bounce,True,0,0,0.0,0.0,0.0,,Ever Bounced,False,0.7,High
PR00956664,0.0,0,14847,996882,SBL,Ever Bounce,True,0,0,0.0,0.0,0.0,,Ever Bounced,False,0.7,High
PR00958689,0.0,0,27703,2048824,ME,Ever Bounce,True,0,0,0.0,0.0,0.0,,Ever Bounced,False,0.7,High
PR00959972,0.0,0,14056,357331,Micro Loan,Ever Bounce,True,0,0,0.0,0.0,0.0,,Ever Bounced,False,0.7,High
PR00960767,0.0,0,20856,968866,SBL,Ever Bounce,True,0,0,0.0,0.0,0.0,,Ever Bounced,False,0.7,High
PR00961332,0.0,0,13317,946742,ME,Ever Bounce,True,0,0,0.0,0.0,0.0,,Ever Bounced,False,0.7,High
PR00961359,0.0,0,14819,1013843,ME,Ever Bounce,True,0,0,0.0,0.0,0.0,,Ever Bounced,False,0.7,High
PR00961478,0.0,0,6877,470450,ME,Ever Bounce,True,0,0,0.0,0.0,0.0,,Ever Bounced,False,0.7,High
PR00961796,0.0,0,23653,1618218,ME,Ever Bounce,True,0,0,0.0,0.0,0.0,,Ever Bounced,False,0.7,High
PR00961878,0.0,0,20772,986410,SBL,Ever Bounce,True,0,0,0.0,0.0,0.0,,Ever Bounced,False,0.7,High
PR00962029,0.0,0,19976,1420080,ME,Ever Bounce,True,0,0,0.0,0.0,0.0,,Ever Bounced,False,0.7,High
PR00969545,0.0,0,26635,1899901,ME,Ever Bounce,True,0,0,0.0,0.0,0.0,,Ever Bounced,False,0.7,High
PR00973349,0.0,0,9680,474625,ME,Ever Bounce,True,0,0,0.0,0.0,0.0,,Ever Bounced,False,0.7,High
PR00974001,0.0,0,4262,303461,Home Loan,Ever Bounce,True,0,0,0.0,0.0,0.0,,Ever Bounced,False,0.7,High
PR00974665,0.0,0,20069,561524,SBL,Ever Bounce,True,0,0,0.0,0.0,0.0,,Ever Bounced,False,0.7,High
PR00974780,0.0,0,985,67428,ME,Ever Bounce,False,1,0,0.0,1.0,985.0,2026-09-16 13:40:04,Ever Bounced,False,0.7,High
PR00975944,0.0,0,885,46518,ME,Ever Bounce,True,0,0,0.0,0.0,0.0,,Ever Bounced,False,0.7,High
PR00976099,0.0,0,14989,398224,Micro Loan,Ever Bounce,True,0,0,0.0,0.0,0.0,,Ever Bounced,False,0.7,High
PR00976107,0.0,0,25814,1265521,ME,Ever Bounce,True,0,0,0.0,0.0,0.0,,Ever Bounced,False,0.7,High
PR00977956,0.0,0,21156,1468713,Co-Lending,Ever Bounce,True,0,0,0.0,0.0,0.0,,Ever Bounced,False,0.7,High
PR00985471,0.0,0,752,54573,ME,Ever Bounce,True,0,0,0.0,0.0,0.0,,Ever Bounced,False,0.7,High
PR00985520,0.0,0,1203,84958,ME,Ever Bounce,True,0,0,0.0,0.0,0.0,,Ever Bounced,False,0.7,High
PR00986977,0.0,0,16156,1071064,ME,Ever Bounce,True,0,0,0.0,0.0,0.0,,Ever Bounced,False,0.7,High
PR00987077,0.0,0,27427,1357323,ME,Ever Bounce,False,1,0,0.0,1.0,20000.0,2026-09-14 14:26:18,Ever Bounced,False,0.7,High
PR00990284,0.0,0,20102,972264,SBL,Ever Bounce,True,0,0,0.0,0.0,0.0,,Ever Bounced,False,0.7,High
PR00991435,0.0,0,17765,483214,SBL,Ever Bounce,True,0,0,0.0,0.0,0.0,,Ever Bounced,False,0.7,High
PR00992254,0.0,0,26132,1263959,ME,Ever Bounce,True,0,0,0.0,0.0,0.0,,Ever Bounced,False,0.7,High
PR00992299,0.0,0,14886,427075,SBL,Ever Bounce,True,0,0,0.0,0.0,0.0,,Ever Bounced,False,0.7,High
PR00993139,0.0,0,25168,1245522,ME,Ever Bounce,True,0,0,0.0,0.0,0.0,,Ever Bounced,False,0.7,High
PR01002750,0.0,0,13995,610051,Micro Loan,Ever Bounce,True,0,0,0.0,0.0,0.0,,Ever Bounced,False,0.7,High
PR01005298,0.0,0,22479,645272,SBL,Ever Bounce,True,0,0,0.0,0.0,0.0,,Ever Bounced,False,0.7,High
PR01005992,0.0,0,6866,197128,SBL,Ever Bounce,True,0,0,0.0,0.0,0.0,,Ever Bounced,False,0.7,High
PR01006340,0.0,0,16667,776112,SBL,Ever Bounce,True,0,0,0.0,0.0,0.0,,Ever Bounced,False,0.7,High
PR01006686,0.0,0,14509,416506,SBL,Ever Bounce,True,0,0,0.0,0.0,0.0,,Ever Bounced,False,0.7,High
PR01006720,0.0,0,25966,1900148,ME,Ever Bounce,True,0,0,0.0,0.0,0.0,,Ever Bounced,False,0.7,High
PR01006753,0.0,0,15468,736739,SBL,Ever Bounce,True,0,0,0.0,0.0,0.0,,Ever Bounced,False,0.7,High
PR01006845,0.0,0,33558,1673729,ME,Ever Bounce,True,0,0,0.0,0.0,0.0,,Ever Bounced,False,0.7,High
PR01007052,0.0,0,16751,816392,SBL,Ever Bounce,True,0,0,0.0,0.0,0.0,,Ever Bounced,False,0.7,High
PR01007378,0.0,0,17731,905531,SBL,Ever Bounce,True,0,0,0.0,0.0,0.0,,Ever Bounced,False,0.7,High
PR01007796,0.0,0,24395,1800316,Co-Lending,Ever Bounce,True,0,0,0.0,0.0,0.0,,Ever Bounced,False,0.7,High
PR01007843,0.0,0,20895,995204,SBL,Ever Bounce,True,0,0,0.0,0.0,0.0,,Ever Bounced,False,0.7,High
PR01016992,0.0,0,11726,576427,Micro Loan,Ever Bounce,True,0,0,0.0,0.0,0.0,,Ever Bounced,False,0.7,High
PR01018564,0.0,0,18798,176432,ECLGS,Ever Bounce,True,0,0,0.0,0.0,0.0,,Ever Bounced,False,0.7,High
PR01020246,0.0,0,20856,1001695,SBL,Ever Bounce,True,0,0,0.0,0.0,0.0,,Ever Bounced,False,0.7,High
PR01021035,0.0,0,29461,1674400,ME,Ever Bounce,True,0,0,0.0,0.0,0.0,,Ever Bounced,False,0.7,High
PR01021051,0.0,0,15544,441174,Micro Loan,Ever Bounce,True,0,0,0.0,0.0,0.0,,Ever Bounced,False,0.7,High
PR01022180,0.0,0,16780,1207784,ME,Ever Bounce,False,1,0,0.0,1.0,16800.0,2026-09-16 13:59:51,Ever Bounced,False,0.7,High
PR01022391,0.0,0,13317,958540,ME,Ever Bounce,True,0,0,0.0,0.0,0.0,,Ever Bounced,False,0.7,High
PR01023110,0.0,0,18770,901551,SBL,Ever Bounce,True,0,0,0.0,0.0,0.0,,Ever Bounced,False,0.7,High
PR01023264,0.0,0,15346,1004489,ME,Ever Bounce,True,0,0,0.0,0.0,0.0,,Ever Bounced,False,0.7,High
PR01023527,0.0,0,8199,227569,Micro Loan,Ever Bounce,True,0,0,0.0,0.0,0.0,,Ever Bounced,False,0.7,High
PR01023698,0.0,0,17335,481139,Micro Loan,Ever Bounce,True,0,0,0.0,0.0,0.0,,Ever Bounced,False,0.7,High
PR01023766,0.0,0,13317,958540,ME,Ever Bounce,True,0,0,0.0,0.0,0.0,,Ever Bounced,False,0.7,High
PR01023773,0.0,0,20856,1001695,SBL,Ever Bounce,False,1,0,0.0,1.0,20856.0,2026-09-09 17:05:31,Ever Bounced,False,0.7,High
PR01024793,0.0,0,13348,641033,ME,Ever Bounce,True,0,0,0.0,0.0,0.0,,Ever Bounced,False,0.7,High
PR01025080,0.0,0,15969,448097,Micro Loan,Ever Bounce,True,0,0,0.0,0.0,0.0,,Ever Bounced,False,0.7,High
PR01025302,0.0,0,8469,397531,Micro Loan,Ever Bounce,True,0,0,0.0,0.0,0.0,,Ever Bounced,False,0.7,High
PR01025354,0.0,0,31809,2335534,ME,Ever Bounce,True,0,0,0.0,0.0,0.0,,Ever Bounced,False,0.7,High
PR01025376,0.0,0,15981,1150208,ME,Ever Bounce,True,0,0,0.0,0.0,0.0,,Ever Bounced,False,0.7,High
PR01025381,0.0,0,11986,862683,ME,Ever Bounce,True,0,0,0.0,0.0,0.0,,Ever Bounced,False,0.7,High
PR01025403,0.0,0,20579,1481284,ME,Ever Bounce,True,0,0,0.0,0.0,0.0,,Ever Bounced,False,0.7,High
PR01036520,0.0,0,11986,865446,ME,Ever Bounce,True,0,0,0.0,0.0,0.0,,Ever Bounced,False,0.7,High
PR01038183,0.0,0,20102,996551,SBL,Ever Bounce,True,0,0,0.0,0.0,0.0,,Ever Bounced,False,0.7,High
PR01039788,0.0,0,14469,625958,Micro Loan,Ever Bounce,True,0,0,0.0,0.0,0.0,,Ever Bounced,False,0.7,High
PR01041072,0.0,0,12861,622770,SBL,Ever Bounce,True,0,0,0.0,0.0,0.0,,Ever Bounced,False,0.7,High
PR01041997,0.0,0,14054,665002,SBL,Ever Bounce,True,0,0,0.0,0.0,0.0,,Ever Bounced,False,0.7,High
PR01042397,0.0,0,7407,83832,Micro Loan,Ever Bounce,True,0,0,0.0,0.0,0.0,,Ever Bounced,False,0.7,High
PR01042683,0.0,0,9370,265438,Micro Loan,Ever Bounce,True,0,0,0.0,0.0,0.0,,Ever Bounced,False,0.7,High
PR01043299,0.0,0,4969,268162,Co-Lending,Ever Bounce,True,0,0,0.0,0.0,0.0,,Ever Bounced,False,0.7,High
PR01043311,0.0,0,12100,868119,Co-Lending,Ever Bounce,True,0,0,0.0,0.0,0.0,,Ever Bounced,False,0.7,High
PR01043395,0.0,0,12166,589096,SBL,Ever Bounce,True,0,0,0.0,0.0,0.0,,Ever Bounced,False,0.7,High
PR01043420,0.0,0,6998,309425,Micro Loan,Ever Bounce,True,0,0,0.0,0.0,0.0,,Ever Bounced,False,0.7,High
PR01043449,0.0,0,13528,611676,Micro Loan,Ever Bounce,True,0,0,0.0,0.0,0.0,,Ever Bounced,False,0.7,High
PR01043451,0.0,0,15642,757411,SBL,Ever Bounce,True,0,0,0.0,0.0,0.0,,Ever Bounced,False,0.7,High
PR01043557,0.0,0,11504,550574,SBL,Ever Bounce,False,1,0,0.0,1.0,11504.0,2026-09-16 12:50:50,Ever Bounced,False,0.7,High
PR01043569,0.0,0,19436,966803,ME,Ever Bounce,True,0,0,0.0,0.0,0.0,,Ever Bounced,False,0.7,High
PR01043764,0.0,0,18230,925572,SBL,Ever Bounce,True,0,0,0.0,0.0,0.0,,Ever Bounced,False,0.7,High
PR01053568,0.0,0,6609,442734,ME,Ever Bounce,True,0,0,0.0,0.0,0.0,,Ever Bounced,False,0.7,High
PR01054098,0.0,0,17079,896254,ME,Ever Bounce,True,0,0,0.0,0.0,0.0,,Ever Bounced,False,0.7,High
PR01056316,0.0,0,4633,310387,ME,Ever Bounce,False,1,0,0.0,1.0,4633.0,2026-09-15 13:36:23,Ever Bounced,False,0.7,High
PR01057143,0.0,0,17069,1212050,ME,Ever Bounce,True,0,0,0.0,0.0,0.0,,Ever Bounced,False,0.7,High
PR01057690,0.0,0,12115,784536,ME,Ever Bounce,True,0,0,0.0,0.0,0.0,,Ever Bounced,False,0.7,High
PR01057903,0.0,0,11161,737395,ME,Ever Bounce,True,0,0,0.0,0.0,0.0,,Ever Bounced,False,0.7,High
PR01058265,0.0,0,19874,1042898,ME,Ever Bounce,True,0,0,0.0,0.0,0.0,,Ever Bounced,False,0.7,High
PR01058349,0.0,0,17788,1175146,ME,Ever Bounce,True,0,0,0.0,0.0,0.0,,Ever Bounced,False,0.7,High
PR01058436,0.0,0,14305,438765,SBL,Ever Bounce,True,0,0,0.0,0.0,0.0,,Ever Bounced,False,0.7,High
PR01058560,0.0,0,18059,881616,SBL,Ever Bounce,True,0,0,0.0,0.0,0.0,,Ever Bounced,False,0.7,High
PR01058624,0.0,0,14239,711736,ME,Ever Bounce,True,0,0,0.0,0.0,0.0,,Ever Bounced,False,0.7,High
PR01058668,0.0,0,17865,541308,SBL,Ever Bounce,False,1,0,0.0,1.0,17865.0,2026-09-12 19:53:20,Ever Bounced,False,0.7,High
PR01058690,0.0,0,51423,3909758,Co-Lending,Ever Bounce,True,0,0,0.0,0.0,0.0,,Ever Bounced,False,0.7,High
PR01058780,0.0,0,12731,636433,SBL,Ever Bounce,True,0,0,0.0,0.0,0.0,,Ever Bounced,False,0.7,High
PR01059026,0.0,0,12402,540151,Micro Loan,Ever Bounce,True,0,0,0.0,0.0,0.0,,Ever Bounced,False,0.7,High
PR01059133,0.0,0,8113,369483,Micro Loan,Ever Bounce,True,0,0,0.0,0.0,0.0,,Ever Bounced,False,0.7,High
PR01068479,0.0,0,20856,1026027,SBL,Ever Bounce,True,0,0,0.0,0.0,0.0,,Ever Bounced,False,0.7,High
PR01068594,0.0,0,21725,1068781,SBL,Ever Bounce,True,0,0,0.0,0.0,0.0,,Ever Bounced,False,0.7,High
PR01069557,0.0,0,18019,865643,ME,Ever Bounce,True,0,0,0.0,0.0,0.0,,Ever Bounced,False,0.7,High
PR01070399,0.0,0,12166,598520,SBL,Ever Bounce,True,0,0,0.0,0.0,0.0,,Ever Bounced,False,0.7,High
PR01070802,0.0,0,11702,501883,Micro Loan,Ever Bounce,True,0,0,0.0,0.0,0.0,,Ever Bounced,False,0.7,High
PR01072982,0.0,0,12225,888441,ME,Ever Bounce,True,0,0,0.0,0.0,0.0,,Ever Bounced,False,0.7,High
PR01073419,0.0,0,7612,374554,SBL,Ever Bounce,True,0,0,0.0,0.0,0.0,,Ever Bounced,False,0.7,High
PR01073519,0.0,0,19882,978199,SBL,Ever Bounce,True,0,0,0.0,0.0,0.0,,Ever Bounced,False,0.7,High
PR01073529,0.0,0,13904,684059,SBL,Ever Bounce,True,0,0,0.0,0.0,0.0,,Ever Bounced,False,0.7,High
PR01074504,0.0,0,28945,929630,ME,Ever Bounce,True,0,0,0.0,0.0,0.0,,Ever Bounced,False,0.7,High
PR01075686,0.0,0,3995,290343,ME,Ever Bounce,True,0,0,0.0,0.0,0.0,,Ever Bounced,False,0.7,High
PR01075817,0.0,0,17968,884013,SBL,Ever Bounce,True,0,0,0.0,0.0,0.0,,Ever Bounced,False,0.7,High
PR01075822,0.0,0,68731,4487360,Co-Lending,Ever Bounce,True,0,0,0.0,0.0,0.0,,Ever Bounced,False,0.7,High
PR01075955,0.0,0,12100,624904,SBL,Ever Bounce,True,0,0,0.0,0.0,0.0,,Ever Bounced,False,0.7,High
PR01076186,0.0,0,21422,1588643,ME,Ever Bounce,True,0,0,0.0,0.0,0.0,,Ever Bounced,False,0.7,High
PR01076396,0.0,0,14712,454887,ME,Ever Bounce,True,0,0,0.0,0.0,0.0,,Ever Bounced,False,0.7,High
PR01076555,0.0,0,3128,153930,SBL,Ever Bounce,True,0,0,0.0,0.0,0.0,,Ever Bounced,False,0.7,High
PR01076568,0.0,0,6701,337643,ME,Ever Bounce,True,0,0,0.0,0.0,0.0,,Ever Bounced,False,0.7,High
PR01076697,0.0,0,41284,3000148,ME,Ever Bounce,True,0,0,0.0,0.0,0.0,,Ever Bounced,False,0.7,High
PR01089550,0.0,0,17179,1211271,ME,Ever Bounce,True,0,0,0.0,0.0,0.0,,Ever Bounced,False,0.7,High
PR01089648,0.0,0,12652,891997,ME,Ever Bounce,True,0,0,0.0,0.0,0.0,,Ever Bounced,False,0.7,High
PR01089675,0.0,0,11109,379280,Micro Loan,Ever Bounce,True,0,0,0.0,0.0,0.0,,Ever Bounced,False,0.7,High
PR01092069,0.0,0,6291,300169,SBL,Ever Bounce,True,0,0,0.0,0.0,0.0,,Ever Bounced,False,0.7,High
PR01092071,0.0,0,12166,580333,SBL,Ever Bounce,True,0,0,0.0,0.0,0.0,,Ever Bounced,False,0.7,High
PR01092128,0.0,0,13514,628998,SBL,Ever Bounce,True,0,0,0.0,0.0,0.0,,Ever Bounced,False,0.7,High
PR01092138,0.0,0,24325,1132207,ME,Ever Bounce,True,0,0,0.0,0.0,0.0,,Ever Bounced,False,0.7,High
PR01092327,0.0,0,25989,1271020,ME,Ever Bounce,True,0,0,0.0,0.0,0.0,,Ever Bounced,False,0.7,High
PR01092405,0.0,0,9610,397485,Micro Loan,Ever Bounce,True,0,0,0.0,0.0,0.0,,Ever Bounced,False,0.7,High
PR01092609,0.0,0,13226,372137,Micro Loan,Ever Bounce,True,0,0,0.0,0.0,0.0,,Ever Bounced,False,0.7,High
PR01092653,0.0,0,14712,442311,SBL,Ever Bounce,True,0,0,0.0,0.0,0.0,,Ever Bounced,False,0.7,High
PR01092791,0.0,0,14866,700483,SBL,Ever Bounce,True,0,0,0.0,0.0,0.0,,Ever Bounced,False,0.7,High
PR01092962,0.0,0,13528,600040,SBL,Ever Bounce,True,0,0,0.0,0.0,0.0,,Ever Bounced,False,0.7,High
PR01093097,0.0,0,7936,223260,Micro Loan,Ever Bounce,True,0,0,0.0,0.0,0.0,,Ever Bounced,False,0.7,High
PR01093103,0.0,0,17553,493855,Micro Loan,Ever Bounce,True,0,0,0.0,0.0,0.0,,Ever Bounced,False,0.7,High
PR01093124,0.0,0,10204,619196,ME,Ever Bounce,True,0,0,0.0,0.0,0.0,,Ever Bounced,False,0.7,High
PR01093271,0.0,0,11595,514380,Micro Loan,Ever Bounce,True,0,0,0.0,0.0,0.0,,Ever Bounced,False,0.7,High
PR01093406,0.0,0,5840,278550,SBL,Ever Bounce,True,0,0,0.0,0.0,0.0,,Ever Bounced,False,0.7,High
PR01093478,0.0,0,12389,583727,SBL,Ever Bounce,True,0,0,0.0,0.0,0.0,,Ever Bounced,False,0.7,High
PR01093533,0.0,0,8424,392068,ME,Ever Bounce,True,0,0,0.0,0.0,0.0,,Ever Bounced,False,0.7,High
PR01093534,0.0,0,35136,1635516,SBL,Ever Bounce,True,0,0,0.0,0.0,0.0,,Ever Bounced,False,0.7,High
PR01093547,0.0,0,13514,628998,ME,Ever Bounce,True,0,0,0.0,0.0,0.0,,Ever Bounced,False,0.7,High
PR01093904,0.0,0,18019,838692,SBL,Ever Bounce,True,0,0,0.0,0.0,0.0,,Ever Bounced,False,0.7,High
PR01094046,0.0,0,16314,1150233,ME,Ever Bounce,True,0,0,0.0,0.0,0.0,,Ever Bounced,False,0.7,High
PR01094085,0.0,0,9561,445012,Micro Loan,Ever Bounce,True,0,0,0.0,0.0,0.0,,Ever Bounced,False,0.7,High
PR01094187,0.0,0,13154,612235,ME,Ever Bounce,True,0,0,0.0,0.0,0.0,,Ever Bounced,False,0.7,High
PR01094321,0.0,0,15829,804059,SBL,Ever Bounce,True,0,0,0.0,0.0,0.0,,Ever Bounced,False,0.7,High
PR01094771,0.0,0,35570,1696808,ME,Ever Bounce,True,0,0,0.0,0.0,0.0,,Ever Bounced,False,0.7,High
PR01096052,0.0,0,12166,580365,SBL,Ever Bounce,True,0,0,0.0,0.0,0.0,,Ever Bounced,False,0.7,High
PR01103687,0.0,0,14916,774078,ME,Ever Bounce,True,0,0,0.0,0.0,0.0,,Ever Bounced,False,0.7,High
PR01108918,0.0,0,7213,346684,ME,Ever Bounce,True,0,0,0.0,0.0,0.0,,Ever Bounced,False,0.7,High
PR01108947,0.0,0,18019,844884,SBL,Ever Bounce,True,0,0,0.0,0.0,0.0,,Ever Bounced,False,0.7,High
PR01109680,0.0,0,18423,885548,ME,Ever Bounce,True,0,0,0.0,0.0,0.0,,Ever Bounced,False,0.7,High
PR01109856,0.0,0,12639,361962,Micro Loan,Ever Bounce,True,0,0,0.0,0.0,0.0,,Ever Bounced,False,0.7,High
PR01110551,0.0,0,13904,668354,SBL,Ever Bounce,True,0,0,0.0,0.0,0.0,,Ever Bounced,False,0.7,High
PR01110647,0.0,0,12760,365401,Micro Loan,Ever Bounce,True,0,0,0.0,0.0,0.0,,Ever Bounced,False,0.7,High
PR01110698,0.0,0,29374,1916596,ME,Ever Bounce,True,0,0,0.0,0.0,0.0,,Ever Bounced,False,0.7,High
PR01110713,0.0,0,27905,1820738,ME,Ever Bounce,True,0,0,0.0,0.0,0.0,,Ever Bounced,False,0.7,High
PR01110788,0.0,0,21554,1463426,ME,Ever Bounce,True,0,0,0.0,0.0,0.0,,Ever Bounced,False,0.7,High
PR01110812,0.0,0,9055,435262,ME,Ever Bounce,True,0,0,0.0,0.0,0.0,,Ever Bounced,False,0.7,High
PR01110926,0.0,0,9060,122368,Micro Loan,Ever Bounce,True,0,0,0.0,0.0,0.0,,Ever Bounced,False,0.7,High
PR01110937,0.0,0,10677,444414,Micro Loan,Ever Bounce,True,0,0,0.0,0.0,0.0,,Ever Bounced,False,0.7,High
PR01110950,0.0,0,8888,254558,Micro Loan,Ever Bounce,True,0,0,0.0,0.0,0.0,,Ever Bounced,False,0.7,High
PR01110960,0.0,0,20856,1002525,SBL,Ever Bounce,True,0,0,0.0,0.0,0.0,,Ever Bounced,False,0.7,High
PR01111031,0.0,0,12607,530763,Micro Loan,Ever Bounce,True,0,0,0.0,0.0,0.0,,Ever Bounced,False,0.7,High
PR01111078,0.0,0,13514,633674,SBL,Ever Bounce,True,0,0,0.0,0.0,0.0,,Ever Bounced,False,0.7,High
PR01111185,0.0,0,15580,1123136,Home Loan,Ever Bounce,True,0,0,0.0,0.0,0.0,,Ever Bounced,False,0.7,High
PR01111243,0.0,0,12024,344324,Micro Loan,Ever Bounce,True,0,0,0.0,0.0,0.0,,Ever Bounced,False,0.7,High
PR01111304,0.0,0,24200,1223790,SBL,Ever Bounce,True,0,0,0.0,0.0,0.0,,Ever Bounced,False,0.7,High
PR01111432,0.0,0,14415,679566,SBL,Ever Bounce,False,1,0,0.0,1.0,14415.0,2026-09-11 09:52:12,Ever Bounced,False,0.7,High
PR01123658,0.0,0,5318,257577,SBL,Ever Bounce,True,0,0,0.0,0.0,0.0,,Ever Bounced,False,0.7,High
PR01124031,0.0,0,18019,850820,SBL,Ever Bounce,True,0,0,0.0,0.0,0.0,,Ever Bounced,False,0.7,High
PR01124369,0.0,0,16511,799466,SBL,Ever Bounce,True,0,0,0.0,0.0,0.0,,Ever Bounced,False,0.7,High
PR01124863,0.0,0,10335,442862,Micro Loan,Ever Bounce,True,0,0,0.0,0.0,0.0,,Ever Bounced,False,0.7,High
PR01124870,0.0,0,11384,551209,SBL,Ever Bounce,True,0,0,0.0,0.0,0.0,,Ever Bounced,False,0.7,High
PR01124876,0.0,0,10428,504929,SBL,Ever Bounce,True,0,0,0.0,0.0,0.0,,Ever Bounced,False,0.7,High
PR01124880,0.0,0,12098,543827,Micro Loan,Ever Bounce,True,0,0,0.0,0.0,0.0,,Ever Bounced,False,0.7,High
PR01125064,0.0,0,13528,608131,SBL,Ever Bounce,True,0,0,0.0,0.0,0.0,,Ever Bounced,False,0.7,High
PR01125874,0.0,0,17814,841233,SBL,Ever Bounce,True,0,0,0.0,0.0,0.0,,Ever Bounced,False,0.7,High
PR01125914,0.0,0,6201,265719,Micro Loan,Ever Bounce,True,0,0,0.0,0.0,0.0,,Ever Bounced,False,0.7,High
PR01125923,0.0,0,6449,276353,Micro Loan,Ever Bounce,False,1,0,0.0,1.0,6449.0,2026-09-16 17:33:15,Ever Bounced,False,0.7,High
PR01126224,0.0,0,16562,517141,SBL,Ever Bounce,True,0,0,0.0,0.0,0.0,,Ever Bounced,False,0.7,High
PR01126238,0.0,0,12613,595594,SBL,Ever Bounce,True,0,0,0.0,0.0,0.0,,Ever Bounced,False,0.7,High
PR01126581,0.0,0,16751,832149,ME,Ever Bounce,True,0,0,0.0,0.0,0.0,,Ever Bounced,False,0.7,High
PR01126720,0.0,0,16751,832056,SBL,Ever Bounce,True,0,0,0.0,0.0,0.0,,Ever Bounced,False,0.7,High
PR01126852,0.0,0,26635,1889468,ME,Ever Bounce,True,0,0,0.0,0.0,0.0,,Ever Bounced,False,0.7,High
PR01127114,0.0,0,10051,499279,ME,Ever Bounce,True,0,0,0.0,0.0,0.0,,Ever Bounced,False,0.7,High
PR01127208,0.0,0,11630,341099,Micro Loan,Ever Bounce,True,0,0,0.0,0.0,0.0,,Ever Bounced,False,0.7,High
PR01127471,0.0,0,8179,367712,Micro Loan,Ever Bounce,True,0,0,0.0,0.0,0.0,,Ever Bounced,False,0.7,High
PR01127485,0.0,0,27841,1364925,ME,Ever Bounce,True,0,0,0.0,0.0,0.0,,Ever Bounced,False,0.7,High
PR01138273,0.0,0,14923,474401,SBL,Ever Bounce,True,0,0,0.0,0.0,0.0,,Ever Bounced,False,0.7,High
PR01138348,0.0,0,25582,1231345,ME,Ever Bounce,True,0,0,0.0,0.0,0.0,,Ever Bounced,False,0.7,High
PR01138530,0.0,0,26132,1307847,SBL,Ever Bounce,True,0,0,0.0,0.0,0.0,,Ever Bounced,False,0.7,High
PR01140342,0.0,0,22069,701579,SBL,Ever Bounce,True,0,0,0.0,0.0,0.0,,Ever Bounced,False,0.7,High
PR01140613,0.0,0,18195,1242347,ME,Ever Bounce,True,0,0,0.0,0.0,0.0,,Ever Bounced,False,0.7,High
PR01140811,0.0,0,18019,856837,SBL,Ever Bounce,True,0,0,0.0,0.0,0.0,,Ever Bounced,False,0.7,High
PR01142484,0.0,0,13035,635784,SBL,Ever Bounce,True,0,0,0.0,0.0,0.0,,Ever Bounced,False,0.7,High
PR01142843,0.0,0,8881,262955,Micro Loan,Ever Bounce,True,0,0,0.0,0.0,0.0,,Ever Bounced,False,0.7,High
PR01143011,0.0,0,17245,820077,SBL,Ever Bounce,True,0,0,0.0,0.0,0.0,,Ever Bounced,False,0.7,High
PR01143047,0.0,0,15416,680894,SBL,Ever Bounce,False,1,0,0.0,1.0,21248.0,2026-09-12 11:03:39,Ever Bounced,False,0.7,High
PR01143198,0.0,0,27691,2050449,Co-Lending,Ever Bounce,True,0,0,0.0,0.0,0.0,,Ever Bounced,False,0.7,High
PR01143441,0.0,0,10428,508688,ME,Ever Bounce,True,0,0,0.0,0.0,0.0,,Ever Bounced,False,0.7,High
PR01143553,0.0,0,15582,712422,ME,Ever Bounce,True,0,0,0.0,0.0,0.0,,Ever Bounced,False,0.7,High
PR01143595,0.0,0,19928,1469301,Co-Lending,Ever Bounce,True,0,0,0.0,0.0,0.0,,Ever Bounced,False,0.7,High
PR01143731,0.0,0,13514,642639,SBL,Ever Bounce,True,0,0,0.0,0.0,0.0,,Ever Bounced,False,0.7,High
PR01143827,0.0,0,21499,1404842,ME,Ever Bounce,True,0,0,0.0,0.0,0.0,,Ever Bounced,False,0.7,High
PR01144636,0.0,0,12652,621600,SBL,Ever Bounce,True,0,0,0.0,0.0,0.0,,Ever Bounced,False,0.7,High
PR01144797,0.0,0,24840,828102,SBL,Ever Bounce,True,0,0,0.0,0.0,0.0,,Ever Bounced,False,0.7,High
PR01144870,0.0,0,9619,289366,Micro Loan,Ever Bounce,True,0,0,0.0,0.0,0.0,,Ever Bounced,False,0.7,High
PR01145581,0.0,0,13520,964878,ME,Ever Bounce,True,0,0,0.0,0.0,0.0,,Ever Bounced,False,0.7,High
PR01151585,0.0,0,16814,543963,SBL,Ever Bounce,True,0,0,0.0,0.0,0.0,,Ever Bounced,False,0.7,High
PR01153078,0.0,0,19720,981880,ME,Ever Bounce,True,0,0,0.0,0.0,0.0,,Ever Bounced,False,0.7,High
PR01154597,0.0,0,13438,643406,SBL,Ever Bounce,True,0,0,0.0,0.0,0.0,,Ever Bounced,False,0.7,High
PR01155130,0.0,0,12596,378930,Micro Loan,Ever Bounce,True,0,0,0.0,0.0,0.0,,Ever Bounced,False,0.7,High
PR01155136,0.0,0,14612,717780,SBL,Ever Bounce,True,0,0,0.0,0.0,0.0,,Ever Bounced,False,0.7,High
PR01155711,0.0,0,41409,2088241,ME,Ever Bounce,True,0,0,0.0,0.0,0.0,,Ever Bounced,False,0.7,High
PR01155804,0.0,0,14415,690174,SBL,Ever Bounce,True,0,0,0.0,0.0,0.0,,Ever Bounced,False,0.7,High
PR01155851,0.0,0,18392,603952,SBL,Ever Bounce,True,0,0,0.0,0.0,0.0,,Ever Bounced,False,0.7,High
PR01155973,0.0,0,15165,456252,Micro Loan,Ever Bounce,True,0,0,0.0,0.0,0.0,,Ever Bounced,False,0.7,High
PR01156016,0.0,0,12855,203064,ME,Ever Bounce,True,0,0,0.0,0.0,0.0,,Ever Bounced,False,0.7,High
PR01156054,0.0,0,16217,776436,SBL,Ever Bounce,True,0,0,0.0,0.0,0.0,,Ever Bounced,False,0.7,High
PR01156074,0.0,0,15746,793903,SBL,Ever Bounce,True,0,0,0.0,0.0,0.0,,Ever Bounced,False,0.7,High
PR01156083,0.0,0,21622,1035290,SBL,Ever Bounce,True,0,0,0.0,0.0,0.0,,Ever Bounced,False,0.7,High
PR01156181,0.0,0,16349,536816,SBL,Ever Bounce,True,0,0,0.0,0.0,0.0,,Ever Bounced,False,0.7,High
PR01156662,0.0,0,18863,903146,SBL,Ever Bounce,True,0,0,0.0,0.0,0.0,,Ever Bounced,False,0.7,High
PR01157255,0.0,0,14428,434076,Micro Loan,Ever Bounce,True,0,0,0.0,0.0,0.0,,Ever Bounced,False,0.7,High
PR01157277,0.0,0,16397,785074,SBL,Ever Bounce,True,0,0,0.0,0.0,0.0,,Ever Bounced,False,0.7,High
PR01157370,0.0,0,18195,1245842,ME,Ever Bounce,True,0,0,0.0,0.0,0.0,,Ever Bounced,False,0.7,High
PR01157429,0.0,0,12973,600532,Co-Lending,Ever Bounce,True,0,0,0.0,0.0,0.0,,Ever Bounced,False,0.7,High
PR01157478,0.0,0,24650,1820031,Co-Lending,Ever Bounce,True,0,0,0.0,0.0,0.0,,Ever Bounced,False,0.7,High
PR01161935,0.0,0,34235,1584488,Co-Lending,Ever Bounce,True,0,0,0.0,0.0,0.0,,Ever Bounced,False,0.7,High
PR01165165,0.0,0,12340,610401,SBL,Ever Bounce,True,0,0,0.0,0.0,0.0,,Ever Bounced,False,0.7,High
PR01168235,0.0,0,11713,363086,Micro Loan,Ever Bounce,True,0,0,0.0,0.0,0.0,,Ever Bounced,False,0.7,High
PR01169579,0.0,0,17765,567188,SBL,Ever Bounce,True,0,0,0.0,0.0,0.0,,Ever Bounced,False,0.7,High
PR01169618,0.0,0,21622,1042286,SBL,Ever Bounce,True,0,0,0.0,0.0,0.0,,Ever Bounced,False,0.7,High
PR01170752,0.0,0,23120,760699,SBL,Ever Bounce,True,0,0,0.0,0.0,0.0,,Ever Bounced,False,0.7,High
PR01171116,0.0,0,20069,1318348,ME,Ever Bounce,True,0,0,0.0,0.0,0.0,,Ever Bounced,False,0.7,High
PR01171151,0.0,0,12793,616725,ME,Ever Bounce,True,0,0,0.0,0.0,0.0,,Ever Bounced,False,0.7,High
PR01171169,0.0,0,14138,681474,SBL,Ever Bounce,True,0,0,0.0,0.0,0.0,,Ever Bounced,False,0.7,High
PR01171207,0.0,0,47389,3359940,Co-Lending,Ever Bounce,True,0,0,0.0,0.0,0.0,,Ever Bounced,False,0.7,High
PR01171219,0.0,0,17484,864969,ME,Ever Bounce,True,0,0,0.0,0.0,0.0,,Ever Bounced,False,0.7,High
PR01171232,0.0,0,14335,941674,ME,Ever Bounce,True,0,0,0.0,0.0,0.0,,Ever Bounced,False,0.7,High
PR01171299,0.0,0,6615,303205,Micro Loan,Ever Bounce,True,0,0,0.0,0.0,0.0,,Ever Bounced,False,0.7,High
PR01171409,0.0,0,16795,1126370,ME,Ever Bounce,True,0,0,0.0,0.0,0.0,,Ever Bounced,False,0.7,High
PR01171510,0.0,0,34088,2148524,Co-Lending,Ever Bounce,True,0,0,0.0,0.0,0.0,,Ever Bounced,False,0.7,High
PR01171969,0.0,0,14095,222398,Micro Loan,Ever Bounce,True,0,0,0.0,0.0,0.0,,Ever Bounced,False,0.7,High
PR01172079,0.0,0,15624,753085,SBL,Ever Bounce,True,0,0,0.0,0.0,0.0,,Ever Bounced,False,0.7,High
PR01172199,0.0,0,15592,513344,ME,Ever Bounce,True,0,0,0.0,0.0,0.0,,Ever Bounced,False,0.7,High
PR01172229,0.0,0,13813,217958,Micro Loan,Ever Bounce,True,0,0,0.0,0.0,0.0,,Ever Bounced,False,0.7,High
PR01172250,0.0,0,12613,592175,SBL,Ever Bounce,True,0,0,0.0,0.0,0.0,,Ever Bounced,False,0.7,High
PR01172425,0.0,0,16514,1154881,ME,Ever Bounce,True,0,0,0.0,0.0,0.0,,Ever Bounced,False,0.7,High
PR01172477,0.0,0,18019,845931,SBL,Ever Bounce,True,0,0,0.0,0.0,0.0,,Ever Bounced,False,0.7,High
PR01172584,0.0,0,24019,1702975,Co-Lending,Ever Bounce,True,0,0,0.0,0.0,0.0,,Ever Bounced,False,0.7,High
PR01172700,0.0,0,21777,1077941,ME,Ever Bounce,True,0,0,0.0,0.0,0.0,,Ever Bounced,False,0.7,High
PR01172730,0.0,0,16813,789361,SBL,Ever Bounce,True,0,0,0.0,0.0,0.0,,Ever Bounced,False,0.7,High
PR01172733,0.0,0,18249,879529,SBL,Ever Bounce,True,0,0,0.0,0.0,0.0,,Ever Bounced,False,0.7,High
PR01173047,0.0,0,16398,492145,Micro Loan,Ever Bounce,True,0,0,0.0,0.0,0.0,,Ever Bounced,False,0.7,High
PR01173911,0.0,0,51933,3684159,Co-Lending,Ever Bounce,True,0,0,0.0,0.0,0.0,,Ever Bounced,False,0.7,High
PR01173984,0.0,0,9173,664936,Co-Lending,Ever Bounce,True,0,0,0.0,0.0,0.0,,Ever Bounced,False,0.7,High
PR01174020,0.0,0,15183,1100579,Co-Lending,Ever Bounce,True,0,0,0.0,0.0,0.0,,Ever Bounced,False,0.7,High
PR01174175,0.0,0,7918,416596,Co-Lending,Ever Bounce,True,0,0,0.0,0.0,0.0,,Ever Bounced,False,0.7,High
PR01174900,0.0,0,21509,1559173,Co-Lending,Ever Bounce,True,0,0,0.0,0.0,0.0,,Ever Bounced,False,0.7,High
PR01182545,0.0,0,12745,382529,Micro Loan,Ever Bounce,True,0,0,0.0,0.0,0.0,,Ever Bounced,False,0.7,High
PR01186038,0.0,0,18249,885634,SBL,Ever Bounce,True,0,0,0.0,0.0,0.0,,Ever Bounced,False,0.7,High
PR01186818,0.0,0,15988,502649,SBL,Ever Bounce,True,0,0,0.0,0.0,0.0,,Ever Bounced,False,0.7,High
PR01187090,0.0,0,18392,606281,SBL,Ever Bounce,True,0,0,0.0,0.0,0.0,,Ever Bounced,False,0.7,High
PR01187580,0.0,0,16814,545509,SBL,Ever Bounce,True,0,0,0.0,0.0,0.0,,Ever Bounced,False,0.7,High
PR01187897,0.0,0,7379,224904,Micro Loan,Ever Bounce,True,0,0,0.0,0.0,0.0,,Ever Bounced,False,0.7,High
PR01188316,0.0,0,23793,1599992,ME,Ever Bounce,True,0,0,0.0,0.0,0.0,,Ever Bounced,False,0.7,High
PR01188454,0.0,0,32833,1633745,ME,Ever Bounce,True,0,0,0.0,0.0,0.0,,Ever Bounced,False,0.7,High
PR01188491,0.0,0,14428,433064,Micro Loan,Ever Bounce,True,0,0,0.0,0.0,0.0,,Ever Bounced,False,0.7,High
PR01188584,0.0,0,15395,1035314,ME,Ever Bounce,True,0,0,0.0,0.0,0.0,,Ever Bounced,False,0.7,High
PR01188809,0.0,0,14790,1083232,Co-Lending,Ever Bounce,True,0,0,0.0,0.0,0.0,,Ever Bounced,False,0.7,High
PR01188871,0.0,0,20716,1046926,ME,Ever Bounce,True,0,0,0.0,0.0,0.0,,Ever Bounced,False,0.7,High
PR01189322,0.0,0,12613,596121,SBL,Ever Bounce,True,0,0,0.0,0.0,0.0,,Ever Bounced,False,0.7,High
PR01189343,0.0,0,4124,277326,ME,Ever Bounce,True,0,0,0.0,0.0,0.0,,Ever Bounced,False,0.7,High
PR01189487,0.0,0,14556,978801,ME,Ever Bounce,True,0,0,0.0,0.0,0.0,,Ever Bounced,False,0.7,High
PR01189966,0.0,0,9856,465253,ME,Ever Bounce,False,1,0,0.0,1.0,9856.0,2026-09-16 07:27:55,Ever Bounced,False,0.7,High
PR01190414,0.0,0,11387,815815,Co-Lending,Ever Bounce,True,0,0,0.0,0.0,0.0,,Ever Bounced,False,0.7,High
PR01203123,0.0,0,13026,433304,SBL,Ever Bounce,True,0,0,0.0,0.0,0.0,,Ever Bounced,False,0.7,High
PR01204381,0.0,0,16833,512197,Micro Loan,Ever Bounce,True,0,0,0.0,0.0,0.0,,Ever Bounced,False,0.7,High
PR01205831,0.0,0,14808,743060,ME,Ever Bounce,True,0,0,0.0,0.0,0.0,,Ever Bounced,False,0.7,High
PR01205870,0.0,0,18878,898023,SBL,Ever Bounce,True,0,0,0.0,0.0,0.0,,Ever Bounced,False,0.7,High
PR01205891,0.0,0,25814,1332205,ME,Ever Bounce,True,0,0,0.0,0.0,0.0,,Ever Bounced,False,0.7,High
PR01206614,0.0,0,18019,856596,SBL,Ever Bounce,True,0,0,0.0,0.0,0.0,,Ever Bounced,False,0.7,High
PR01206831,0.0,0,3287,101507,Micro Loan,Ever Bounce,True,0,0,0.0,0.0,0.0,,Ever Bounced,False,0.7,High
PR01207012,0.0,0,18916,623178,SBL,Ever Bounce,True,0,0,0.0,0.0,0.0,,Ever Bounced,False,0.7,High
PR01207138,0.0,0,24332,1187416,SBL,Ever Bounce,True,0,0,0.0,0.0,0.0,,Ever Bounced,False,0.7,High
PR01207180,0.0,0,20994,1415494,ME,Ever Bounce,True,0,0,0.0,0.0,0.0,,Ever Bounced,False,0.7,High
PR01207187,0.0,0,12861,628018,SBL,Ever Bounce,False,1,0,0.0,1.0,12861.0,2026-09-10 20:44:49,Ever Bounced,False,0.7,High
PR01207522,0.0,0,21694,1461888,ME,Ever Bounce,True,0,0,0.0,0.0,0.0,,Ever Bounced,False,0.7,High
PR01207850,0.0,0,6306,299844,ME,Ever Bounce,True,0,0,0.0,0.0,0.0,,Ever Bounced,False,0.7,High
PR01207883,0.0,0,21149,1018948,SBL,Ever Bounce,True,0,0,0.0,0.0,0.0,,Ever Bounced,False,0.7,High
PR01208168,0.0,0,33392,1722315,ME,Ever Bounce,True,0,0,0.0,0.0,0.0,,Ever Bounced,False,0.7,High
PR01208233,0.0,0,35997,2609514,Co-Lending,Ever Bounce,True,0,0,0.0,0.0,0.0,,Ever Bounced,False,0.7,High
PR01208265,0.0,0,14696,990308,ME,Ever Bounce,True,0,0,0.0,0.0,0.0,,Ever Bounced,False,0.7,High
PR01208362,0.0,0,25383,1352171,Co-Lending,Ever Bounce,True,0,0,0.0,0.0,0.0,,Ever Bounced,False,0.7,High
PR01208510,0.0,0,24213,1630849,ME,Ever Bounce,True,0,0,0.0,0.0,0.0,,Ever Bounced,False,0.7,High
PR01208569,0.0,0,28282,1507397,ME,Ever Bounce,True,0,0,0.0,0.0,0.0,,Ever Bounced,False,0.7,High
PR01208589,0.0,0,14022,984636,Co-Lending,Ever Bounce,True,0,0,0.0,0.0,0.0,,Ever Bounced,False,0.7,High
PR01208615,0.0,0,20856,1017784,SBL,Ever Bounce,True,0,0,0.0,0.0,0.0,,Ever Bounced,False,0.7,High
PR01208714,0.0,0,35183,1866043,ME,Ever Bounce,True,0,0,0.0,0.0,0.0,,Ever Bounced,False,0.7,High
PR01208882,0.0,0,16667,792455,ME,Ever Bounce,True,0,0,0.0,0.0,0.0,,Ever Bounced,False,0.7,High
PR01220119,0.0,0,17865,581563,SBL,Ever Bounce,True,0,0,0.0,0.0,0.0,,Ever Bounced,False,0.7,High
PR01220831,0.0,0,6453,459990,Co-Lending,Ever Bounce,True,0,0,0.0,0.0,0.0,,Ever Bounced,False,0.7,High
PR01222144,0.0,0,16655,524308,SBL,Ever Bounce,True,0,0,0.0,0.0,0.0,,Ever Bounced,False,0.7,High
PR01222303,0.0,0,6083,291976,SBL,Ever Bounce,True,0,0,0.0,0.0,0.0,,Ever Bounced,False,0.7,High
PR01222963,0.0,0,16655,524308,SBL,Ever Bounce,True,0,0,0.0,0.0,0.0,,Ever Bounced,False,0.7,High
PR01223678,0.0,0,19998,1267057,Co-Lending,Ever Bounce,True,0,0,0.0,0.0,0.0,,Ever Bounced,False,0.7,High
PR01223727,0.0,0,14821,254272,Micro Loan,Ever Bounce,True,0,0,0.0,0.0,0.0,,Ever Bounced,False,0.7,High
PR01223731,0.0,0,16814,547354,SBL,Ever Bounce,True,0,0,0.0,0.0,0.0,,Ever Bounced,False,0.7,High
PR01223756,0.0,0,17747,900683,ME,Ever Bounce,True,0,0,0.0,0.0,0.0,,Ever Bounced,False,0.7,High
PR01223785,0.0,0,14646,684079,SBL,Ever Bounce,True,0,0,0.0,0.0,0.0,,Ever Bounced,False,0.7,High
PR01223791,0.0,0,7243,338345,SBL,Ever Bounce,True,0,0,0.0,0.0,0.0,,Ever Bounced,False,0.7,High
PR01224193,0.0,0,9097,601530,ME,Ever Bounce,True,0,0,0.0,0.0,0.0,,Ever Bounced,False,0.7,High
PR01224574,0.0,0,18739,875264,SBL,Ever Bounce,True,0,0,0.0,0.0,0.0,,Ever Bounced,False,0.7,High
PR01224735,0.0,0,18019,841560,SBL,Ever Bounce,True,0,0,0.0,0.0,0.0,,Ever Bounced,False,0.7,High
PR01224842,0.0,0,16206,518771,SBL,Ever Bounce,True,0,0,0.0,0.0,0.0,,Ever Bounced,False,0.7,High
PR01225357,0.0,0,13514,631187,SBL,Ever Bounce,True,0,0,0.0,0.0,0.0,,Ever Bounced,False,0.7,High
PR01225522,0.0,0,12596,832882,ME,Ever Bounce,True,0,0,0.0,0.0,0.0,,Ever Bounced,False,0.7,High
PR01225770,0.0,0,16795,1110491,ME,Ever Bounce,False,1,0,0.0,1.0,16795.0,2026-09-16 17:59:56,Ever Bounced,False,0.7,High
PR01225791,0.0,0,13340,546452,Micro Loan,Ever Bounce,True,0,0,0.0,0.0,0.0,,Ever Bounced,False,0.7,High
PR01225794,0.0,0,15988,503378,SBL,Ever Bounce,True,0,0,0.0,0.0,0.0,,Ever Bounced,False,0.7,High
PR01225914,0.0,0,23093,1526928,ME,Ever Bounce,True,0,0,0.0,0.0,0.0,,Ever Bounced,False,0.7,High
PR01226296,0.0,0,11406,353213,Micro Loan,Ever Bounce,True,0,0,0.0,0.0,0.0,,Ever Bounced,False,0.7,High
PR01226404,0.0,0,7845,195384,Micro Loan,Ever Bounce,True,0,0,0.0,0.0,0.0,,Ever Bounced,False,0.7,High
PR01226740,0.0,0,29040,1473876,ME,Ever Bounce,True,0,0,0.0,0.0,0.0,,Ever Bounced,False,0.7,High
PR01227257,0.0,0,19681,1233730,Co-Lending,Ever Bounce,True,0,0,0.0,0.0,0.0,,Ever Bounced,False,0.7,High
PR01227416,0.0,0,30654,1002292,Co-Lending,Ever Bounce,True,0,0,0.0,0.0,0.0,,Ever Bounced,False,0.7,High
PR01227456,0.0,0,20856,1001068,SBL,Ever Bounce,True,0,0,0.0,0.0,0.0,,Ever Bounced,False,0.7,High
PR01238966,0.0,0,16206,526639,SBL,Ever Bounce,False,1,0,0.0,1.0,16206.0,2026-09-16 16:46:12,Ever Bounced,False,0.7,High
PR01239864,0.0,0,15642,755736,ME,Ever Bounce,True,0,0,0.0,0.0,0.0,,Ever Bounced,False,0.7,High
PR01240904,0.0,0,18739,880791,SBL,Ever Bounce,True,0,0,0.0,0.0,0.0,,Ever Bounced,False,0.7,High
PR01241345,0.0,0,18739,880791,SBL,Ever Bounce,True,0,0,0.0,0.0,0.0,,Ever Bounced,False,0.7,High
PR01242993,0.0,0,12340,596179,SBL,Ever Bounce,True,0,0,0.0,0.0,0.0,,Ever Bounced,False,0.7,High
PR01243002,0.0,0,5460,256588,ME,Ever Bounce,True,0,0,0.0,0.0,0.0,,Ever Bounced,False,0.7,High
PR01243014,0.0,0,19877,657027,SBL,Ever Bounce,False,1,0,0.0,1.0,19900.0,2026-09-16 17:47:20,Ever Bounced,False,0.7,High
PR01243118,0.0,0,12969,927704,Co-Lending,Ever Bounce,True,0,0,0.0,0.0,0.0,,Ever Bounced,False,0.7,High
PR01243392,0.0,0,15033,726377,SBL,Ever Bounce,True,0,0,0.0,0.0,0.0,,Ever Bounced,False,0.7,High
PR01243808,0.0,0,14425,696974,SBL,Ever Bounce,True,0,0,0.0,0.0,0.0,,Ever Bounced,False,0.7,High
PR01243844,0.0,0,12402,523957,SBL,Ever Bounce,True,0,0,0.0,0.0,0.0,,Ever Bounced,False,0.7,High
PR01243861,0.0,0,12024,365353,Micro Loan,Ever Bounce,False,1,0,0.0,1.0,12024.0,2026-09-10 20:56:08,Ever Bounced,False,0.7,High
PR01243963,0.0,0,13995,606929,SBL,Ever Bounce,True,0,0,0.0,0.0,0.0,,Ever Bounced,False,0.7,High
PR01244174,0.0,0,24200,1236970,ME,Ever Bounce,True,0,0,0.0,0.0,0.0,,Ever Bounced,False,0.7,High
PR01244686,0.0,0,24846,1269920,ME,Ever Bounce,True,0,0,0.0,0.0,0.0,,Ever Bounced,False,0.7,High
PR01244789,0.0,0,11084,520960,SBL,Ever Bounce,True,0,0,0.0,0.0,0.0,,Ever Bounced,False,0.7,High
PR01244823,0.0,0,25305,1810167,Co-Lending,Ever Bounce,True,0,0,0.0,0.0,0.0,,Ever Bounced,False,0.7,High
PR01244837,0.0,0,14056,434240,Micro Loan,Ever Bounce,True,0,0,0.0,0.0,0.0,,Ever Bounced,False,0.7,High
PR01244945,0.0,0,19882,960667,SBL,Ever Bounce,True,0,0,0.0,0.0,0.0,,Ever Bounced,False,0.7,High
PR01244974,0.0,0,22648,1125253,SBL,Ever Bounce,True,0,0,0.0,0.0,0.0,,Ever Bounced,False,0.7,High
PR01244996,0.0,0,12985,394633,Micro Loan,Ever Bounce,True,0,0,0.0,0.0,0.0,,Ever Bounced,False,0.7,High
PR01245002,0.0,0,16857,1154024,ME,Ever Bounce,True,0,0,0.0,0.0,0.0,,Ever Bounced,False,0.7,High
PR01245206,0.0,0,19118,923675,SBL,Ever Bounce,True,0,0,0.0,0.0,0.0,,Ever Bounced,False,0.7,High
PR01245283,0.0,0,33503,1664575,SBL,Ever Bounce,True,0,0,0.0,0.0,0.0,,Ever Bounced,False,0.7,High
PR01246574,0.0,0,26251,880801,SBL,Ever Bounce,True,0,0,0.0,0.0,0.0,,Ever Bounced,False,0.7,High
PR01246860,0.0,0,36314,1765867,SBL,Ever Bounce,True,0,0,0.0,0.0,0.0,,Ever Bounced,False,0.7,High
PR01248537,0.0,0,12652,906974,Co-Lending,Ever Bounce,True,0,0,0.0,0.0,0.0,,Ever Bounced,False,0.7,High
PR01250299,0.0,0,17380,845117,SBL,Ever Bounce,True,0,0,0.0,0.0,0.0,,Ever Bounced,False,0.7,High
PR01254042,0.0,0,8426,263912,ME,Ever Bounce,True,0,0,0.0,0.0,0.0,,Ever Bounced,False,0.7,High
PR01257810,0.0,0,19326,865435,SBL,Ever Bounce,True,0,0,0.0,0.0,0.0,,Ever Bounced,False,0.7,High
PR01258221,0.0,0,20181,954382,ME,Ever Bounce,True,0,0,0.0,0.0,0.0,,Ever Bounced,False,0.7,High
PR01258263,0.0,0,16814,564182,SBL,Ever Bounce,True,0,0,0.0,0.0,0.0,,Ever Bounced,False,0.7,High
PR01259061,0.0,0,13791,988590,Co-Lending,Ever Bounce,True,0,0,0.0,0.0,0.0,,Ever Bounced,False,0.7,High
PR01259134,0.0,0,19118,929623,SBL,Ever Bounce,True,0,0,0.0,0.0,0.0,,Ever Bounced,False,0.7,High
PR01259664,0.0,0,14934,687123,SBL,Ever Bounce,True,0,0,0.0,0.0,0.0,,Ever Bounced,False,0.7,High
PR01259809,0.0,0,15136,715772,SBL,Ever Bounce,True,0,0,0.0,0.0,0.0,,Ever Bounced,False,0.7,High
PR01260054,0.0,0,11713,366865,Micro Loan,Ever Bounce,True,0,0,0.0,0.0,0.0,,Ever Bounced,False,0.7,High
PR01260097,0.0,0,15460,692391,SBL,Ever Bounce,True,0,0,0.0,0.0,0.0,,Ever Bounced,False,0.7,High
PR01260104,0.0,0,17286,570026,SBL,Ever Bounce,True,0,0,0.0,0.0,0.0,,Ever Bounced,False,0.7,High
PR01260153,0.0,0,15544,503809,Micro Loan,Ever Bounce,True,0,0,0.0,0.0,0.0,,Ever Bounced,False,0.7,High
PR01260183,0.0,0,13621,662378,SBL,Ever Bounce,True,0,0,0.0,0.0,0.0,,Ever Bounced,False,0.7,High
PR01260235,0.0,0,9956,311838,Micro Loan,Ever Bounce,True,0,0,0.0,0.0,0.0,,Ever Bounced,False,0.7,High
PR01260260,0.0,0,13513,639077,SBL,Ever Bounce,True,0,0,0.0,0.0,0.0,,Ever Bounced,False,0.7,High
PR01260353,0.0,0,15817,748062,SBL,Ever Bounce,True,0,0,0.0,0.0,0.0,,Ever Bounced,False,0.7,High
PR01260386,0.0,0,15544,503809,SBL,Ever Bounce,True,0,0,0.0,0.0,0.0,,Ever Bounced,False,0.7,High
PR01260390,0.0,0,21012,1236060,ME,Ever Bounce,True,0,0,0.0,0.0,0.0,,Ever Bounced,False,0.7,High
PR01260414,0.0,0,27265,1911325,Co-Lending,Ever Bounce,True,0,0,0.0,0.0,0.0,,Ever Bounced,False,0.7,High
PR01260433,0.0,0,25966,1820329,Co-Lending,Ever Bounce,True,0,0,0.0,0.0,0.0,,Ever Bounced,False,0.7,High
PR01260446,0.0,0,25193,1674290,ME,Ever Bounce,True,0,0,0.0,0.0,0.0,,Ever Bounced,False,0.7,High
PR01260465,0.0,0,13035,633839,SBL,Ever Bounce,True,0,0,0.0,0.0,0.0,,Ever Bounced,False,0.7,High
PR01260489,0.0,0,18509,900080,SBL,Ever Bounce,True,0,0,0.0,0.0,0.0,,Ever Bounced,False,0.7,High
PR01260503,0.0,0,14416,958066,ME,Ever Bounce,True,0,0,0.0,0.0,0.0,,Ever Bounced,False,0.7,High
PR01260732,0.0,0,26070,1267671,SBL,Ever Bounce,True,0,0,0.0,0.0,0.0,,Ever Bounced,False,0.7,High
PR01260756,0.0,0,28477,1424401,SBL,Ever Bounce,True,0,0,0.0,0.0,0.0,,Ever Bounced,False,0.7,High
PR01260784,0.0,0,21622,1022585,SBL,Ever Bounce,True,0,0,0.0,0.0,0.0,,Ever Bounced,False,0.7,High
PR01274225,0.0,0,22142,1592539,Co-Lending,Ever Bounce,True,0,0,0.0,0.0,0.0,,Ever Bounced,False,0.7,High
PR01274323,0.0,0,50087,2184963,Co-Lending,Ever Bounce,True,0,0,0.0,0.0,0.0,,Ever Bounced,False,0.7,High
PR01276530,0.0,0,22487,1069913,SBL,Ever Bounce,True,0,0,0.0,0.0,0.0,,Ever Bounced,False,0.7,High
PR01276587,0.0,0,14686,718632,SBL,Ever Bounce,True,0,0,0.0,0.0,0.0,,Ever Bounced,False,0.7,High
PR01276613,0.0,0,12884,408958,Micro Loan,Ever Bounce,False,1,0,0.0,1.0,12884.0,2026-09-15 19:08:07,Ever Bounced,False,0.7,High
PR01276642,0.0,0,26070,1275669,SBL,Ever Bounce,True,0,0,0.0,0.0,0.0,,Ever Bounced,False,0.7,High
PR01276658,0.0,0,12024,375114,SBL,Ever Bounce,True,0,0,0.0,0.0,0.0,,Ever Bounced,False,0.7,High
PR01277236,0.0,0,15531,718774,SBL,Ever Bounce,True,0,0,0.0,0.0,0.0,,Ever Bounced,False,0.7,High
PR01277614,0.0,0,10361,506993,SBL,Ever Bounce,True,0,0,0.0,0.0,0.0,,Ever Bounced,False,0.7,High
PR01277616,0.0,0,12166,595313,SBL,Ever Bounce,True,0,0,0.0,0.0,0.0,,Ever Bounced,False,0.7,High
PR01277643,0.0,0,5622,267468,ME,Ever Bounce,True,0,0,0.0,0.0,0.0,,Ever Bounced,False,0.7,High
PR01278227,0.0,0,15120,738103,SBL,Ever Bounce,True,0,0,0.0,0.0,0.0,,Ever Bounced,False,0.7,High
PR01278432,0.0,0,29190,1557642,ME,Ever Bounce,True,0,0,0.0,0.0,0.0,,Ever Bounced,False,0.7,High
PR01278438,0.0,0,15254,641156,ME,Ever Bounce,True,0,0,0.0,0.0,0.0,,Ever Bounced,False,0.7,High
PR01278489,0.0,0,26070,1275669,SBL,Ever Bounce,True,0,0,0.0,0.0,0.0,,Ever Bounced,False,0.7,High
PR01278528,0.0,0,11713,371762,Micro Loan,Ever Bounce,True,0,0,0.0,0.0,0.0,,Ever Bounced,False,0.7,High
PR01278622,0.0,0,13662,465057,SBL,Ever Bounce,True,0,0,0.0,0.0,0.0,,Ever Bounced,False,0.7,High
PR01278948,0.0,0,18249,892969,ME,Ever Bounce,True,0,0,0.0,0.0,0.0,,Ever Bounced,False,0.7,High
PR01279160,0.0,0,18644,1282652,Co-Lending,Ever Bounce,True,0,0,0.0,0.0,0.0,,Ever Bounced,False,0.7,High
PR01279337,0.0,0,19986,656742,SBL,Ever Bounce,True,0,0,0.0,0.0,0.0,,Ever Bounced,False,0.7,High
PR01279485,0.0,0,21608,722674,SBL,Ever Bounce,True,0,0,0.0,0.0,0.0,,Ever Bounced,False,0.7,High
PR01279684,0.0,0,14415,685829,SBL,Ever Bounce,True,0,0,0.0,0.0,0.0,,Ever Bounced,False,0.7,High
PR01279717,0.0,0,25823,1338219,ME,Ever Bounce,True,0,0,0.0,0.0,0.0,,Ever Bounced,False,0.7,High
PR01279754,0.0,0,5660,351800,Co-Lending,Ever Bounce,True,0,0,0.0,0.0,0.0,,Ever Bounced,False,0.7,High
PR01279770,0.0,0,9797,652770,ME,Ever Bounce,True,0,0,0.0,0.0,0.0,,Ever Bounced,False,0.7,High
PR01279777,0.0,0,17042,1160180,Home Loan,Ever Bounce,True,0,0,0.0,0.0,0.0,,Ever Bounced,False,0.7,High
PR01279787,0.0,0,21622,1028775,SBL,Ever Bounce,True,0,0,0.0,0.0,0.0,,Ever Bounced,False,0.7,High
PR01279863,0.0,0,14509,502858,SBL,Ever Bounce,True,0,0,0.0,0.0,0.0,,Ever Bounced,False,0.7,High
PR01279891,0.0,0,18858,711780,SBL,Ever Bounce,True,0,0,0.0,0.0,0.0,,Ever Bounced,False,0.7,High
PR01279955,0.0,0,19360,1003296,ME,Ever Bounce,True,0,0,0.0,0.0,0.0,,Ever Bounced,False,0.7,High
PR01279983,0.0,0,3126,97546,Micro Loan,Ever Bounce,True,0,0,0.0,0.0,0.0,,Ever Bounced,False,0.7,High
PR01280022,0.0,0,10073,319726,Micro Loan,Ever Bounce,True,0,0,0.0,0.0,0.0,,Ever Bounced,False,0.7,High
PR01280117,0.0,0,34829,1753525,ME,Ever Bounce,True,0,0,0.0,0.0,0.0,,Ever Bounced,False,0.7,High
PR01280147,0.0,0,8507,163956,Micro Loan,Ever Bounce,True,0,0,0.0,0.0,0.0,,Ever Bounced,False,0.7,High
PR01280166,0.0,0,18735,956901,ME,Ever Bounce,True,0,0,0.0,0.0,0.0,,Ever Bounced,False,0.7,High
PR01280416,0.0,0,20430,972015,SBL,Ever Bounce,True,0,0,0.0,0.0,0.0,,Ever Bounced,False,0.7,High
PR01280906,0.0,0,27028,1285933,SBL,Ever Bounce,True,0,0,0.0,0.0,0.0,,Ever Bounced,False,0.7,High
PR01281016,0.0,0,15468,756902,SBL,Ever Bounce,True,0,0,0.0,0.0,0.0,,Ever Bounced,False,0.7,High
PR01281035,0.0,0,6757,321489,ME,Ever Bounce,True,0,0,0.0,0.0,0.0,,Ever Bounced,False,0.7,High
PR01282428,0.0,0,10902,784507,Co-Lending,Ever Bounce,True,0,0,0.0,0.0,0.0,,Ever Bounced,False,0.7,High
PR01288632,0.0,0,25814,1346679,ME,Ever Bounce,True,0,0,0.0,0.0,0.0,,Ever Bounced,False,0.7,High
PR01294643,0.0,0,7908,389341,SBL,Ever Bounce,True,0,0,0.0,0.0,0.0,,Ever Bounced,False,0.7,High
PR01295315,0.0,0,6487,310442,ME,Ever Bounce,True,0,0,0.0,0.0,0.0,,Ever Bounced,False,0.7,High
PR01296420,0.0,0,22122,1073859,SBL,Ever Bounce,True,0,0,0.0,0.0,0.0,,Ever Bounced,False,0.7,High
PR01296654,0.0,0,13995,616707,SBL,Ever Bounce,True,0,0,0.0,0.0,0.0,,Ever Bounced,False,0.7,High
PR01297140,0.0,0,18799,637426,SBL,Ever Bounce,True,0,0,0.0,0.0,0.0,,Ever Bounced,False,0.7,High
PR01297613,0.0,0,15126,512856,SBL,Ever Bounce,True,0,0,0.0,0.0,0.0,,Ever Bounced,False,0.7,High
PR01297832,0.0,0,10371,692702,ME,Ever Bounce,True,0,0,0.0,0.0,0.0,,Ever Bounced,False,0.7,High
PR01297842,0.0,0,13178,416343,Micro Loan,Ever Bounce,True,0,0,0.0,0.0,0.0,,Ever Bounced,False,0.7,High
PR01297847,0.0,0,17208,1125020,Co-Lending,Ever Bounce,True,0,0,0.0,0.0,0.0,,Ever Bounced,False,0.7,High
PR01297862,0.0,0,7199,344577,SBL,Ever Bounce,True,0,0,0.0,0.0,0.0,,Ever Bounced,False,0.7,High
PR01297881,0.0,0,16206,549513,SBL,Ever Bounce,True,0,0,0.0,0.0,0.0,,Ever Bounced,False,0.7,High
PR01297907,0.0,0,12166,598993,SBL,Ever Bounce,True,0,0,0.0,0.0,0.0,,Ever Bounced,False,0.7,High
PR01297919,0.0,0,8108,388087,ME,Ever Bounce,True,0,0,0.0,0.0,0.0,,Ever Bounced,False,0.7,High
PR01297939,0.0,0,21018,725625,SBL,Ever Bounce,True,0,0,0.0,0.0,0.0,,Ever Bounced,False,0.7,High
PR01298032,0.0,0,14991,717518,SBL,Ever Bounce,True,0,0,0.0,0.0,0.0,,Ever Bounced,False,0.7,High
PR01298254,0.0,0,6847,327710,ME,Ever Bounce,True,0,0,0.0,0.0,0.0,,Ever Bounced,False,0.7,High
PR01298500,0.0,0,14509,510140,SBL,Ever Bounce,True,0,0,0.0,0.0,0.0,,Ever Bounced,False,0.7,High
PR01298502,0.0,0,13456,643968,SBL,Ever Bounce,True,0,0,0.0,0.0,0.0,,Ever Bounced,False,0.7,High
PR01298598,0.0,0,15301,528260,SBL,Ever Bounce,True,0,0,0.0,0.0,0.0,,Ever Bounced,False,0.7,High
PR01298854,0.0,0,26060,1247249,ME,Ever Bounce,True,0,0,0.0,0.0,0.0,,Ever Bounced,False,0.7,High
PR01299483,0.0,0,15763,544243,SBL,Ever Bounce,True,0,0,0.0,0.0,0.0,,Ever Bounced,False,0.7,High
PR01299486,0.0,0,19297,703850,ME,Ever Bounce,True,0,0,0.0,0.0,0.0,,Ever Bounced,False,0.7,High
PR01299578,0.0,0,14154,677397,SBL,Ever Bounce,False,1,0,0.0,1.0,14154.0,2026-09-16 10:33:29,Ever Bounced,False,0.7,High
PR01299637,0.0,0,10131,320111,Micro Loan,Ever Bounce,True,0,0,0.0,0.0,0.0,,Ever Bounced,False,0.7,High
PR01299644,0.0,0,15126,512856,SBL,Ever Bounce,True,0,0,0.0,0.0,0.0,,Ever Bounced,False,0.7,High
PR01299815,0.0,0,20370,1470027,Co-Lending,Ever Bounce,True,0,0,0.0,0.0,0.0,,Ever Bounced,False,0.7,High
PR01299830,0.0,0,9318,619795,Co-Lending,Ever Bounce,True,0,0,0.0,0.0,0.0,,Ever Bounced,False,0.7,High
PR01299859,0.0,0,42195,2977288,Co-Lending,Ever Bounce,False,1,0,0.0,1.0,42195.0,2026-09-11 17:38:31,Ever Bounced,False,0.7,High
PR01299897,0.0,0,34976,2336110,ME,Ever Bounce,True,0,0,0.0,0.0,0.0,,Ever Bounced,False,0.7,High
PR01300221,0.0,0,9377,233080,ME,Ever Bounce,True,0,0,0.0,0.0,0.0,,Ever Bounced,False,0.7,High
PR01300348,0.0,0,10869,584007,ME,Ever Bounce,True,0,0,0.0,0.0,0.0,,Ever Bounced,False,0.7,High
PR01300492,0.0,0,23793,1589198,ME,Ever Bounce,True,0,0,0.0,0.0,0.0,,Ever Bounced,False,0.7,High
PR01300535,0.0,0,6578,439372,ME,Ever Bounce,True,0,0,0.0,0.0,0.0,,Ever Bounced,False,0.7,High
PR01300559,0.0,0,17313,1194713,Co-Lending,Ever Bounce,True,0,0,0.0,0.0,0.0,,Ever Bounced,False,0.7,High
PR01300715,0.0,0,13687,447878,Micro Loan,Ever Bounce,True,0,0,0.0,0.0,0.0,,Ever Bounced,False,0.7,High
PR01300764,0.0,0,16795,1121791,ME,Ever Bounce,True,0,0,0.0,0.0,0.0,,Ever Bounced,False,0.7,High
PR01300773,0.0,0,27992,1869632,ME,Ever Bounce,True,0,0,0.0,0.0,0.0,,Ever Bounced,False,0.7,High
PR01300831,0.0,0,27204,1232631,SBL,Ever Bounce,True,0,0,0.0,0.0,0.0,,Ever Bounced,False,0.7,High
PR01301274,0.0,0,10602,521971,ME,Ever Bounce,True,0,0,0.0,0.0,0.0,,Ever Bounced,False,0.7,High
PR01307539,0.0,0,9870,424074,ME,Ever Bounce,False,1,0,0.0,1.0,9870.0,2026-09-09 11:59:05,Ever Bounced,False,0.7,High
PR01311408,0.0,0,22479,801470,SBL,Ever Bounce,True,0,0,0.0,0.0,0.0,,Ever Bounced,False,0.7,High
PR01312006,0.0,0,12907,677777,ME,Ever Bounce,True,0,0,0.0,0.0,0.0,,Ever Bounced,False,0.7,High
PR01313741,0.0,0,15316,737267,SBL,Ever Bounce,True,0,0,0.0,0.0,0.0,,Ever Bounced,False,0.7,High
PR01314758,0.0,0,10542,343153,Micro Loan,Ever Bounce,True,0,0,0.0,0.0,0.0,,Ever Bounced,False,0.7,High
PR01314844,0.0,0,15301,535528,SBL,Ever Bounce,True,0,0,0.0,0.0,0.0,,Ever Bounced,False,0.7,High
PR01314946,0.0,0,8067,423602,ME,Ever Bounce,True,0,0,0.0,0.0,0.0,,Ever Bounced,False,0.7,High
PR01315869,0.0,0,14139,680629,SBL,Ever Bounce,True,0,0,0.0,0.0,0.0,,Ever Bounced,False,0.7,High
PR01316376,0.0,0,15316,737267,SBL,Ever Bounce,True,0,0,0.0,0.0,0.0,,Ever Bounced,False,0.7,High
PR01316928,0.0,0,34625,2393612,Co-Lending,Ever Bounce,True,0,0,0.0,0.0,0.0,,Ever Bounced,False,0.7,High
PR01317026,0.0,0,15558,534611,SBL,Ever Bounce,True,0,0,0.0,0.0,0.0,,Ever Bounced,False,0.7,High
PR01317034,0.0,0,12568,401946,Micro Loan,Ever Bounce,True,0,0,0.0,0.0,0.0,,Ever Bounced,False,0.7,High
PR01317055,0.0,0,12597,402866,Micro Loan,Ever Bounce,True,0,0,0.0,0.0,0.0,,Ever Bounced,False,0.7,High
PR01317130,0.0,0,12861,637064,SBL,Ever Bounce,True,0,0,0.0,0.0,0.0,,Ever Bounced,False,0.7,High
PR01317223,0.0,0,9458,331029,SBL,Ever Bounce,True,0,0,0.0,0.0,0.0,,Ever Bounced,False,0.7,High
PR01317260,0.0,0,21694,1452499,ME,Ever Bounce,False,1,0,0.0,1.0,21694.0,2026-09-05 10:57:36,Ever Bounced,False,0.7,High
PR01317299,0.0,0,6063,397304,ME,Ever Bounce,True,0,0,0.0,0.0,0.0,,Ever Bounced,False,0.7,High
PR01317309,0.0,0,20721,997510,SBL,Ever Bounce,True,0,0,0.0,0.0,0.0,,Ever Bounced,False,0.7,High
PR01317330,0.0,0,14773,731758,SBL,Ever Bounce,True,0,0,0.0,0.0,0.0,,Ever Bounced,False,0.7,High
PR01317348,0.0,0,10966,527872,ME,Ever Bounce,True,0,0,0.0,0.0,0.0,,Ever Bounced,False,0.7,High
PR01317886,0.0,0,18120,897547,SBL,Ever Bounce,True,0,0,0.0,0.0,0.0,,Ever Bounced,False,0.7,High
PR01318397,0.0,0,18919,910777,SBL,Ever Bounce,True,0,0,0.0,0.0,0.0,,Ever Bounced,False,0.7,High
PR01318432,0.0,0,12687,628466,SBL,Ever Bounce,True,0,0,0.0,0.0,0.0,,Ever Bounced,False,0.7,High
PR01318455,0.0,0,10380,343973,Micro Loan,Ever Bounce,True,0,0,0.0,0.0,0.0,,Ever Bounced,False,0.7,High
PR01318466,0.0,0,19360,1016682,SBL,Ever Bounce,True,0,0,0.0,0.0,0.0,,Ever Bounced,False,0.7,High
PR01318523,0.0,0,9125,302403,Micro Loan,Ever Bounce,True,0,0,0.0,0.0,0.0,,Ever Bounced,False,0.7,High
PR01318560,0.0,0,14036,695237,SBL,Ever Bounce,True,0,0,0.0,0.0,0.0,,Ever Bounced,False,0.7,High
PR01318565,0.0,0,17765,599461,SBL,Ever Bounce,True,0,0,0.0,0.0,0.0,,Ever Bounced,False,0.7,High
PR01318781,0.0,0,9213,469806,ME,Ever Bounce,True,0,0,0.0,0.0,0.0,,Ever Bounced,False,0.7,High
PR01318954,0.0,0,12340,611219,SBL,Ever Bounce,True,0,0,0.0,0.0,0.0,,Ever Bounced,False,0.7,High
PR01319294,0.0,0,15316,737267,SBL,Ever Bounce,True,0,0,0.0,0.0,0.0,,Ever Bounced,False,0.7,High
PR01319323,0.0,0,20562,1319142,ME,Ever Bounce,True,0,0,0.0,0.0,0.0,,Ever Bounced,False,0.7,High
PR01319330,0.0,0,21609,1101896,SBL,Ever Bounce,True,0,0,0.0,0.0,0.0,,Ever Bounced,False,0.7,High
PR01319339,0.0,0,18392,655746,ME,Ever Bounce,True,0,0,0.0,0.0,0.0,,Ever Bounced,False,0.7,High
PR01319371,0.0,0,11321,411248,ME,Ever Bounce,True,0,0,0.0,0.0,0.0,,Ever Bounced,False,0.7,High
PR01319446,0.0,0,17380,860890,SBL,Ever Bounce,True,0,0,0.0,0.0,0.0,,Ever Bounced,False,0.7,High
PR01319514,0.0,0,20333,1067772,ME,Ever Bounce,True,0,0,0.0,0.0,0.0,,Ever Bounced,False,0.7,High
PR01319564,0.0,0,18349,1326706,Co-Lending,Ever Bounce,True,0,0,0.0,0.0,0.0,,Ever Bounced,False,0.7,High
PR01319610,0.0,0,16814,588502,SBL,Ever Bounce,True,0,0,0.0,0.0,0.0,,Ever Bounced,False,0.7,High
PR01319630,0.0,0,13996,937100,ME,Ever Bounce,True,0,0,0.0,0.0,0.0,,Ever Bounced,False,0.7,High
PR01319684,0.0,0,15016,743822,ME,Ever Bounce,True,0,0,0.0,0.0,0.0,,Ever Bounced,False,0.7,High
PR01319697,0.0,0,20436,728590,SBL,Ever Bounce,True,0,0,0.0,0.0,0.0,,Ever Bounced,False,0.7,High
PR01319747,0.0,0,14744,660231,SBL,Ever Bounce,True,0,0,0.0,0.0,0.0,,Ever Bounced,False,0.7,High
PR01319765,0.0,0,10039,321089,Micro Loan,Ever Bounce,False,1,0,0.0,1.0,10039.0,2026-09-12 12:46:27,Ever Bounced,False,0.7,High
PR01319840,0.0,0,36692,2653001,Co-Lending,Ever Bounce,True,0,0,0.0,0.0,0.0,,Ever Bounced,False,0.7,High
PR01319861,0.0,0,11171,537799,ME,Ever Bounce,True,0,0,0.0,0.0,0.0,,Ever Bounced,False,0.7,High
PR01319879,0.0,0,9949,478901,SBL,Ever Bounce,True,0,0,0.0,0.0,0.0,,Ever Bounced,False,0.7,High
PR01319905,0.0,0,35427,2591958,ME,Ever Bounce,True,0,0,0.0,0.0,0.0,,Ever Bounced,False,0.7,High
PR01324402,0.0,0,23793,1596910,Co-Lending,Ever Bounce,True,0,0,0.0,0.0,0.0,,Ever Bounced,False,0.7,High
PR01328541,0.0,0,16398,540321,Micro Loan,Ever Bounce,True,0,0,0.0,0.0,0.0,,Ever Bounced,False,0.7,High
PR01328656,0.0,0,17713,1284963,Co-Lending,Ever Bounce,True,0,0,0.0,0.0,0.0,,Ever Bounced,False,0.7,High
PR01329738,0.0,0,18739,907226,SBL,Ever Bounce,True,0,0,0.0,0.0,0.0,,Ever Bounced,False,0.7,High
PR01330641,0.0,0,11406,382728,Micro Loan,Ever Bounce,True,0,0,0.0,0.0,0.0,,Ever Bounced,False,0.7,High
PR01332763,0.0,0,20939,1061819,Co-Lending,Ever Bounce,True,0,0,0.0,0.0,0.0,,Ever Bounced,False,0.7,High
PR01332783,0.0,0,12687,632197,ME,Ever Bounce,True,0,0,0.0,0.0,0.0,,Ever Bounced,False,0.7,High
PR01332802,0.0,0,8897,287953,Micro Loan,Ever Bounce,True,0,0,0.0,0.0,0.0,,Ever Bounced,False,0.7,High
PR01333609,0.0,0,4199,281794,ME,Ever Bounce,True,0,0,0.0,0.0,0.0,,Ever Bounced,False,0.7,High
PR01333794,0.0,0,18355,1205630,ME,Ever Bounce,True,0,0,0.0,0.0,0.0,,Ever Bounced,False,0.7,High
PR01334470,0.0,0,25249,1334477,ME,Ever Bounce,True,0,0,0.0,0.0,0.0,,Ever Bounced,False,0.7,High
PR01335054,0.0,0,22846,1882164,Home Loan,Ever Bounce,True,0,0,0.0,0.0,0.0,,Ever Bounced,False,0.7,High
PR01335381,0.0,0,22000,780258,SBL,Ever Bounce,False,1,0,0.0,1.0,22000.0,2026-09-06 11:04:57,Ever Bounced,False,0.7,High
PR01335392,0.0,0,13996,928684,Co-Lending,Ever Bounce,True,0,0,0.0,0.0,0.0,,Ever Bounced,False,0.7,High
PR01335402,0.0,0,19441,941176,SBL,Ever Bounce,True,0,0,0.0,0.0,0.0,,Ever Bounced,False,0.7,High
PR01335423,0.0,0,13996,939354,ME,Ever Bounce,True,0,0,0.0,0.0,0.0,,Ever Bounced,False,0.7,High
PR01335827,0.0,0,15867,746652,SBL,Ever Bounce,True,0,0,0.0,0.0,0.0,,Ever Bounced,False,0.7,High
PR01335852,0.0,0,8067,426340,Home Loan,Ever Bounce,True,0,0,0.0,0.0,0.0,,Ever Bounced,False,0.7,High
PR01335913,0.0,0,15919,515188,Micro Loan,Ever Bounce,True,0,0,0.0,0.0,0.0,,Ever Bounced,False,0.7,High
PR01336013,0.0,0,15867,746652,SBL,Ever Bounce,True,0,0,0.0,0.0,0.0,,Ever Bounced,False,0.7,High
PR01336169,0.0,0,13528,618985,SBL,Ever Bounce,True,0,0,0.0,0.0,0.0,,Ever Bounced,False,0.7,High
PR01336239,0.0,0,13849,670488,Co-Lending,Ever Bounce,False,1,0,0.0,1.0,13849.0,2026-09-17 10:59:16,Ever Bounced,False,0.7,High
PR01336266,0.0,0,31313,1606566,SBL,Ever Bounce,True,0,0,0.0,0.0,0.0,,Ever Bounced,False,0.7,High
PR01336269,0.0,0,18145,878445,ME,Ever Bounce,True,0,0,0.0,0.0,0.0,,Ever Bounced,False,0.7,High
PR01336278,0.0,0,11061,567475,SBL,Ever Bounce,True,0,0,0.0,0.0,0.0,,Ever Bounced,False,0.7,High
PR01336312,0.0,0,23272,1159564,SBL,Ever Bounce,True,0,0,0.0,0.0,0.0,,Ever Bounced,False,0.7,High
PR01336328,0.0,0,18934,971431,SBL,Ever Bounce,True,0,0,0.0,0.0,0.0,,Ever Bounced,False,0.7,High
PR01336350,0.0,0,31631,2294551,Co-Lending,Ever Bounce,True,0,0,0.0,0.0,0.0,,Ever Bounced,False,0.7,High
PR01336377,0.0,0,32433,1570194,SBL,Ever Bounce,True,0,0,0.0,0.0,0.0,,Ever Bounced,False,0.7,High
PR01336449,0.0,0,14758,486297,Micro Loan,Ever Bounce,True,0,0,0.0,0.0,0.0,,Ever Bounced,False,0.7,High
PR01336483,0.0,0,15126,526542,SBL,Ever Bounce,True,0,0,0.0,0.0,0.0,,Ever Bounced,False,0.7,High
PR01336555,0.0,0,16349,590839,SBL,Ever Bounce,True,0,0,0.0,0.0,0.0,,Ever Bounced,False,0.7,High
PR01336911,0.0,0,14305,517001,SBL,Ever Bounce,True,0,0,0.0,0.0,0.0,,Ever Bounced,False,0.7,High
PR01336921,0.0,0,21622,1046803,Co-Lending,Ever Bounce,True,0,0,0.0,0.0,0.0,,Ever Bounced,False,0.7,High
PR01336932,0.0,0,16206,564174,SBL,Ever Bounce,False,1,0,0.0,1.0,16206.0,2026-09-15 16:37:20,Ever Bounced,False,0.7,High
PR01337170,0.0,0,28548,650784,ME,Ever Bounce,True,0,0,0.0,0.0,0.0,,Ever Bounced,False,0.7,High
PR01337342,0.0,0,16940,895345,ME,Ever Bounce,True,0,0,0.0,0.0,0.0,,Ever Bounced,False,0.7,High
PR01337368,0.0,0,15316,741461,SBL,Ever Bounce,True,0,0,0.0,0.0,0.0,,Ever Bounced,False,0.7,High
PR01337435,0.0,0,18019,872300,SBL,Ever Bounce,True,0,0,0.0,0.0,0.0,,Ever Bounced,False,0.7,High
PR01337472,0.0,0,14326,463585,Micro Loan,Ever Bounce,True,0,0,0.0,0.0,0.0,,Ever Bounced,False,0.7,High
PR01337503,0.0,0,22487,1088662,SBL,Ever Bounce,True,0,0,0.0,0.0,0.0,,Ever Bounced,False,0.7,High
PR01337534,0.0,0,41753,3028803,Co-Lending,Ever Bounce,True,0,0,0.0,0.0,0.0,,Ever Bounced,False,0.7,High
PR01337578,0.0,0,11954,578751,SBL,Ever Bounce,True,0,0,0.0,0.0,0.0,,Ever Bounced,False,0.7,High
PR01337594,0.0,0,16801,790550,SBL,Ever Bounce,True,0,0,0.0,0.0,0.0,,Ever Bounced,False,0.7,High
PR01337670,0.0,0,27286,1359645,ME,Ever Bounce,True,0,0,0.0,0.0,0.0,,Ever Bounced,False,0.7,High
PR01337755,0.0,0,17487,620210,SBL,Ever Bounce,False,1,0,0.0,1.0,17500.0,2026-09-15 12:55:30,Ever Bounced,False,0.7,High
PR01337942,0.0,0,34760,1731995,ME,Ever Bounce,True,0,0,0.0,0.0,0.0,,Ever Bounced,False,0.7,High
PR01342557,0.0,0,6158,414302,ME,Ever Bounce,True,0,0,0.0,0.0,0.0,,Ever Bounced,False,0.7,High
PR01343674,0.0,0,11145,733711,ME,Ever Bounce,True,0,0,0.0,0.0,0.0,,Ever Bounced,False,0.7,High
PR01346328,0.0,0,10542,351426,Micro Loan,Ever Bounce,True,0,0,0.0,0.0,0.0,,Ever Bounced,False,0.7,High
PR01346407,0.0,0,18596,932037,SBL,Ever Bounce,True,0,0,0.0,0.0,0.0,,Ever Bounced,False,0.7,High
PR01349713,0.0,0,14415,701738,SBL,Ever Bounce,True,0,0,0.0,0.0,0.0,,Ever Bounced,False,0.7,High
PR01349872,0.0,0,21622,1052635,SBL,Ever Bounce,True,0,0,0.0,0.0,0.0,,Ever Bounced,False,0.7,High
PR01350706,0.0,0,18075,905889,SBL,Ever Bounce,True,0,0,0.0,0.0,0.0,,Ever Bounced,False,0.7,High
PR01350717,0.0,0,26070,1306559,SBL,Ever Bounce,True,0,0,0.0,0.0,0.0,,Ever Bounced,False,0.7,High
PR01351826,0.0,0,26547,1311208,SBL,Ever Bounce,True,0,0,0.0,0.0,0.0,,Ever Bounced,False,0.7,High
PR01352675,0.0,0,15502,674649,SBL,Ever Bounce,True,0,0,0.0,0.0,0.0,,Ever Bounced,False,0.7,High
PR01353431,0.0,0,15301,549744,SBL,Ever Bounce,True,0,0,0.0,0.0,0.0,,Ever Bounced,False,0.7,High
PR01353778,0.0,0,14334,515016,SBL,Ever Bounce,True,0,0,0.0,0.0,0.0,,Ever Bounced,False,0.7,High
PR01353814,0.0,0,25847,593973,SBL,Ever Bounce,True,0,0,0.0,0.0,0.0,,Ever Bounced,False,0.7,High
PR01354726,0.0,0,18392,452446,ME,Ever Bounce,True,0,0,0.0,0.0,0.0,,Ever Bounced,False,0.7,High
PR01354737,0.0,0,16795,1129905,Co-Lending,Ever Bounce,True,0,0,0.0,0.0,0.0,,Ever Bounced,False,0.7,High
PR01354790,0.0,0,10494,356345,Micro Loan,Ever Bounce,True,0,0,0.0,0.0,0.0,,Ever Bounced,False,0.7,High
PR01354831,0.0,0,15316,745593,SBL,Ever Bounce,True,0,0,0.0,0.0,0.0,,Ever Bounced,False,0.7,High
PR01354857,0.0,0,7786,236520,SBL,Ever Bounce,True,0,0,0.0,0.0,0.0,,Ever Bounced,False,0.7,High
PR01354892,0.0,0,16685,836191,SBL,Ever Bounce,True,0,0,0.0,0.0,0.0,,Ever Bounced,False,0.7,High
PR01354907,0.0,0,12389,611882,SBL,Ever Bounce,True,0,0,0.0,0.0,0.0,,Ever Bounced,False,0.7,High
PR01354913,0.0,0,18070,961066,ME,Ever Bounce,True,0,0,0.0,0.0,0.0,,Ever Bounced,False,0.7,High
PR01355064,0.0,0,20244,1473214,Co-Lending,Ever Bounce,True,0,0,0.0,0.0,0.0,,Ever Bounced,False,0.7,High
PR01355096,0.0,0,18468,1141079,ME,Ever Bounce,True,0,0,0.0,0.0,0.0,,Ever Bounced,False,0.7,High
PR01355125,0.0,0,26070,1306559,SBL,Ever Bounce,True,0,0,0.0,0.0,0.0,,Ever Bounced,False,0.7,High
PR01355194,0.0,0,13996,941580,ME,Ever Bounce,True,0,0,0.0,0.0,0.0,,Ever Bounced,False,0.7,High
PR01355208,0.0,0,21777,1124088,SBL,Ever Bounce,True,0,0,0.0,0.0,0.0,,Ever Bounced,False,0.7,High
PR01355226,0.0,0,34162,2486038,Co-Lending,Ever Bounce,True,0,0,0.0,0.0,0.0,,Ever Bounced,False,0.7,High
PR01355232,0.0,0,11293,600694,ME,Ever Bounce,True,0,0,0.0,0.0,0.0,,Ever Bounced,False,0.7,High
PR01355330,0.0,0,10296,337019,Micro Loan,Ever Bounce,True,0,0,0.0,0.0,0.0,,Ever Bounced,False,0.7,High
PR01355336,0.0,0,6636,323028,SBL,Ever Bounce,True,0,0,0.0,0.0,0.0,,Ever Bounced,False,0.7,High
PR01355342,0.0,0,6438,433134,ME,Ever Bounce,True,0,0,0.0,0.0,0.0,,Ever Bounced,False,0.7,High
PR01355399,0.0,0,17634,577238,Micro Loan,Ever Bounce,True,0,0,0.0,0.0,0.0,,Ever Bounced,False,0.7,High
PR01355406,0.0,0,15969,542268,Micro Loan,Ever Bounce,True,0,0,0.0,0.0,0.0,,Ever Bounced,False,0.7,High
PR01355415,0.0,0,22031,1419599,ME,Ever Bounce,True,0,0,0.0,0.0,0.0,,Ever Bounced,False,0.7,High
PR01355484,0.0,0,13246,644853,SBL,Ever Bounce,True,0,0,0.0,0.0,0.0,,Ever Bounced,False,0.7,High
PR01355503,0.0,0,14238,783869,Co-Lending,Ever Bounce,True,0,0,0.0,0.0,0.0,,Ever Bounced,False,0.7,High
PR01355508,0.0,0,26070,1306559,SBL,Ever Bounce,True,0,0,0.0,0.0,0.0,,Ever Bounced,False,0.7,High
PR01355524,0.0,0,20856,1045248,SBL,Ever Bounce,True,0,0,0.0,0.0,0.0,,Ever Bounced,False,0.7,High
PR01355597,0.0,0,14494,666596,SBL,Ever Bounce,True,0,0,0.0,0.0,0.0,,Ever Bounced,False,0.7,High
PR01355649,0.0,0,14955,728071,SBL,Ever Bounce,True,0,0,0.0,0.0,0.0,,Ever Bounced,False,0.7,High
PR01355687,0.0,0,9971,485438,SBL,Ever Bounce,True,0,0,0.0,0.0,0.0,,Ever Bounced,False,0.7,High
PR01355691,0.0,0,18019,877162,SBL,Ever Bounce,True,0,0,0.0,0.0,0.0,,Ever Bounced,False,0.7,High
PR01355694,0.0,0,17380,871042,SBL,Ever Bounce,True,0,0,0.0,0.0,0.0,,Ever Bounced,False,0.7,High
PR01355719,0.0,0,22309,1086016,SBL,Ever Bounce,True,0,0,0.0,0.0,0.0,,Ever Bounced,False,0.7,High
PR01356283,0.0,0,13514,661475,SBL,Ever Bounce,True,0,0,0.0,0.0,0.0,,Ever Bounced,False,0.7,High
PR01356691,0.0,0,8690,438004,SBL,Ever Bounce,True,0,0,0.0,0.0,0.0,,Ever Bounced,False,0.7,High
PR01356761,0.0,0,19475,1384043,Co-Lending,Ever Bounce,True,0,0,0.0,0.0,0.0,,Ever Bounced,False,0.7,High
PR01365240,0.0,0,7560,359531,SBL,Ever Bounce,False,1,0,0.0,1.0,7560.0,2026-09-13 17:15:41,Ever Bounced,False,0.7,High
PR01368310,0.0,0,8258,556815,ME,Ever Bounce,True,0,0,0.0,0.0,0.0,,Ever Bounced,False,0.7,High
PR01369181,0.0,0,26635,1855428,Co-Lending,Ever Bounce,True,0,0,0.0,0.0,0.0,,Ever Bounced,False,0.7,High
PR01369669,0.0,0,18019,881952,SBL,Ever Bounce,True,0,0,0.0,0.0,0.0,,Ever Bounced,False,0.7,High
PR01369911,0.0,0,15334,542072,SBL,Ever Bounce,True,0,0,0.0,0.0,0.0,,Ever Bounced,False,0.7,High
PR01369934,0.0,0,15421,995888,ME,Ever Bounce,True,0,0,0.0,0.0,0.0,,Ever Bounced,False,0.7,High
PR01370017,0.0,0,11713,394958,Micro Loan,Ever Bounce,True,0,0,0.0,0.0,0.0,,Ever Bounced,False,0.7,High
PR01370087,0.0,0,5025,260965,ME,Ever Bounce,True,0,0,0.0,0.0,0.0,,Ever Bounced,False,0.7,High
PR01370091,0.0,0,16801,798918,SBL,Ever Bounce,True,0,0,0.0,0.0,0.0,,Ever Bounced,False,0.7,High
PR01370958,0.0,0,13914,643137,SBL,Ever Bounce,True,0,0,0.0,0.0,0.0,,Ever Bounced,False,0.7,High
PR01371006,0.0,0,10419,344886,Micro Loan,Ever Bounce,True,0,0,0.0,0.0,0.0,,Ever Bounced,False,0.7,High
PR01371015,0.0,0,20994,1415673,ME,Ever Bounce,True,0,0,0.0,0.0,0.0,,Ever Bounced,False,0.7,High
PR01371028,0.0,0,21974,1548968,ME,Ever Bounce,True,0,0,0.0,0.0,0.0,,Ever Bounced,False,0.7,High
PR01371033,0.0,0,24505,1235206,SBL,Ever Bounce,True,0,0,0.0,0.0,0.0,,Ever Bounced,False,0.7,High
PR01371050,0.0,0,9280,454198,SBL,Ever Bounce,True,0,0,0.0,0.0,0.0,,Ever Bounced,False,0.7,High
PR01371055,0.0,0,12419,1025747,Home Loan,Ever Bounce,True,0,0,0.0,0.0,0.0,,Ever Bounced,False,0.7,High
PR01371122,0.0,0,7915,376381,SBL,Ever Bounce,True,0,0,0.0,0.0,0.0,,Ever Bounced,False,0.7,High
PR01371259,0.0,0,12884,434470,Micro Loan,Ever Bounce,True,0,0,0.0,0.0,0.0,,Ever Bounced,False,0.7,High
PR01371543,0.0,0,10821,244485,Micro Loan,Ever Bounce,True,0,0,0.0,0.0,0.0,,Ever Bounced,False,0.7,High
PR01371805,0.0,0,33280,2318378,Co-Lending,Ever Bounce,True,0,0,0.0,0.0,0.0,,Ever Bounced,False,0.7,High
PR01372130,0.0,0,17081,1245307,Co-Lending,Ever Bounce,True,0,0,0.0,0.0,0.0,,Ever Bounced,False,0.7,High
PR01372163,0.0,0,15183,1106944,Co-Lending,Ever Bounce,True,0,0,0.0,0.0,0.0,,Ever Bounced,False,0.7,High
PR01372187,0.0,0,16349,606463,SBL,Ever Bounce,True,0,0,0.0,0.0,0.0,,Ever Bounced,False,0.7,High
PR01372206,0.0,0,13995,628976,SBL,Ever Bounce,False,1,0,0.0,1.0,13995.0,2026-09-12 19:04:04,Ever Bounced,False,0.7,High
PR01372232,0.0,0,14934,710157,SBL,Ever Bounce,True,0,0,0.0,0.0,0.0,,Ever Bounced,False,0.7,High
PR01372276,0.0,0,14305,530671,SBL,Ever Bounce,True,0,0,0.0,0.0,0.0,,Ever Bounced,False,0.7,High
PR01372338,0.0,0,18311,1320214,ME,Ever Bounce,True,0,0,0.0,0.0,0.0,,Ever Bounced,False,0.7,High
PR01372409,0.0,0,12608,417318,Micro Loan,Ever Bounce,True,0,0,0.0,0.0,0.0,,Ever Bounced,False,0.7,High
PR01372419,0.0,0,24523,909715,SBL,Ever Bounce,False,1,0,0.0,1.0,24523.0,2026-09-11 13:26:54,Ever Bounced,False,0.7,High
PR01372431,0.0,0,6298,424706,ME,Ever Bounce,True,0,0,0.0,0.0,0.0,,Ever Bounced,False,0.7,High
PR01372459,0.0,0,13535,662524,Micro Loan,Ever Bounce,False,1,0,0.0,1.0,13535.0,2026-09-14 11:29:24,Ever Bounced,False,0.7,High
PR01372490,0.0,0,17380,876012,SBL,Ever Bounce,True,0,0,0.0,0.0,0.0,,Ever Bounced,False,0.7,High
PR01372661,0.0,0,17380,876012,SBL,Ever Bounce,True,0,0,0.0,0.0,0.0,,Ever Bounced,False,0.7,High
PR01372705,0.0,0,13687,470286,Micro Loan,Ever Bounce,True,0,0,0.0,0.0,0.0,,Ever Bounced,False,0.7,High
PR01372728,0.0,0,38687,2134913,ME,Ever Bounce,True,0,0,0.0,0.0,0.0,,Ever Bounced,False,0.7,High
PR01372828,0.0,0,15988,782622,SBL,Ever Bounce,True,0,0,0.0,0.0,0.0,,Ever Bounced,False,0.7,High
PR01373082,0.0,0,12253,617582,SBL,Ever Bounce,False,1,0,0.0,1.0,12253.0,2026-09-12 08:31:17,Ever Bounced,False,0.7,High
PR01373087,0.0,0,19188,1293941,ME,Ever Bounce,False,1,0,0.0,1.0,19188.0,2026-09-16 10:14:40,Ever Bounced,False,0.7,High
PR01373197,0.0,0,20102,1031155,Co-Lending,Ever Bounce,True,0,0,0.0,0.0,0.0,,Ever Bounced,False,0.7,High
PR01373232,0.0,0,16484,1111610,ME,Ever Bounce,True,0,0,0.0,0.0,0.0,,Ever Bounced,False,0.7,High
PR01373292,0.0,0,20102,1031155,Co-Lending,Ever Bounce,True,0,0,0.0,0.0,0.0,,Ever Bounced,False,0.7,High
PR01373456,0.0,0,16267,819971,SBL,Ever Bounce,True,0,0,0.0,0.0,0.0,,Ever Bounced,False,0.7,High
PR01373648,0.0,0,19601,932074,SBL,Ever Bounce,True,0,0,0.0,0.0,0.0,,Ever Bounced,False,0.7,High
PR01373943,0.0,0,15316,749664,SBL,Ever Bounce,True,0,0,0.0,0.0,0.0,,Ever Bounced,False,0.7,High
PR01374226,0.0,0,15316,749664,SBL,Ever Bounce,True,0,0,0.0,0.0,0.0,,Ever Bounced,False,0.7,High
PR01374238,0.0,0,17554,884758,ME,Ever Bounce,True,0,0,0.0,0.0,0.0,,Ever Bounced,False,0.7,High
PR01374836,0.0,0,23534,1716527,Co-Lending,Ever Bounce,True,0,0,0.0,0.0,0.0,,Ever Bounced,False,0.7,High
PR01380827,0.0,0,15676,771425,SBL,Ever Bounce,True,0,0,0.0,0.0,0.0,,Ever Bounced,False,0.7,High
PR01381410,0.0,0,17380,880912,SBL,Ever Bounce,True,0,0,0.0,0.0,0.0,,Ever Bounced,False,0.7,High
PR01381752,0.0,0,11273,670982,ME,Ever Bounce,True,0,0,0.0,0.0,0.0,,Ever Bounced,False,0.7,High
PR01381783,0.0,0,6998,472979,ME,Ever Bounce,True,0,0,0.0,0.0,0.0,,Ever Bounced,False,0.7,High
PR01383887,0.0,0,8541,420282,ME,Ever Bounce,False,1,0,0.0,1.0,8541.0,2026-09-15 14:26:06,Ever Bounced,False,0.7,High
PR01384813,0.0,0,14991,737741,SBL,Ever Bounce,True,0,0,0.0,0.0,0.0,,Ever Bounced,False,0.7,High
PR01385026,0.0,0,23787,1242398,ME,Ever Bounce,True,0,0,0.0,0.0,0.0,,Ever Bounced,False,0.7,High
PR01386242,0.0,0,20856,1057093,SBL,Ever Bounce,True,0,0,0.0,0.0,0.0,,Ever Bounced,False,0.7,High
PR01386290,0.0,0,14494,673199,SBL,Ever Bounce,True,0,0,0.0,0.0,0.0,,Ever Bounced,False,0.7,High
PR01386534,0.0,0,18019,886671,SBL,Ever Bounce,True,0,0,0.0,0.0,0.0,,Ever Bounced,False,0.7,High
PR01386851,0.0,0,14934,713789,SBL,Ever Bounce,True,0,0,0.0,0.0,0.0,,Ever Bounced,False,0.7,High
PR01387827,0.0,0,20118,990013,ME,Ever Bounce,True,0,0,0.0,0.0,0.0,,Ever Bounced,False,0.7,High
PR01387851,0.0,0,18019,886671,SBL,Ever Bounce,True,0,0,0.0,0.0,0.0,,Ever Bounced,False,0.7,High
PR01387852,0.0,0,19820,975371,ME,Ever Bounce,True,0,0,0.0,0.0,0.0,,Ever Bounced,False,0.7,High
PR01387858,0.0,0,10510,710363,ME,Ever Bounce,True,0,0,0.0,0.0,0.0,,Ever Bounced,False,0.7,High
PR01388448,0.0,0,14811,728864,ME,Ever Bounce,True,0,0,0.0,0.0,0.0,,Ever Bounced,False,0.7,High
PR01388835,0.0,0,10811,532015,SBL,Ever Bounce,True,0,0,0.0,0.0,0.0,,Ever Bounced,False,0.7,High
PR01388848,0.0,0,12253,621037,SBL,Ever Bounce,True,0,0,0.0,0.0,0.0,,Ever Bounced,False,0.7,High
PR01388913,0.0,0,29581,2214411,Co-Lending,Ever Bounce,True,0,0,0.0,0.0,0.0,,Ever Bounced,False,0.7,High
PR01389005,0.0,0,13904,704728,ME,Ever Bounce,True,0,0,0.0,0.0,0.0,,Ever Bounced,False,0.7,High
PR01389161,0.0,0,28215,2063550,Co-Lending,Ever Bounce,True,0,0,0.0,0.0,0.0,,Ever Bounced,False,0.7,High
PR01389214,0.0,0,46739,3340653,Co-Lending,Ever Bounce,True,0,0,0.0,0.0,0.0,,Ever Bounced,False,0.7,High
PR01389243,0.0,0,14469,635353,SBL,Ever Bounce,True,0,0,0.0,0.0,0.0,,Ever Bounced,False,0.7,High
PR01389406,0.0,0,14305,537363,SBL,Ever Bounce,True,0,0,0.0,0.0,0.0,,Ever Bounced,False,0.7,High
PR01389470,0.0,0,14304,537352,SBL,Ever Bounce,True,0,0,0.0,0.0,0.0,,Ever Bounced,False,0.7,High
PR01389497,0.0,0,18649,917711,SBL,Ever Bounce,True,0,0,0.0,0.0,0.0,,Ever Bounced,False,0.7,High
PR01389622,0.0,0,14415,709344,SBL,Ever Bounce,True,0,0,0.0,0.0,0.0,,Ever Bounced,False,0.7,High
PR01389674,0.0,0,3964,195075,SBL,Ever Bounce,True,0,0,0.0,0.0,0.0,,Ever Bounced,False,0.7,High
PR01389698,0.0,0,12547,435993,Micro Loan,Ever Bounce,True,0,0,0.0,0.0,0.0,,Ever Bounced,False,0.7,High
PR01389734,0.0,0,15227,519157,SBL,Ever Bounce,True,0,0,0.0,0.0,0.0,,Ever Bounced,False,0.7,High
PR01389761,0.0,0,14775,727093,SBL,Ever Bounce,True,0,0,0.0,0.0,0.0,,Ever Bounced,False,0.7,High
PR01389842,0.0,0,13995,631913,SBL,Ever Bounce,True,0,0,0.0,0.0,0.0,,Ever Bounced,False,0.7,High
PR01389863,0.0,0,1518,111056,Co-Lending,Ever Bounce,True,0,0,0.0,0.0,0.0,,Ever Bounced,False,0.7,High
PR01389902,0.0,0,27975,1461125,ME,Ever Bounce,True,0,0,0.0,0.0,0.0,,Ever Bounced,False,0.7,High
PR01389912,0.0,0,4334,150629,ME,Ever Bounce,True,0,0,0.0,0.0,0.0,,Ever Bounced,False,0.7,High
PR01389931,0.0,0,20031,723442,SBL,Ever Bounce,True,0,0,0.0,0.0,0.0,,Ever Bounced,False,0.7,High
PR01390164,0.0,0,16349,614112,SBL,Ever Bounce,True,0,0,0.0,0.0,0.0,,Ever Bounced,False,0.7,High
PR01390188,0.0,0,17713,1295518,Co-Lending,Ever Bounce,True,0,0,0.0,0.0,0.0,,Ever Bounced,False,0.7,High
PR01390202,0.0,0,18007,912714,SBL,Ever Bounce,True,0,0,0.0,0.0,0.0,,Ever Bounced,False,0.7,High
PR01390245,0.0,0,33503,1749849,SBL,Ever Bounce,True,0,0,0.0,0.0,0.0,,Ever Bounced,False,0.7,High
PR01390317,0.0,0,13836,935132,ME,Ever Bounce,True,0,0,0.0,0.0,0.0,,Ever Bounced,False,0.7,High
PR01390564,0.0,0,12884,439300,Micro Loan,Ever Bounce,True,0,0,0.0,0.0,0.0,,Ever Bounced,False,0.7,High
PR01390927,0.0,0,16765,1084965,ME,Ever Bounce,True,0,0,0.0,0.0,0.0,,Ever Bounced,False,0.7,High
PR01390931,0.0,0,13188,458289,Micro Loan,Ever Bounce,True,0,0,0.0,0.0,0.0,,Ever Bounced,False,0.7,High
PR01390947,0.0,0,8053,279856,Micro Loan,Ever Bounce,True,0,0,0.0,0.0,0.0,,Ever Bounced,False,0.7,High
PR01391133,0.0,0,22184,1194482,ME,Ever Bounce,True,0,0,0.0,0.0,0.0,,Ever Bounced,False,0.7,High
PR01391571,0.0,0,13067,624572,SBL,Ever Bounce,True,0,0,0.0,0.0,0.0,,Ever Bounced,False,0.7,High
PR01391701,0.0,0,36150,1832312,SBL,Ever Bounce,False,1,0,0.0,1.0,36150.0,2026-09-16 18:01:14,Ever Bounced,False,0.7,High
PR01399479,0.0,0,11269,834478,Co-Lending,Ever Bounce,True,0,0,0.0,0.0,0.0,,Ever Bounced,False,0.7,High
PR01403961,0.0,0,6778,345448,SBL,Ever Bounce,True,0,0,0.0,0.0,0.0,,Ever Bounced,False,0.7,High
PR01404831,0.0,0,21725,1107177,SBL,Ever Bounce,True,0,0,0.0,0.0,0.0,,Ever Bounced,False,0.7,High
PR01405394,0.0,0,27992,1896189,ME,Ever Bounce,True,0,0,0.0,0.0,0.0,,Ever Bounced,False,0.7,High
PR01405398,0.0,0,6998,474051,ME,Ever Bounce,True,0,0,0.0,0.0,0.0,,Ever Bounced,False,0.7,High
PR01405467,0.0,0,19967,744195,SBL,Ever Bounce,True,0,0,0.0,0.0,0.0,,Ever Bounced,False,0.7,High
PR01405838,0.0,0,10847,734768,ME,Ever Bounce,True,0,0,0.0,0.0,0.0,,Ever Bounced,False,0.7,High
PR01406022,0.0,0,15727,586163,SBL,Ever Bounce,True,0,0,0.0,0.0,0.0,,Ever Bounced,False,0.7,High
PR01406757,0.0,0,16023,1203317,Co-Lending,Ever Bounce,True,0,0,0.0,0.0,0.0,,Ever Bounced,False,0.7,High
PR01406848,0.0,0,15307,735310,SBL,Ever Bounce,True,0,0,0.0,0.0,0.0,,Ever Bounced,False,0.7,High
PR01407296,0.0,0,2357,125742,ME,Ever Bounce,True,0,0,0.0,0.0,0.0,,Ever Bounced,False,0.7,High
PR01407323,0.0,0,8919,441220,SBL,Ever Bounce,True,0,0,0.0,0.0,0.0,,Ever Bounced,False,0.7,High
PR01407400,0.0,0,14934,717365,SBL,Ever Bounce,True,0,0,0.0,0.0,0.0,,Ever Bounced,False,0.7,High
PR01407409,0.0,0,19967,744195,SBL,Ever Bounce,True,0,0,0.0,0.0,0.0,,Ever Bounced,False,0.7,High
PR01408186,0.0,0,16133,873952,ME,Ever Bounce,True,0,0,0.0,0.0,0.0,,Ever Bounced,False,0.7,High
PR01408189,0.0,0,12611,470006,SBL,Ever Bounce,True,0,0,0.0,0.0,0.0,,Ever Bounced,False,0.7,High
PR01408323,0.0,0,17109,601144,SBL,Ever Bounce,True,0,0,0.0,0.0,0.0,,Ever Bounced,False,0.7,High
PR01408333,0.0,0,15816,806020,SBL,Ever Bounce,True,0,0,0.0,0.0,0.0,,Ever Bounced,False,0.7,High
PR01408451,0.0,0,12965,473713,SBL,Ever Bounce,True,0,0,0.0,0.0,0.0,,Ever Bounced,False,0.7,High
PR01408690,0.0,0,12340,628868,SBL,Ever Bounce,True,0,0,0.0,0.0,0.0,,Ever Bounced,False,0.7,High
PR01409579,0.0,0,21622,1069620,SBL,Ever Bounce,True,0,0,0.0,0.0,0.0,,Ever Bounced,False,0.7,High
PR01409661,0.0,0,14520,786544,ME,Ever Bounce,True,0,0,0.0,0.0,0.0,,Ever Bounced,False,0.7,High
PR01409674,0.0,0,12166,620019,SBL,Ever Bounce,True,0,0,0.0,0.0,0.0,,Ever Bounced,False,0.7,High
PR01409703,0.0,0,36616,2468269,Co-Lending,Ever Bounce,True,0,0,0.0,0.0,0.0,,Ever Bounced,False,0.7,High
PR01410123,0.0,0,16217,802193,SBL,Ever Bounce,True,0,0,0.0,0.0,0.0,,Ever Bounced,False,0.7,High
PR01410513,0.0,0,13285,974636,Co-Lending,Ever Bounce,True,0,0,0.0,0.0,0.0,,Ever Bounced,False,0.7,High
PR01410620,0.0,0,16937,837869,SBL,Ever Bounce,True,0,0,0.0,0.0,0.0,,Ever Bounced,False,0.7,High
PR01410664,0.0,0,13366,451891,Micro Loan,Ever Bounce,True,0,0,0.0,0.0,0.0,,Ever Bounced,False,0.7,High
PR01410681,0.0,0,12635,427165,Micro Loan,Ever Bounce,True,0,0,0.0,0.0,0.0,,Ever Bounced,False,0.7,High
PR01410715,0.0,0,29733,2181337,Co-Lending,Ever Bounce,True,0,0,0.0,0.0,0.0,,Ever Bounced,False,0.7,High
PR01410737,0.0,0,13435,592557,SBL,Ever Bounce,True,0,0,0.0,0.0,0.0,,Ever Bounced,False,0.7,High
PR01410795,0.0,0,20721,1025049,SBL,Ever Bounce,True,0,0,0.0,0.0,0.0,,Ever Bounced,False,0.7,High
PR01410829,0.0,0,10361,512504,SBL,Ever Bounce,True,0,0,0.0,0.0,0.0,,Ever Bounced,False,0.7,High
PR01410849,0.0,0,10266,360664,Micro Loan,Ever Bounce,True,0,0,0.0,0.0,0.0,,Ever Bounced,False,0.7,High
PR01410866,0.0,0,13611,998550,Co-Lending,Ever Bounce,True,0,0,0.0,0.0,0.0,,Ever Bounced,False,0.7,High
PR01410870,0.0,0,23463,1195754,SBL,Ever Bounce,True,0,0,0.0,0.0,0.0,,Ever Bounced,False,0.7,High
PR01410876,0.0,0,7878,389749,SBL,Ever Bounce,True,0,0,0.0,0.0,0.0,,Ever Bounced,False,0.7,High
PR01410893,0.0,0,22479,854805,SBL,Ever Bounce,True,0,0,0.0,0.0,0.0,,Ever Bounced,False,0.7,High
PR01410918,0.0,0,19447,710587,SBL,Ever Bounce,True,0,0,0.0,0.0,0.0,,Ever Bounced,False,0.7,High
PR01410977,0.0,0,13904,708594,SBL,Ever Bounce,True,0,0,0.0,0.0,0.0,,Ever Bounced,False,0.7,High
PR01411045,0.0,0,18739,927001,SBL,Ever Bounce,True,0,0,0.0,0.0,0.0,,Ever Bounced,False,0.7,High
PR01411114,0.0,0,18019,891320,SBL,Ever Bounce,True,0,0,0.0,0.0,0.0,,Ever Bounced,False,0.7,High
PR01411121,0.0,0,19118,974314,SBL,Ever Bounce,True,0,0,0.0,0.0,0.0,,Ever Bounced,False,0.7,High
PR01411194,0.0,0,17983,1273940,ME,Ever Bounce,True,0,0,0.0,0.0,0.0,,Ever Bounced,False,0.7,High
PR01411200,0.0,0,8897,312582,Micro Loan,Ever Bounce,True,0,0,0.0,0.0,0.0,,Ever Bounced,False,0.7,High
PR01411286,0.0,0,15179,513172,Micro Loan,Ever Bounce,True,0,0,0.0,0.0,0.0,,Ever Bounced,False,0.7,High
PR01411362,0.0,0,27992,1896189,ME,Ever Bounce,True,0,0,0.0,0.0,0.0,,Ever Bounced,False,0.7,High
PR01411547,0.0,0,32267,1728365,Co-Lending,Ever Bounce,False,1,0,0.0,1.0,45000.0,2026-09-16 13:27:49,Ever Bounced,False,0.7,High
PR01411633,0.0,0,23156,917026,Co-Lending,Ever Bounce,True,0,0,0.0,0.0,0.0,,Ever Bounced,False,0.7,High
PR01411649,0.0,0,17286,631640,SBL,Ever Bounce,True,0,0,0.0,0.0,0.0,,Ever Bounced,False,0.7,High
PR01411753,0.0,0,26070,1328613,SBL,Ever Bounce,True,0,0,0.0,0.0,0.0,,Ever Bounced,False,0.7,High
PR01411756,0.0,0,20856,1062891,SBL,Ever Bounce,True,0,0,0.0,0.0,0.0,,Ever Bounced,False,0.7,High
PR01412396,0.0,0,26467,1390326,ME,Ever Bounce,True,0,0,0.0,0.0,0.0,,Ever Bounced,False,0.7,High
PR01413015,0.0,0,4931,243938,ME,Ever Bounce,True,0,0,0.0,0.0,0.0,,Ever Bounced,False,0.7,High
PR01413066,0.0,0,12134,582857,SBL,Ever Bounce,True,0,0,0.0,0.0,0.0,,Ever Bounced,False,0.7,High
PR01413072,0.0,0,11586,573125,ME,Ever Bounce,True,0,0,0.0,0.0,0.0,,Ever Bounced,False,0.7,High
PR01413105,0.0,0,14224,683311,SBL,Ever Bounce,True,0,0,0.0,0.0,0.0,,Ever Bounced,False,0.7,High
PR01413140,0.0,0,26070,1328613,SBL,Ever Bounce,True,0,0,0.0,0.0,0.0,,Ever Bounced,False,0.7,High
PR01415390,0.0,0,17495,1185120,ME,Ever Bounce,True,0,0,0.0,0.0,0.0,,Ever Bounced,False,0.7,High
PR01428340,0.0,0,17827,658752,SBL,Ever Bounce,True,0,0,0.0,0.0,0.0,,Ever Bounced,False,0.7,High
PR01429352,0.0,0,6126,304619,SBL,Ever Bounce,True,0,0,0.0,0.0,0.0,,Ever Bounced,False,0.7,High
PR01429927,0.0,0,7036,371642,ME,Ever Bounce,True,0,0,0.0,0.0,0.0,,Ever Bounced,False,0.7,High
PR01430156,0.0,0,18916,713248,SBL,Ever Bounce,True,0,0,0.0,0.0,0.0,,Ever Bounced,False,0.7,High
PR01430288,0.0,0,17118,851107,SBL,Ever Bounce,True,0,0,0.0,0.0,0.0,,Ever Bounced,False,0.7,High
PR01430384,0.0,0,21622,1075115,SBL,Ever Bounce,True,0,0,0.0,0.0,0.0,,Ever Bounced,False,0.7,High
PR01430516,0.0,0,15460,724903,SBL,Ever Bounce,True,0,0,0.0,0.0,0.0,,Ever Bounced,False,0.7,High
PR01431079,0.0,0,12253,609208,ME,Ever Bounce,True,0,0,0.0,0.0,0.0,,Ever Bounced,False,0.7,High
PR01431344,0.0,0,14494,679587,SBL,Ever Bounce,True,0,0,0.0,0.0,0.0,,Ever Bounced,False,0.7,High
PR01431453,0.0,0,10051,530935,SBL,Ever Bounce,True,0,0,0.0,0.0,0.0,,Ever Bounced,False,0.7,High
PR01431459,0.0,0,17380,890508,ME,Ever Bounce,True,0,0,0.0,0.0,0.0,,Ever Bounced,False,0.7,High
PR01431488,0.0,0,9619,328529,Micro Loan,Ever Bounce,True,0,0,0.0,0.0,0.0,,Ever Bounced,False,0.7,High
PR01431607,0.0,0,16217,806315,SBL,Ever Bounce,True,0,0,0.0,0.0,0.0,,Ever Bounced,False,0.7,High
PR01431610,0.0,0,8739,434519,SBL,Ever Bounce,True,0,0,0.0,0.0,0.0,,Ever Bounced,False,0.7,High
PR01431628,0.0,0,11976,425344,Micro Loan,Ever Bounce,True,0,0,0.0,0.0,0.0,,Ever Bounced,False,0.7,High
PR01431651,0.0,0,26876,1541527,Co-Lending,Ever Bounce,True,0,0,0.0,0.0,0.0,,Ever Bounced,False,0.7,High
PR01431677,0.0,0,9558,339450,Micro Loan,Ever Bounce,True,0,0,0.0,0.0,0.0,,Ever Bounced,False,0.7,High
PR01431738,0.0,0,12059,428225,Micro Loan,Ever Bounce,True,0,0,0.0,0.0,0.0,,Ever Bounced,False,0.7,High
PR01431745,0.0,0,14187,705382,SBL,Ever Bounce,True,0,0,0.0,0.0,0.0,,Ever Bounced,False,0.7,High
PR01431877,0.0,0,14934,720885,SBL,Ever Bounce,True,0,0,0.0,0.0,0.0,,Ever Bounced,False,0.7,High
PR01432022,0.0,0,18019,895900,SBL,Ever Bounce,True,0,0,0.0,0.0,0.0,,Ever Bounced,False,0.7,High
PR01432064,0.0,0,15269,521539,Micro Loan,Ever Bounce,True,0,0,0.0,0.0,0.0,,Ever Bounced,False,0.7,High
PR01432216,0.0,0,2670,196184,Co-Lending,Ever Bounce,True,0,0,0.0,0.0,0.0,,Ever Bounced,False,0.7,High
PR01432439,0.0,0,14556,988217,ME,Ever Bounce,True,0,0,0.0,0.0,0.0,,Ever Bounced,False,0.7,High
PR01432539,0.0,0,12959,952374,Co-Lending,Ever Bounce,True,0,0,0.0,0.0,0.0,,Ever Bounced,False,0.7,High
PR01432573,0.0,0,18019,895900,SBL,Ever Bounce,True,0,0,0.0,0.0,0.0,,Ever Bounced,False,0.7,High
PR01432629,0.0,0,10218,393185,SBL,Ever Bounce,True,0,0,0.0,0.0,0.0,,Ever Bounced,False,0.7,High
PR01432686,0.0,0,17118,851107,SBL,Ever Bounce,False,1,0,0.0,1.0,17118.0,2026-09-16 17:30:43,Ever Bounced,False,0.7,High
PR01432702,0.0,0,33278,2503788,Co-Lending,Ever Bounce,True,0,0,0.0,0.0,0.0,,Ever Bounced,False,0.7,High
PR01432770,0.0,0,16217,806315,SBL,Ever Bounce,True,0,0,0.0,0.0,0.0,,Ever Bounced,False,0.7,High
PR01432808,0.0,0,26454,2014153,Co-Lending,Ever Bounce,True,0,0,0.0,0.0,0.0,,Ever Bounced,False,0.7,High
PR01432809,0.0,0,14251,730237,SBL,Ever Bounce,True,0,0,0.0,0.0,0.0,,Ever Bounced,False,0.7,High
PR01432977,0.0,0,3799,257925,ME,Ever Bounce,True,0,0,0.0,0.0,0.0,,Ever Bounced,False,0.7,High
PR01433162,0.0,0,15316,761520,SBL,Ever Bounce,True,0,0,0.0,0.0,0.0,,Ever Bounced,False,0.7,High
PR01433269,0.0,0,14415,716727,SBL,Ever Bounce,True,0,0,0.0,0.0,0.0,,Ever Bounced,False,0.7,High
PR01433350,0.0,0,12884,448701,SBL,Ever Bounce,True,0,0,0.0,0.0,0.0,,Ever Bounced,False,0.7,High
PR01433501,0.0,0,11197,760165,ME,Ever Bounce,True,0,0,0.0,0.0,0.0,,Ever Bounced,False,0.7,High
PR01433558,0.0,0,22487,1118108,SBL,Ever Bounce,True,0,0,0.0,0.0,0.0,,Ever Bounced,False,0.7,High
PR01433616,0.0,0,14415,716727,SBL,Ever Bounce,True,0,0,0.0,0.0,0.0,,Ever Bounced,False,0.7,High
PR01433682,0.0,0,16795,1140264,ME,Ever Bounce,True,0,0,0.0,0.0,0.0,,Ever Bounced,False,0.7,High
PR01433708,0.0,0,16398,571069,SBL,Ever Bounce,True,0,0,0.0,0.0,0.0,,Ever Bounced,False,0.7,High
PR01433723,0.0,0,13904,712406,SBL,Ever Bounce,True,0,0,0.0,0.0,0.0,,Ever Bounced,False,0.7,High
PR01433735,0.0,0,20597,776663,SBL,Ever Bounce,True,0,0,0.0,0.0,0.0,,Ever Bounced,False,0.7,High
PR01433799,0.0,0,19888,1350230,ME,Ever Bounce,True,0,0,0.0,0.0,0.0,,Ever Bounced,False,0.7,High
PR01433922,0.0,0,19118,979555,SBL,Ever Bounce,True,0,0,0.0,0.0,0.0,,Ever Bounced,False,0.7,High
PR01433926,0.0,0,14282,1025453,Co-Lending,Ever Bounce,True,0,0,0.0,0.0,0.0,,Ever Bounced,False,0.7,High
PR01433992,0.0,0,12253,627803,Micro Loan,Ever Bounce,True,0,0,0.0,0.0,0.0,,Ever Bounced,False,0.7,High
PR01434028,0.0,0,11244,559037,ME,Ever Bounce,True,0,0,0.0,0.0,0.0,,Ever Bounced,False,0.7,High
PR01434283,0.0,0,15928,792004,SBL,Ever Bounce,True,0,0,0.0,0.0,0.0,,Ever Bounced,False,0.7,High
PR01434375,0.0,0,14415,716727,ME,Ever Bounce,True,0,0,0.0,0.0,0.0,,Ever Bounced,False,0.7,High
PR01434451,0.0,0,14828,526599,SBL,Ever Bounce,True,0,0,0.0,0.0,0.0,,Ever Bounced,False,0.7,High
PR01450680,0.0,0,21018,801486,SBL,Ever Bounce,True,0,0,0.0,0.0,0.0,,Ever Bounced,False,0.7,High
PR01451053,0.0,0,12273,904677,Co-Lending,Ever Bounce,True,0,0,0.0,0.0,0.0,,Ever Bounced,False,0.7,High
PR01451233,0.0,0,26294,1956600,Co-Lending,Ever Bounce,True,0,0,0.0,0.0,0.0,,Ever Bounced,False,0.7,High
PR01451335,0.0,0,19820,990484,SBL,Ever Bounce,True,0,0,0.0,0.0,0.0,,Ever Bounced,False,0.7,High
PR01451361,0.0,0,18979,1398986,Co-Lending,Ever Bounce,True,0,0,0.0,0.0,0.0,,Ever Bounced,False,0.7,High
PR01451375,0.0,0,22774,1678808,Co-Lending,Ever Bounce,True,0,0,0.0,0.0,0.0,,Ever Bounced,False,0.7,High
PR01451523,0.0,0,5414,368118,Co-Lending,Ever Bounce,True,0,0,0.0,0.0,0.0,,Ever Bounced,False,0.7,High
PR01451864,0.0,0,25007,1370448,ME,Ever Bounce,True,0,0,0.0,0.0,0.0,,Ever Bounced,False,0.7,High
PR01452145,0.0,0,37957,2797999,Co-Lending,Ever Bounce,True,0,0,0.0,0.0,0.0,,Ever Bounced,False,0.7,High
PR01452149,0.0,0,19118,984723,SBL,Ever Bounce,True,0,0,0.0,0.0,0.0,,Ever Bounced,False,0.7,High
PR01452367,0.0,0,15793,1191940,Co-Lending,Ever Bounce,True,0,0,0.0,0.0,0.0,,Ever Bounced,False,0.7,High
PR01452372,0.0,0,11713,412057,Micro Loan,Ever Bounce,True,0,0,0.0,0.0,0.0,,Ever Bounced,False,0.7,High
PR01452382,0.0,0,23381,1764686,Co-Lending,Ever Bounce,True,0,0,0.0,0.0,0.0,,Ever Bounced,False,0.7,High
PR01452430,0.0,0,25226,1260598,SBL,Ever Bounce,True,0,0,0.0,0.0,0.0,,Ever Bounced,False,0.7,High
PR01452625,0.0,0,22185,1674467,Co-Lending,Ever Bounce,True,0,0,0.0,0.0,0.0,,Ever Bounced,False,0.7,High
PR01452797,0.0,0,15316,765356,SBL,Ever Bounce,True,0,0,0.0,0.0,0.0,,Ever Bounced,False,0.7,High
PR01452829,0.0,0,14415,720337,ME,Ever Bounce,True,0,0,0.0,0.0,0.0,,Ever Bounced,False,0.7,High
PR01452869,0.0,0,9223,436656,ME,Ever Bounce,True,0,0,0.0,0.0,0.0,,Ever Bounced,False,0.7,High
PR01453267,0.0,0,14415,720337,SBL,Ever Bounce,True,0,0,0.0,0.0,0.0,,Ever Bounced,False,0.7,High
PR01453362,0.0,0,18916,712618,Co-Lending,Ever Bounce,True,0,0,0.0,0.0,0.0,,Ever Bounced,False,0.7,High
PR01453415,0.0,0,17079,955007,Co-Lending,Ever Bounce,True,0,0,0.0,0.0,0.0,,Ever Bounced,False,0.7,High
PR01453488,0.0,0,20558,1367511,ME,Ever Bounce,True,0,0,0.0,0.0,0.0,,Ever Bounced,False,0.7,High
PR01453543,0.0,0,17632,881123,SBL,Ever Bounce,True,0,0,0.0,0.0,0.0,,Ever Bounced,False,0.7,High
PR01453571,0.0,0,8730,643544,Co-Lending,Ever Bounce,True,0,0,0.0,0.0,0.0,,Ever Bounced,False,0.7,High
PR01453593,0.0,0,10509,400743,SBL,Ever Bounce,True,0,0,0.0,0.0,0.0,,Ever Bounced,False,0.7,High
PR01453620,0.0,0,21622,1080529,SBL,Ever Bounce,True,0,0,0.0,0.0,0.0,,Ever Bounced,False,0.7,High
PR01453634,0.0,0,47575,3677627,Co-Lending,Ever Bounce,True,0,0,0.0,0.0,0.0,,Ever Bounced,False,0.7,High
PR01453636,0.0,0,14415,720337,SBL,Ever Bounce,True,0,0,0.0,0.0,0.0,,Ever Bounced,False,0.7,High
PR01453646,0.0,0,20806,1176943,ME,Ever Bounce,True,0,0,0.0,0.0,0.0,,Ever Bounced,False,0.7,High
PR01453656,0.0,0,25007,1370448,ME,Ever Bounce,True,0,0,0.0,0.0,0.0,,Ever Bounced,False,0.7,High
PR01453714,0.0,0,26230,1000269,SBL,Ever Bounce,True,0,0,0.0,0.0,0.0,,Ever Bounced,False,0.7,High
PR01453903,0.0,0,8998,437558,ME,Ever Bounce,True,0,0,0.0,0.0,0.0,,Ever Bounced,False,0.7,High
PR01454012,0.0,0,29964,2132925,ME,Ever Bounce,True,0,0,0.0,0.0,0.0,,Ever Bounced,False,0.7,High
PR01454203,0.0,0,12290,855140,ME,Ever Bounce,True,0,0,0.0,0.0,0.0,,Ever Bounced,False,0.7,High
PR01454311,0.0,0,16814,641199,SBL,Ever Bounce,True,0,0,0.0,0.0,0.0,,Ever Bounced,False,0.7,High
PR01454379,0.0,0,19820,990484,SBL,Ever Bounce,True,0,0,0.0,0.0,0.0,,Ever Bounced,False,0.7,High
PR01454491,0.0,0,18019,900413,SBL,Ever Bounce,True,0,0,0.0,0.0,0.0,,Ever Bounced,False,0.7,High
PR01454566,0.0,0,13874,693338,SBL,Ever Bounce,True,0,0,0.0,0.0,0.0,,Ever Bounced,False,0.7,High
PR01454602,0.0,0,7658,382679,SBL,Ever Bounce,True,0,0,0.0,0.0,0.0,,Ever Bounced,False,0.7,High
PR01454621,0.0,0,8108,405205,SBL,Ever Bounce,True,0,0,0.0,0.0,0.0,,Ever Bounced,False,0.7,High
PR01454671,0.0,0,15528,896730,Co-Lending,Ever Bounce,True,0,0,0.0,0.0,0.0,,Ever Bounced,False,0.7,High
PR01454827,0.0,0,20856,1074246,SBL,Ever Bounce,True,0,0,0.0,0.0,0.0,,Ever Bounced,False,0.7,High
PR01454883,0.0,0,19118,984723,SBL,Ever Bounce,True,0,0,0.0,0.0,0.0,,Ever Bounced,False,0.7,High
PR01454913,0.0,0,20856,1074246,SBL,Ever Bounce,True,0,0,0.0,0.0,0.0,,Ever Bounced,False,0.7,High
PR01455619,0.0,0,9280,463707,ME,Ever Bounce,True,0,0,0.0,0.0,0.0,,Ever Bounced,False,0.7,High
PR01455705,0.0,0,24055,1277737,ME,Ever Bounce,True,0,0,0.0,0.0,0.0,,Ever Bounced,False,0.7,High
PR01455802,0.0,0,17978,671689,SBL,Ever Bounce,True,0,0,0.0,0.0,0.0,,Ever Bounced,False,0.7,High
PR01459529,0.0,0,5025,268392,ME,Ever Bounce,True,0,0,0.0,0.0,0.0,,Ever Bounced,False,0.7,High
PR01466164,0.0,0,9929,577210,Co-Lending,Ever Bounce,True,0,0,0.0,0.0,0.0,,Ever Bounced,False,0.7,High
PR01466262,0.0,0,24891,1750207,ME,Ever Bounce,True,0,0,0.0,0.0,0.0,,Ever Bounced,False,0.7,High
PR01468301,0.0,0,13904,719870,SBL,Ever Bounce,True,0,0,0.0,0.0,0.0,,Ever Bounced,False,0.7,High
PR01470712,0.0,0,11342,625089,ME,Ever Bounce,True,0,0,0.0,0.0,0.0,,Ever Bounced,False,0.7,High
PR01472234,0.0,0,18423,953819,SBL,Ever Bounce,True,0,0,0.0,0.0,0.0,,Ever Bounced,False,0.7,High
PR01472241,0.0,0,13067,636796,SBL,Ever Bounce,True,0,0,0.0,0.0,0.0,,Ever Bounced,False,0.7,High
PR01472482,0.0,0,1022,40223,ME,Ever Bounce,True,0,0,0.0,0.0,0.0,,Ever Bounced,False,0.7,High
PR01472651,0.0,0,31631,2338637,Co-Lending,Ever Bounce,True,0,0,0.0,0.0,0.0,,Ever Bounced,False,0.7,High
PR01474123,0.0,0,13382,692891,SBL,Ever Bounce,True,0,0,0.0,0.0,0.0,,Ever Bounced,False,0.7,High
PR01474226,0.0,0,17865,688807,SBL,Ever Bounce,False,1,0,0.0,1.0,17865.0,2026-09-10 20:50:41,Ever Bounced,False,0.7,High
PR01474296,0.0,0,13382,692891,SBL,Ever Bounce,True,0,0,0.0,0.0,0.0,,Ever Bounced,False,0.7,High
PR01474323,0.0,0,14955,751054,SBL,Ever Bounce,True,0,0,0.0,0.0,0.0,,Ever Bounced,False,0.7,High
PR01474890,0.0,0,14918,587351,SBL,Ever Bounce,True,0,0,0.0,0.0,0.0,,Ever Bounced,False,0.7,High
PR01475271,0.0,0,13401,715690,SBL,Ever Bounce,True,0,0,0.0,0.0,0.0,,Ever Bounced,False,0.7,High
PR01475308,0.0,0,41906,3172638,Co-Lending,Ever Bounce,False,1,0,0.0,1.0,41906.0,2026-09-09 11:04:15,Ever Bounced,False,0.7,High
PR01475976,0.0,0,28477,1520848,SBL,Ever Bounce,True,0,0,0.0,0.0,0.0,,Ever Bounced,False,0.7,High
PR01476187,0.0,0,31631,2338637,Co-Lending,Ever Bounce,True,0,0,0.0,0.0,0.0,,Ever Bounced,False,0.7,High
PR01476432,0.0,0,9448,504554,ME,Ever Bounce,True,0,0,0.0,0.0,0.0,,Ever Bounced,False,0.7,High
PR01477212,0.0,0,15763,607776,SBL,Ever Bounce,True,0,0,0.0,0.0,0.0,,Ever Bounced,False,0.7,High
PR01477617,0.0,0,21442,1076801,SBL,Ever Bounce,True,0,0,0.0,0.0,0.0,,Ever Bounced,False,0.7,High
PR01477670,0.0,0,5181,370625,Co-Lending,Ever Bounce,True,0,0,0.0,0.0,0.0,,Ever Bounced,False,0.7,High
PR01477802,0.0,0,20856,1079805,SBL,Ever Bounce,True,0,0,0.0,0.0,0.0,,Ever Bounced,False,0.7,High
PR01477819,0.0,0,25221,972440,SBL,Ever Bounce,False,1,0,0.0,1.0,25221.0,2026-09-12 17:37:38,Ever Bounced,False,0.7,High
PR01478420,0.0,0,5568,269010,SBL,Ever Bounce,False,1,0,0.0,1.0,5568.0,2026-09-15 13:51:35,Ever Bounced,False,0.7,High
PR01478603,0.0,0,8927,608715,ME,Ever Bounce,True,0,0,0.0,0.0,0.0,,Ever Bounced,False,0.7,High
PR01478746,0.0,0,14469,646137,SBL,Ever Bounce,False,1,0,0.0,1.0,14470.0,2026-09-10 16:15:45,Ever Bounced,False,0.7,High
PR01478814,0.0,0,19967,769834,SBL,Ever Bounce,True,0,0,0.0,0.0,0.0,,Ever Bounced,False,0.7,High
PR01478856,0.0,0,19987,1034809,SBL,Ever Bounce,True,0,0,0.0,0.0,0.0,,Ever Bounced,False,0.7,High
PR01478864,0.0,0,14415,723894,SBL,Ever Bounce,True,0,0,0.0,0.0,0.0,,Ever Bounced,False,0.7,High
PR01478984,0.0,0,31544,1864140,Co-Lending,Ever Bounce,True,0,0,0.0,0.0,0.0,,Ever Bounced,False,0.7,High
PR01478995,0.0,0,14942,541673,Micro Loan,Ever Bounce,True,0,0,0.0,0.0,0.0,,Ever Bounced,False,0.7,High
PR01479055,0.0,0,7993,278379,Micro Loan,Ever Bounce,True,0,0,0.0,0.0,0.0,,Ever Bounced,False,0.7,High
PR01479061,0.0,0,23328,1207792,SBL,Ever Bounce,True,0,0,0.0,0.0,0.0,,Ever Bounced,False,0.7,High
PR01479088,0.0,0,19414,764354,SBL,Ever Bounce,True,0,0,0.0,0.0,0.0,,Ever Bounced,False,0.7,High
PR01479457,0.0,0,6211,349479,Co-Lending,Ever Bounce,True,0,0,0.0,0.0,0.0,,Ever Bounced,False,0.7,High
PR01479549,0.0,0,24561,1233428,SBL,Ever Bounce,True,0,0,0.0,0.0,0.0,,Ever Bounced,False,0.7,High
PR01479574,0.0,0,11595,548620,SBL,Ever Bounce,True,0,0,0.0,0.0,0.0,,Ever Bounced,False,0.7,High
PR01479769,0.0,0,7840,382087,SBL,Ever Bounce,True,0,0,0.0,0.0,0.0,,Ever Bounced,False,0.7,High
PR01479999,0.0,0,10893,387015,Micro Loan,Ever Bounce,True,0,0,0.0,0.0,0.0,,Ever Bounced,False,0.7,High
PR01480406,0.0,0,9370,332930,Micro Loan,Ever Bounce,True,0,0,0.0,0.0,0.0,,Ever Bounced,False,0.7,High
PR01480609,0.0,0,22487,1129287,SBL,Ever Bounce,True,0,0,0.0,0.0,0.0,,Ever Bounced,False,0.7,High
PR01480655,0.0,0,22122,1127990,SBL,Ever Bounce,True,0,0,0.0,0.0,0.0,,Ever Bounced,False,0.7,High
PR01480671,0.0,0,21237,1082873,SBL,Ever Bounce,True,0,0,0.0,0.0,0.0,,Ever Bounced,False,0.7,High
PR01481561,0.0,0,15642,809853,SBL,Ever Bounce,True,0,0,0.0,0.0,0.0,,Ever Bounced,False,0.7,High
PR01481878,0.0,0,11063,754420,ME,Ever Bounce,True,0,0,0.0,0.0,0.0,,Ever Bounced,False,0.7,High
PR01482000,0.0,0,9276,614893,ME,Ever Bounce,True,0,0,0.0,0.0,0.0,,Ever Bounced,False,0.7,High
PR01482053,0.0,0,8873,489059,ME,Ever Bounce,True,0,0,0.0,0.0,0.0,,Ever Bounced,False,0.7,High
PR01482056,0.0,0,17380,899838,SBL,Ever Bounce,True,0,0,0.0,0.0,0.0,,Ever Bounced,False,0.7,High
PR01482060,0.0,0,21557,1377602,ME,Ever Bounce,True,0,0,0.0,0.0,0.0,,Ever Bounced,False,0.7,High
PR01482885,0.0,0,17495,1192966,ME,Ever Bounce,True,0,0,0.0,0.0,0.0,,Ever Bounced,False,0.7,High
PR01482950,0.0,0,17495,1192966,ME,Ever Bounce,True,0,0,0.0,0.0,0.0,,Ever Bounced,False,0.7,High
PR01484501,0.0,0,17380,899838,SBL,Ever Bounce,True,0,0,0.0,0.0,0.0,,Ever Bounced,False,0.7,High
PR01491651,0.0,0,5183,354211,ME,Ever Bounce,True,0,0,0.0,0.0,0.0,,Ever Bounced,False,0.7,High
PR01494342,0.0,0,6521,436586,ME,Ever Bounce,True,0,0,0.0,0.0,0.0,,Ever Bounced,False,0.7,High
PR01495298,0.0,0,20793,1389556,ME,Ever Bounce,True,0,0,0.0,0.0,0.0,,Ever Bounced,False,0.7,High
PR01499898,0.0,0,7772,557075,Co-Lending,Ever Bounce,True,0,0,0.0,0.0,0.0,,Ever Bounced,False,0.7,High
PR01499906,0.0,0,21622,1091118,SBL,Ever Bounce,True,0,0,0.0,0.0,0.0,,Ever Bounced,False,0.7,High
PR01499947,0.0,0,27981,1456113,SBL,Ever Bounce,True,0,0,0.0,0.0,0.0,,Ever Bounced,False,0.7,High
PR01499950,0.0,0,8193,572668,ME,Ever Bounce,True,0,0,0.0,0.0,0.0,,Ever Bounced,False,0.7,High
PR01499951,0.0,0,9797,669499,ME,Ever Bounce,True,0,0,0.0,0.0,0.0,,Ever Bounced,False,0.7,High
PR01499975,0.0,0,16867,605013,SBL,Ever Bounce,True,0,0,0.0,0.0,0.0,,Ever Bounced,False,0.7,High
PR01500331,0.0,0,19820,1000190,SBL,Ever Bounce,True,0,0,0.0,0.0,0.0,,Ever Bounced,False,0.7,High
PR01500700,0.0,0,21622,1091118,SBL,Ever Bounce,True,0,0,0.0,0.0,0.0,,Ever Bounced,False,0.7,High
PR01500816,0.0,0,15460,734709,SBL,Ever Bounce,True,0,0,0.0,0.0,0.0,,Ever Bounced,False,0.7,High
PR01501189,0.0,0,16833,591726,SBL,Ever Bounce,True,0,0,0.0,0.0,0.0,,Ever Bounced,False,0.7,High
PR01501226,0.0,0,17765,663936,SBL,Ever Bounce,True,0,0,0.0,0.0,0.0,,Ever Bounced,False,0.7,High
PR01501656,0.0,0,5214,271322,SBL,Ever Bounce,True,0,0,0.0,0.0,0.0,,Ever Bounced,False,0.7,High
PR01501667,0.0,0,3336,252984,Co-Lending,Ever Bounce,True,0,0,0.0,0.0,0.0,,Ever Bounced,False,0.7,High
PR01502114,0.0,0,13528,642853,SBL,Ever Bounce,True,0,0,0.0,0.0,0.0,,Ever Bounced,False,0.7,High
PR01502510,0.0,0,17118,863779,SBL,Ever Bounce,True,0,0,0.0,0.0,0.0,,Ever Bounced,False,0.7,High
PR01502583,0.0,0,17765,663936,SBL,Ever Bounce,True,0,0,0.0,0.0,0.0,,Ever Bounced,False,0.7,High
PR01502636,0.0,0,19601,959588,SBL,Ever Bounce,True,0,0,0.0,0.0,0.0,,Ever Bounced,False,0.7,High
PR01502663,0.0,0,8763,438284,ME,Ever Bounce,False,1,0,0.0,1.0,8763.0,2026-09-17 12:52:58,Ever Bounced,False,0.7,High
PR01502682,0.0,0,9125,334065,Micro Loan,Ever Bounce,True,0,0,0.0,0.0,0.0,,Ever Bounced,False,0.7,High
PR01502806,0.0,0,15043,770835,SBL,Ever Bounce,True,0,0,0.0,0.0,0.0,,Ever Bounced,False,0.7,High
PR01502813,0.0,0,5994,268765,SBL,Ever Bounce,True,0,0,0.0,0.0,0.0,,Ever Bounced,False,0.7,High
PR01503081,0.0,0,14162,760372,SBL,Ever Bounce,True,0,0,0.0,0.0,0.0,,Ever Bounced,False,0.7,High
PR01503102,0.0,0,18019,909239,SBL,Ever Bounce,True,0,0,0.0,0.0,0.0,,Ever Bounced,False,0.7,High
PR01503130,0.0,0,12166,633083,SBL,Ever Bounce,True,0,0,0.0,0.0,0.0,,Ever Bounced,False,0.7,High
PR01503137,0.0,0,18019,909239,SBL,Ever Bounce,True,0,0,0.0,0.0,0.0,,Ever Bounced,False,0.7,High
PR01503146,0.0,0,24871,979565,SBL,Ever Bounce,True,0,0,0.0,0.0,0.0,,Ever Bounced,False,0.7,High
PR01503154,0.0,0,8174,325409,SBL,Ever Bounce,True,0,0,0.0,0.0,0.0,,Ever Bounced,False,0.7,High
PR01503197,0.0,0,12953,928466,Co-Lending,Ever Bounce,True,0,0,0.0,0.0,0.0,,Ever Bounced,False,0.7,High
PR01503209,0.0,0,4817,220246,SBL,Ever Bounce,False,1,0,0.0,1.0,4817.0,2026-09-17 12:54:02,Ever Bounced,False,0.7,High
PR01503249,0.0,0,16217,818319,SBL,Ever Bounce,True,0,0,0.0,0.0,0.0,,Ever Bounced,False,0.7,High
PR01503257,0.0,0,29095,1121977,SBL,Ever Bounce,True,0,0,0.0,0.0,0.0,,Ever Bounced,False,0.7,High
PR01503295,0.0,0,12565,643883,SBL,Ever Bounce,True,0,0,0.0,0.0,0.0,,Ever Bounced,False,0.7,High
PR01512809,0.0,0,12024,426501,Micro Loan,Ever Bounce,True,0,0,0.0,0.0,0.0,,Ever Bounced,False,0.7,High
PR01513293,0.0,0,33717,1763285,ME,Ever Bounce,True,0,0,0.0,0.0,0.0,,Ever Bounced,False,0.7,High
PR01516212,0.0,0,14712,579399,SBL,Ever Bounce,False,1,0,0.0,1.0,14712.0,2026-09-11 11:24:24,Ever Bounced,False,0.7,High
PR01517632,0.0,0,8873,494477,ME,Ever Bounce,True,0,0,0.0,0.0,0.0,,Ever Bounced,False,0.7,High
PR01519944,0.0,0,13904,727127,SBL,Ever Bounce,True,0,0,0.0,0.0,0.0,,Ever Bounced,False,0.7,High
PR01520020,0.0,0,7137,205880,ME,Ever Bounce,True,0,0,0.0,0.0,0.0,,Ever Bounced,False,0.7,High
PR01520230,0.0,0,8690,454453,ME,Ever Bounce,True,0,0,0.0,0.0,0.0,,Ever Bounced,False,0.7,High
PR01520855,0.0,0,20570,1146278,Co-Lending,Ever Bounce,True,0,0,0.0,0.0,0.0,,Ever Bounced,False,0.7,High
PR01521648,0.0,0,2870,218369,Co-Lending,Ever Bounce,True,0,0,0.0,0.0,0.0,,Ever Bounced,False,0.7,High
PR01522224,0.0,0,16133,899046,SBL,Ever Bounce,True,0,0,0.0,0.0,0.0,,Ever Bounced,False,0.7,High
PR01522418,0.0,0,13857,523004,Micro Loan,Ever Bounce,True,0,0,0.0,0.0,0.0,,Ever Bounced,False,0.7,High
PR01524065,0.0,0,7616,394673,ME,Ever Bounce,True,0,0,0.0,0.0,0.0,,Ever Bounced,False,0.7,High
PR01524915,0.0,0,10319,617173,Co-Lending,Ever Bounce,True,0,0,0.0,0.0,0.0,,Ever Bounced,False,0.7,High
PR01524973,0.0,0,6325,229010,Micro Loan,Ever Bounce,True,0,0,0.0,0.0,0.0,,Ever Bounced,False,0.7,High
PR01524985,0.0,0,4311,274519,Co-Lending,Ever Bounce,True,0,0,0.0,0.0,0.0,,Ever Bounced,False,0.7,High
PR01525973,0.0,0,13296,910514,ME,Ever Bounce,True,0,0,0.0,0.0,0.0,,Ever Bounced,False,0.7,High
PR01526739,0.0,0,6998,479217,ME,Ever Bounce,True,0,0,0.0,0.0,0.0,,Ever Bounced,False,0.7,High
PR01527132,0.0,0,11547,435851,SBL,Ever Bounce,True,0,0,0.0,0.0,0.0,,Ever Bounced,False,0.7,High
PR01527162,0.0,0,6516,256573,ME,Ever Bounce,True,0,0,0.0,0.0,0.0,,Ever Bounced,False,0.7,High
PR01527224,0.0,0,13552,646820,ME,Ever Bounce,True,0,0,0.0,0.0,0.0,,Ever Bounced,False,0.7,High
PR01527230,0.0,0,9680,539422,Home Loan,Ever Bounce,False,1,0,0.0,1.0,9680.0,2026-09-12 20:10:40,Ever Bounced,False,0.7,High
PR01527703,0.0,0,32458,2354497,Co-Lending,Ever Bounce,True,0,0,0.0,0.0,0.0,,Ever Bounced,False,0.7,High
PR01527788,0.0,0,21622,1096296,SBL,Ever Bounce,True,0,0,0.0,0.0,0.0,,Ever Bounced,False,0.7,High
PR01528137,0.0,0,10271,520718,SBL,Ever Bounce,True,0,0,0.0,0.0,0.0,,Ever Bounced,False,0.7,High
PR01528287,0.0,0,17765,670526,SBL,Ever Bounce,True,0,0,0.0,0.0,0.0,,Ever Bounced,False,0.7,High
PR01528444,0.0,0,8417,298541,Micro Loan,Ever Bounce,True,0,0,0.0,0.0,0.0,,Ever Bounced,False,0.7,High
PR01528521,0.0,0,15078,764462,SBL,Ever Bounce,True,0,0,0.0,0.0,0.0,,Ever Bounced,False,0.7,High
PR01528550,0.0,0,16795,1150120,ME,Ever Bounce,True,0,0,0.0,0.0,0.0,,Ever Bounced,False,0.7,High
PR01528572,0.0,0,34675,2575423,Co-Lending,Ever Bounce,True,0,0,0.0,0.0,0.0,,Ever Bounced,False,0.7,High
PR01528603,0.0,0,7821,409010,SBL,Ever Bounce,True,0,0,0.0,0.0,0.0,,Ever Bounced,False,0.7,High
PR01528622,0.0,0,6802,467985,Co-Lending,Ever Bounce,True,0,0,0.0,0.0,0.0,,Ever Bounced,False,0.7,High
PR01528637,0.0,0,11976,442709,Micro Loan,Ever Bounce,True,0,0,0.0,0.0,0.0,,Ever Bounced,False,0.7,High
PR01528651,0.0,0,19421,1442479,Co-Lending,Ever Bounce,True,0,0,0.0,0.0,0.0,,Ever Bounced,False,0.7,High
PR01528689,0.0,0,16133,899046,ME,Ever Bounce,True,0,0,0.0,0.0,0.0,,Ever Bounced,False,0.7,High
PR01528714,0.0,0,5736,384101,ME,Ever Bounce,True,0,0,0.0,0.0,0.0,,Ever Bounced,False,0.7,High
PR01528739,0.0,0,11713,424089,Micro Loan,Ever Bounce,True,0,0,0.0,0.0,0.0,,Ever Bounced,False,0.7,High
PR01528746,0.0,0,15631,554456,SBL,Ever Bounce,True,0,0,0.0,0.0,0.0,,Ever Bounced,False,0.7,High
PR01528748,0.0,0,9097,622990,ME,Ever Bounce,True,0,0,0.0,0.0,0.0,,Ever Bounced,False,0.7,High
PR01528751,0.0,0,20994,1437645,ME,Ever Bounce,True,0,0,0.0,0.0,0.0,,Ever Bounced,False,0.7,High
PR01528766,0.0,0,5019,336087,ME,Ever Bounce,True,0,0,0.0,0.0,0.0,,Ever Bounced,False,0.7,High
PR01528886,0.0,0,10882,532470,ME,Ever Bounce,True,0,0,0.0,0.0,0.0,,Ever Bounced,False,0.7,High
PR01528951,0.0,0,4337,219855,SBL,Ever Bounce,True,0,0,0.0,0.0,0.0,,Ever Bounced,False,0.7,High
PR01529022,0.0,0,9171,457911,SBL,Ever Bounce,True,0,0,0.0,0.0,0.0,,Ever Bounced,False,0.7,High
PR01529023,0.0,0,9815,490077,SBL,Ever Bounce,True,0,0,0.0,0.0,0.0,,Ever Bounced,False,0.7,High
PR01531646,0.0,0,6718,460049,ME,Ever Bounce,True,0,0,0.0,0.0,0.0,,Ever Bounced,False,0.7,High
PR01534233,0.0,0,17698,915607,SBL,Ever Bounce,True,0,0,0.0,0.0,0.0,,Ever Bounced,False,0.7,High
PR01539895,0.0,0,15544,592398,SBL,Ever Bounce,True,0,0,0.0,0.0,0.0,,Ever Bounced,False,0.7,High
PR01542030,0.0,0,18426,999586,ME,Ever Bounce,True,0,0,0.0,0.0,0.0,,Ever Bounced,False,0.7,High
PR01545959,0.0,0,25305,1329845,ME,Ever Bounce,True,0,0,0.0,0.0,0.0,,Ever Bounced,False,0.7,High
PR01546928,0.0,0,13451,535157,ME,Ever Bounce,True,0,0,0.0,0.0,0.0,,Ever Bounced,False,0.7,High
PR01546929,0.0,0,20726,833561,SBL,Ever Bounce,True,0,0,0.0,0.0,0.0,,Ever Bounced,False,0.7,High
PR01547843,0.0,0,8669,323429,Micro Loan,Ever Bounce,False,1,0,0.0,1.0,8669.0,2026-09-12 15:00:02,Ever Bounced,False,0.7,High
PR01548364,0.0,0,5091,349340,ME,Ever Bounce,True,0,0,0.0,0.0,0.0,,Ever Bounced,False,0.7,High
PR01549099,0.0,0,15247,854229,ME,Ever Bounce,True,0,0,0.0,0.0,0.0,,Ever Bounced,False,0.7,High
PR01549126,0.0,0,13975,770358,ME,Ever Bounce,True,0,0,0.0,0.0,0.0,,Ever Bounced,False,0.7,High
PR01549686,0.0,0,13226,473315,Micro Loan,Ever Bounce,True,0,0,0.0,0.0,0.0,,Ever Bounced,False,0.7,High
PR01550153,0.0,0,24200,1355809,ME,Ever Bounce,True,0,0,0.0,0.0,0.0,,Ever Bounced,False,0.7,High
PR01550470,0.0,0,12884,470762,Micro Loan,Ever Bounce,True,0,0,0.0,0.0,0.0,,Ever Bounced,False,0.7,High
PR01550779,0.0,0,11472,769731,ME,Ever Bounce,True,0,0,0.0,0.0,0.0,,Ever Bounced,False,0.7,High
PR01551519,0.0,0,12338,432561,SBL,Ever Bounce,True,0,0,0.0,0.0,0.0,,Ever Bounced,False,0.7,High
PR01551534,0.0,0,12338,432561,SBL,Ever Bounce,True,0,0,0.0,0.0,0.0,,Ever Bounced,False,0.7,High
PR01551544,0.0,0,15544,592398,SBL,Ever Bounce,True,0,0,0.0,0.0,0.0,,Ever Bounced,False,0.7,High
PR01551548,0.0,0,37328,2209338,Co-Lending,Ever Bounce,True,0,0,0.0,0.0,0.0,,Ever Bounced,False,0.7,High
PR01551553,0.0,0,13996,960420,ME,Ever Bounce,True,0,0,0.0,0.0,0.0,,Ever Bounced,False,0.7,High
PR01552054,0.0,0,18019,917807,SBL,Ever Bounce,True,0,0,0.0,0.0,0.0,,Ever Bounced,False,0.7,High
PR01552475,0.0,0,9125,340454,Micro Loan,Ever Bounce,True,0,0,0.0,0.0,0.0,,Ever Bounced,False,0.7,High
PR01552703,0.0,0,13997,550828,SBL,Ever Bounce,True,0,0,0.0,0.0,0.0,,Ever Bounced,False,0.7,High
PR01552718,0.0,0,15981,1135603,Co-Lending,Ever Bounce,True,0,0,0.0,0.0,0.0,,Ever Bounced,False,0.7,High
PR01552758,0.0,0,13514,688363,SBL,Ever Bounce,True,0,0,0.0,0.0,0.0,,Ever Bounced,False,0.7,High
PR01552801,0.0,0,3476,182669,SBL,Ever Bounce,True,0,0,0.0,0.0,0.0,,Ever Bounced,False,0.7,High
PR01553062,0.0,0,19114,988850,SBL,Ever Bounce,True,0,0,0.0,0.0,0.0,,Ever Bounced,False,0.7,High
PR01553248,0.0,0,14340,962165,ME,Ever Bounce,True,0,0,0.0,0.0,0.0,,Ever Bounced,False,0.7,High
PR01553459,0.0,0,15395,1056479,ME,Ever Bounce,True,0,0,0.0,0.0,0.0,,Ever Bounced,False,0.7,High
PR01553969,0.0,0,17865,710745,SBL,Ever Bounce,True,0,0,0.0,0.0,0.0,,Ever Bounced,False,0.7,High
PR01553995,0.0,0,14395,669706,SBL,Ever Bounce,True,0,0,0.0,0.0,0.0,,Ever Bounced,False,0.7,High
PR01554013,0.0,0,24200,1355809,ME,Ever Bounce,True,0,0,0.0,0.0,0.0,,Ever Bounced,False,0.7,High
PR01554057,0.0,0,17380,913351,SBL,Ever Bounce,True,0,0,0.0,0.0,0.0,,Ever Bounced,False,0.7,High
PR01554064,0.0,0,22774,1696421,Co-Lending,Ever Bounce,True,0,0,0.0,0.0,0.0,,Ever Bounced,False,0.7,High
PR01554087,0.0,0,24234,1590329,ME,Ever Bounce,True,0,0,0.0,0.0,0.0,,Ever Bounced,False,0.7,High
PR01554099,0.0,0,16197,604304,SBL,Ever Bounce,True,0,0,0.0,0.0,0.0,,Ever Bounced,False,0.7,High
PR01554773,0.0,0,14415,734251,SBL,Ever Bounce,True,0,0,0.0,0.0,0.0,,Ever Bounced,False,0.7,High
PR01555072,0.0,0,11763,644922,ME,Ever Bounce,True,0,0,0.0,0.0,0.0,,Ever Bounced,False,0.7,High
PR01555208,0.0,0,10535,590232,ME,Ever Bounce,True,0,0,0.0,0.0,0.0,,Ever Bounced,False,0.7,High
PR01555216,0.0,0,17380,913351,SBL,Ever Bounce,True,0,0,0.0,0.0,0.0,,Ever Bounced,False,0.7,High
PR01555598,0.0,0,19360,1084645,ME,Ever Bounce,False,1,0,0.0,1.0,19360.0,2026-09-14 17:10:17,Ever Bounced,False,0.7,High
PR01555778,0.0,0,12166,639345,SBL,Ever Bounce,True,0,0,0.0,0.0,0.0,,Ever Bounced,False,0.7,High
PR01555952,0.0,0,6747,365998,ME,Ever Bounce,False,1,0,0.0,1.0,6747.0,2026-09-16 09:49:32,Ever Bounced,False,0.7,High
PR01555985,0.0,0,12166,639345,SBL,Ever Bounce,False,1,0,0.0,1.0,12166.0,2026-09-17 12:52:25,Ever Bounced,False,0.7,High
PR01559939,0.0,0,6974,249559,SBL,Ever Bounce,True,0,0,0.0,0.0,0.0,,Ever Bounced,False,0.7,High
PR01563069,0.0,0,8649,442561,SBL,Ever Bounce,True,0,0,0.0,0.0,0.0,,Ever Bounced,False,0.7,High
PR01564567,0.0,0,7748,396465,SBL,Ever Bounce,True,0,0,0.0,0.0,0.0,,Ever Bounced,False,0.7,High
PR01570779,0.0,0,16133,908655,Co-Lending,Ever Bounce,True,0,0,0.0,0.0,0.0,,Ever Bounced,False,0.7,High
PR01570861,0.0,0,10775,569005,SBL,Ever Bounce,True,0,0,0.0,0.0,0.0,,Ever Bounced,False,0.7,High
PR01571702,0.0,0,6306,322713,SBL,Ever Bounce,True,0,0,0.0,0.0,0.0,,Ever Bounced,False,0.7,High
PR01572492,0.0,0,15343,616493,SBL,Ever Bounce,True,0,0,0.0,0.0,0.0,,Ever Bounced,False,0.7,High
PR01573569,0.0,0,12650,466299,Micro Loan,Ever Bounce,True,0,0,0.0,0.0,0.0,,Ever Bounced,False,0.7,High
PR01574415,0.0,0,16349,671582,SBL,Ever Bounce,True,0,0,0.0,0.0,0.0,,Ever Bounced,False,0.7,High
PR01575557,0.0,0,13904,734183,SBL,Ever Bounce,True,0,0,0.0,0.0,0.0,,Ever Bounced,False,0.7,High
PR01576629,0.0,0,13857,533033,SBL,Ever Bounce,True,0,0,0.0,0.0,0.0,,Ever Bounced,False,0.7,High
PR01576641,0.0,0,4840,272595,Home Loan,Ever Bounce,True,0,0,0.0,0.0,0.0,,Ever Bounced,False,0.7,High
PR01576651,0.0,0,14305,587645,SBL,Ever Bounce,True,0,0,0.0,0.0,0.0,,Ever Bounced,False,0.7,High
PR01576774,0.0,0,7218,519710,Home Loan,Ever Bounce,True,0,0,0.0,0.0,0.0,,Ever Bounced,False,0.7,High
PR01577923,0.0,0,6952,367091,SBL,Ever Bounce,True,0,0,0.0,0.0,0.0,,Ever Bounced,False,0.7,High
PR01577965,0.0,0,8621,317763,Micro Loan,Ever Bounce,True,0,0,0.0,0.0,0.0,,Ever Bounced,False,0.7,High
PR01577974,0.0,0,6534,324128,SBL,Ever Bounce,True,0,0,0.0,0.0,0.0,,Ever Bounced,False,0.7,High
PR01578710,0.0,0,9993,384398,SBL,Ever Bounce,False,1,0,0.0,1.0,10000.0,2026-09-16 17:34:42,Ever Bounced,False,0.7,High
PR01578714,0.0,0,7254,294705,ME,Ever Bounce,True,0,0,0.0,0.0,0.0,,Ever Bounced,False,0.7,High
PR01578738,0.0,0,11713,431754,Micro Loan,Ever Bounce,True,0,0,0.0,0.0,0.0,,Ever Bounced,False,0.7,High
PR01578852,0.0,0,8199,302232,Micro Loan,Ever Bounce,True,0,0,0.0,0.0,0.0,,Ever Bounced,False,0.7,High
PR01578905,0.0,0,17380,917730,SBL,Ever Bounce,True,0,0,0.0,0.0,0.0,,Ever Bounced,False,0.7,High
PR01578909,0.0,0,12166,642410,SBL,Ever Bounce,True,0,0,0.0,0.0,0.0,,Ever Bounced,False,0.7,High
PR01579433,0.0,0,11504,597920,SBL,Ever Bounce,True,0,0,0.0,0.0,0.0,,Ever Bounced,False,0.7,High
PR01579756,0.0,0,18566,1352468,Co-Lending,Ever Bounce,True,0,0,0.0,0.0,0.0,,Ever Bounced,False,0.7,High
PR01579870,0.0,0,9009,461009,SBL,Ever Bounce,True,0,0,0.0,0.0,0.0,,Ever Bounced,False,0.7,High
PR01579931,0.0,0,17286,679553,SBL,Ever Bounce,True,0,0,0.0,0.0,0.0,,Ever Bounced,False,0.7,High
PR01580001,0.0,0,17765,683383,SBL,Ever Bounce,False,1,0,0.0,1.0,17765.0,2026-09-09 16:52:38,Ever Bounced,False,0.7,High
PR01580009,0.0,0,5462,384264,Home Loan,Ever Bounce,True,0,0,0.0,0.0,0.0,,Ever Bounced,False,0.7,High
PR01580040,0.0,0,13514,691504,SBL,Ever Bounce,True,0,0,0.0,0.0,0.0,,Ever Bounced,False,0.7,High
PR01580066,0.0,0,3514,179780,SBL,Ever Bounce,True,0,0,0.0,0.0,0.0,,Ever Bounced,False,0.7,High
PR01580070,0.0,0,13516,477419,SBL,Ever Bounce,True,0,0,0.0,0.0,0.0,,Ever Bounced,False,0.7,High
PR01580437,0.0,0,12166,642410,SBL,Ever Bounce,True,0,0,0.0,0.0,0.0,,Ever Bounced,False,0.7,High
PR01581006,0.0,0,16095,1106757,ME,Ever Bounce,True,0,0,0.0,0.0,0.0,,Ever Bounced,False,0.7,High
PR01581749,0.0,0,24293,1812241,Co-Lending,Ever Bounce,True,0,0,0.0,0.0,0.0,,Ever Bounced,False,0.7,High
PR01582266,0.0,0,9353,352164,Micro Loan,Ever Bounce,True,0,0,0.0,0.0,0.0,,Ever Bounced,False,0.7,High
PR01582330,0.0,0,13306,680795,SBL,Ever Bounce,True,0,0,0.0,0.0,0.0,,Ever Bounced,False,0.7,High
PR01582341,0.0,0,32818,2419013,ME,Ever Bounce,True,0,0,0.0,0.0,0.0,,Ever Bounced,False,0.7,High
PR01582375,0.0,0,23793,1636060,ME,Ever Bounce,True,0,0,0.0,0.0,0.0,,Ever Bounced,False,0.7,High
PR01582393,0.0,0,9125,343567,Micro Loan,Ever Bounce,True,0,0,0.0,0.0,0.0,,Ever Bounced,False,0.7,High
PR01582454,0.0,0,12613,645405,SBL,Ever Bounce,True,0,0,0.0,0.0,0.0,,Ever Bounced,False,0.7,High
PR01588253,0.0,0,11757,810026,ME,Ever Bounce,False,1,0,0.0,1.0,11757.0,2026-09-12 13:07:52,Ever Bounced,False,0.7,High
PR01589145,0.0,0,13459,511282,Micro Loan,Ever Bounce,False,1,0,0.0,1.0,13459.0,2026-09-11 14:07:47,Ever Bounced,False,0.7,High
PR01589671,0.0,0,16398,609685,Micro Loan,Ever Bounce,True,0,0,0.0,0.0,0.0,,Ever Bounced,False,0.7,High
PR01589912,0.0,0,15619,869819,ME,Ever Bounce,True,0,0,0.0,0.0,0.0,,Ever Bounced,False,0.7,High
PR01591148,0.0,0,18601,754669,SBL,Ever Bounce,True,0,0,0.0,0.0,0.0,,Ever Bounced,False,0.7,High
PR01592207,0.0,0,6604,350389,ME,Ever Bounce,True,0,0,0.0,0.0,0.0,,Ever Bounced,False,0.7,High
PR01592306,0.0,0,14305,593541,SBL,Ever Bounce,True,0,0,0.0,0.0,0.0,,Ever Bounced,False,0.7,High
PR01595135,0.0,0,21622,1111374,SBL,Ever Bounce,True,0,0,0.0,0.0,0.0,,Ever Bounced,False,0.7,High
PR01595197,0.0,0,8197,332569,ME,Ever Bounce,True,0,0,0.0,0.0,0.0,,Ever Bounced,False,0.7,High
PR01595461,0.0,0,33326,2706731,ME,Ever Bounce,True,0,0,0.0,0.0,0.0,,Ever Bounced,False,0.7,High
PR01595915,0.0,0,6836,351381,ME,Ever Bounce,False,1,0,0.0,1.0,6836.0,2026-09-09 09:39:30,Ever Bounced,False,0.7,High
PR01596576,0.0,0,12338,439719,Micro Loan,Ever Bounce,True,0,0,0.0,0.0,0.0,,Ever Bounced,False,0.7,High
PR01597174,0.0,0,11713,435483,Micro Loan,Ever Bounce,True,0,0,0.0,0.0,0.0,,Ever Bounced,False,0.7,High
PR01597844,0.0,0,8224,615279,Co-Lending,Ever Bounce,True,0,0,0.0,0.0,0.0,,Ever Bounced,False,0.7,High
PR01597917,0.0,0,3779,260366,ME,Ever Bounce,True,0,0,0.0,0.0,0.0,,Ever Bounced,False,0.7,High
PR01597918,0.0,0,7496,278719,Micro Loan,Ever Bounce,True,0,0,0.0,0.0,0.0,,Ever Bounced,False,0.7,High
PR01599041,0.0,0,20856,1106456,SBL,Ever Bounce,True,0,0,0.0,0.0,0.0,,Ever Bounced,False,0.7,High
PR01599087,0.0,0,16057,825264,SBL,Ever Bounce,True,0,0,0.0,0.0,0.0,,Ever Bounced,False,0.7,High
PR01599126,0.0,0,21777,1193125,SBL,Ever Bounce,True,0,0,0.0,0.0,0.0,,Ever Bounced,False,0.7,High
PR01599811,0.0,0,13904,737637,SBL,Ever Bounce,True,0,0,0.0,0.0,0.0,,Ever Bounced,False,0.7,High
PR01600173,0.0,0,30631,1574440,SBL,Ever Bounce,True,0,0,0.0,0.0,0.0,,Ever Bounced,False,0.7,High
PR01600885,0.0,0,18644,1345374,ME,Ever Bounce,True,0,0,0.0,0.0,0.0,,Ever Bounced,False,0.7,High
PR01601110,0.0,0,9910,509381,SBL,Ever Bounce,True,0,0,0.0,0.0,0.0,,Ever Bounced,False,0.7,High
PR01601148,0.0,0,9906,525581,SBL,Ever Bounce,False,1,0,0.0,1.0,9906.0,2026-09-12 19:30:39,Ever Bounced,False,0.7,High
PR01601225,0.0,0,12338,439719,Micro Loan,Ever Bounce,True,0,0,0.0,0.0,0.0,,Ever Bounced,False,0.7,High
PR01602688,0.0,0,15890,674371,SBL,Ever Bounce,True,0,0,0.0,0.0,0.0,,Ever Bounced,False,0.7,High
PR01602784,0.0,0,17286,685978,SBL,Ever Bounce,True,0,0,0.0,0.0,0.0,,Ever Bounced,False,0.7,High
PR01604866,0.0,0,24289,1330808,SBL,Ever Bounce,True,0,0,0.0,0.0,0.0,,Ever Bounced,False,0.7,High
PR01604947,0.0,0,6330,352501,ME,Ever Bounce,True,0,0,0.0,0.0,0.0,,Ever Bounced,False,0.7,High
PR01604971,0.0,0,23233,1600794,ME,Ever Bounce,True,0,0,0.0,0.0,0.0,,Ever Bounced,False,0.7,High
PR01606034,0.0,0,13572,483687,Micro Loan,Ever Bounce,True,0,0,0.0,0.0,0.0,,Ever Bounced,False,0.7,High
PR01606103,0.0,0,9370,348400,Micro Loan,Ever Bounce,False,1,0,0.0,1.0,9370.0,2026-09-15 19:05:57,Ever Bounced,False,0.7,High
PR01607175,0.0,0,14550,1088573,Co-Lending,Ever Bounce,True,0,0,0.0,0.0,0.0,,Ever Bounced,False,0.7,High
PR01607306,0.0,0,22393,1542939,ME,Ever Bounce,False,1,0,0.0,1.0,22393.0,2026-09-08 18:21:29,Ever Bounced,False,0.7,High
PR01607405,0.0,0,25193,1735784,ME,Ever Bounce,True,0,0,0.0,0.0,0.0,,Ever Bounced,False,0.7,High
PR01613741,0.0,0,32896,2467967,Co-Lending,Ever Bounce,True,0,0,0.0,0.0,0.0,,Ever Bounced,False,0.7,High
PR01614901,0.0,0,6099,441087,Home Loan,Ever Bounce,True,0,0,0.0,0.0,0.0,,Ever Bounced,False,0.7,High
PR01615157,0.0,0,18583,974685,SBL,Ever Bounce,True,0,0,0.0,0.0,0.0,,Ever Bounced,False,0.7,High
PR01618184,0.0,0,57808,3421546,Co-Lending,Ever Bounce,True,0,0,0.0,0.0,0.0,,Ever Bounced,False,0.7,High
PR01618322,0.0,0,11726,645568,SBL,Ever Bounce,True,0,0,0.0,0.0,0.0,,Ever Bounced,False,0.7,High
PR01618512,0.0,0,12319,472001,Micro Loan,Ever Bounce,True,0,0,0.0,0.0,0.0,,Ever Bounced,False,0.7,High
PR01618801,0.0,0,13483,540000,SBL,Ever Bounce,True,0,0,0.0,0.0,0.0,,Ever Bounced,False,0.7,High
PR01619000,0.0,0,26070,1389454,SBL,Ever Bounce,True,0,0,0.0,0.0,0.0,,Ever Bounced,False,0.7,High
PR01619080,0.0,0,27028,1395296,SBL,Ever Bounce,True,0,0,0.0,0.0,0.0,,Ever Bounced,False,0.7,High
PR01622750,0.0,0,8480,437741,ME,Ever Bounce,False,1,0,0.0,1.0,8480.0,2026-09-09 09:41:05,Ever Bounced,False,0.7,High
PR01623779,0.0,0,26070,1389454,SBL,Ever Bounce,True,0,0,0.0,0.0,0.0,,Ever Bounced,False,0.7,High
PR01624297,0.0,0,14805,531847,SBL,Ever Bounce,True,0,0,0.0,0.0,0.0,,Ever Bounced,False,0.7,High
PR01628137,0.0,0,22594,1204192,SBL,Ever Bounce,True,0,0,0.0,0.0,0.0,,Ever Bounced,False,0.7,High
PR01628144,0.0,0,16916,433644,ME,Ever Bounce,True,0,0,0.0,0.0,0.0,,Ever Bounced,False,0.7,High
PR01628843,0.0,0,26635,1926108,ME,Ever Bounce,True,0,0,0.0,0.0,0.0,,Ever Bounced,False,0.7,High
PR01628888,0.0,0,5019,338713,ME,Ever Bounce,False,1,0,0.0,1.0,5019.0,2026-09-17 10:30:06,Ever Bounced,False,0.7,High
PR01628931,0.0,0,13996,966246,ME,Ever Bounce,True,0,0,0.0,0.0,0.0,,Ever Bounced,False,0.7,High
PR01629046,0.0,0,12813,568359,SBL,Ever Bounce,True,0,0,0.0,0.0,0.0,,Ever Bounced,False,0.7,High
PR01630015,0.0,0,18075,963359,SBL,Ever Bounce,True,0,0,0.0,0.0,0.0,,Ever Bounced,False,0.7,High
PR01630032,0.0,0,13067,653751,SBL,Ever Bounce,True,0,0,0.0,0.0,0.0,,Ever Bounced,False,0.7,High
PR01630181,0.0,0,10509,430420,SBL,Ever Bounce,True,0,0,0.0,0.0,0.0,,Ever Bounced,False,0.7,High
PR01631630,0.0,0,25127,1383372,SBL,Ever Bounce,True,0,0,0.0,0.0,0.0,,Ever Bounced,False,0.7,High
PR01631737,0.0,0,13746,925124,Co-Lending,Ever Bounce,True,0,0,0.0,0.0,0.0,,Ever Bounced,False,0.7,High
PR01632161,0.0,0,16039,576160,Micro Loan,Ever Bounce,False,1,0,0.0,1.0,16039.0,2026-09-16 16:20:57,Ever Bounced,False,0.7,High
PR01632162,0.0,0,9370,351329,Micro Loan,Ever Bounce,True,0,0,0.0,0.0,0.0,,Ever Bounced,False,0.7,High
PR01632175,0.0,0,12166,648412,Micro Loan,Ever Bounce,True,0,0,0.0,0.0,0.0,,Ever Bounced,False,0.7,High
PR01632182,0.0,0,17495,1207807,ME,Ever Bounce,True,0,0,0.0,0.0,0.0,,Ever Bounced,False,0.7,High
PR01632376,0.0,0,27028,1395296,SBL,Ever Bounce,True,0,0,0.0,0.0,0.0,,Ever Bounced,False,0.7,High
PR01632403,0.0,0,10542,395224,Micro Loan,Ever Bounce,True,0,0,0.0,0.0,0.0,,Ever Bounced,False,0.7,High
PR01632472,0.0,0,10422,436676,SBL,Ever Bounce,True,0,0,0.0,0.0,0.0,,Ever Bounced,False,0.7,High
PR01632521,0.0,0,14805,531847,Micro Loan,Ever Bounce,True,0,0,0.0,0.0,0.0,,Ever Bounced,False,0.7,High
PR01632538,0.0,0,20721,1069737,SBL,Ever Bounce,False,1,0,0.0,1.0,20721.0,2026-09-15 08:29:55,Ever Bounced,False,0.7,High
PR01632558,0.0,0,10528,552137,SBL,Ever Bounce,True,0,0,0.0,0.0,0.0,,Ever Bounced,False,0.7,High
PR01632585,0.0,0,12338,443193,Micro Loan,Ever Bounce,True,0,0,0.0,0.0,0.0,,Ever Bounced,False,0.7,High
PR01632603,0.0,0,13904,741043,SBL,Ever Bounce,True,0,0,0.0,0.0,0.0,,Ever Bounced,False,0.7,High
PR01632901,0.0,0,21694,1497678,ME,Ever Bounce,True,0,0,0.0,0.0,0.0,,Ever Bounced,False,0.7,High
PR01633160,0.0,0,13990,547960,Micro Loan,Ever Bounce,True,0,0,0.0,0.0,0.0,,Ever Bounced,False,0.7,High
PR01633917,0.0,0,23017,1288226,SBL,Ever Bounce,True,0,0,0.0,0.0,0.0,,Ever Bounced,False,0.7,High
PR01634039,0.0,0,12884,483069,Micro Loan,Ever Bounce,True,0,0,0.0,0.0,0.0,,Ever Bounced,False,0.7,High
PR01634135,0.0,0,16349,684966,SBL,Ever Bounce,True,0,0,0.0,0.0,0.0,,Ever Bounced,False,0.7,High
PR01634171,0.0,0,17380,926305,SBL,Ever Bounce,True,0,0,0.0,0.0,0.0,,Ever Bounced,False,0.7,High
PR01634174,0.0,0,14261,941103,ME,Ever Bounce,True,0,0,0.0,0.0,0.0,,Ever Bounced,False,0.7,High
PR01634224,0.0,0,27292,1884184,ME,Ever Bounce,True,0,0,0.0,0.0,0.0,,Ever Bounced,False,0.7,High
PR01634345,0.0,0,21165,1495264,ME,Ever Bounce,True,0,0,0.0,0.0,0.0,,Ever Bounced,False,0.7,High
PR01634355,0.0,0,20269,1115922,ME,Ever Bounce,True,0,0,0.0,0.0,0.0,,Ever Bounced,False,0.7,High
PR01656933,0.0,0,7688,378490,SBL,Ever Bounce,True,0,0,0.0,0.0,0.0,,Ever Bounced,False,0.7,High
PR01658237,0.0,0,3351,185312,ME,Ever Bounce,True,0,0,0.0,0.0,0.0,,Ever Bounced,False,0.7,High
PR01658497,0.0,0,25947,1345251,SBL,Ever Bounce,True,0,0,0.0,0.0,0.0,,Ever Bounced,False,0.7,High
PR01659448,0.0,0,18075,967725,SBL,Ever Bounce,True,0,0,0.0,0.0,0.0,,Ever Bounced,False,0.7,High
PR01659987,0.0,0,6998,484072,ME,Ever Bounce,True,0,0,0.0,0.0,0.0,,Ever Bounced,False,0.7,High
PR01662657,0.0,0,9559,676650,ME,Ever Bounce,True,0,0,0.0,0.0,0.0,,Ever Bounced,False,0.7,High
PR01662845,0.0,0,12086,499562,SBL,Ever Bounce,True,0,0,0.0,0.0,0.0,,Ever Bounced,False,0.7,High
PR01663342,0.0,0,5929,307335,SBL,Ever Bounce,True,0,0,0.0,0.0,0.0,,Ever Bounced,False,0.7,High
PR01663785,0.0,0,17065,928577,SBL,Ever Bounce,True,0,0,0.0,0.0,0.0,,Ever Bounced,False,0.7,High
PR01664436,0.0,0,9936,515148,ME,Ever Bounce,True,0,0,0.0,0.0,0.0,,Ever Bounced,False,0.7,High
PR01664647,0.0,0,9379,346850,Micro Loan,Ever Bounce,True,0,0,0.0,0.0,0.0,,Ever Bounced,False,0.7,High
PR01664717,0.0,0,8649,448417,SBL,Ever Bounce,True,0,0,0.0,0.0,0.0,,Ever Bounced,False,0.7,High
PR01665667,0.0,0,26070,1395751,SBL,Ever Bounce,True,0,0,0.0,0.0,0.0,,Ever Bounced,False,0.7,High
PR01665695,0.0,0,22536,1168387,SBL,Ever Bounce,True,0,0,0.0,0.0,0.0,,Ever Bounced,False,0.7,High
PR01666820,0.0,0,10428,689369,SBL,Ever Bounce,True,0,0,0.0,0.0,0.0,,Ever Bounced,False,0.7,High
PR01666902,0.0,0,19601,984628,SBL,Ever Bounce,True,0,0,0.0,0.0,0.0,,Ever Bounced,False,0.7,High
PR01666979,0.0,0,11713,442741,Micro Loan,Ever Bounce,True,0,0,0.0,0.0,0.0,,Ever Bounced,False,0.7,High
PR01667013,0.0,0,11082,612955,SBL,Ever Bounce,True,0,0,0.0,0.0,0.0,,Ever Bounced,False,0.7,High
PR01667039,0.0,0,26070,1395751,SBL,Ever Bounce,True,0,0,0.0,0.0,0.0,,Ever Bounced,False,0.7,High
PR01667310,0.0,0,14650,1061608,ME,Ever Bounce,True,0,0,0.0,0.0,0.0,,Ever Bounced,False,0.7,High
PR01667488,0.0,0,9591,391940,SBL,Ever Bounce,True,0,0,0.0,0.0,0.0,,Ever Bounced,False,0.7,High
PR01667644,0.0,0,34760,1861000,ME,Ever Bounce,True,0,0,0.0,0.0,0.0,,Ever Bounced,False,0.7,High
PR01667692,0.0,0,4810,170775,ME,Ever Bounce,True,0,0,0.0,0.0,0.0,,Ever Bounced,False,0.7,High
PR01667798,0.0,0,13083,868826,ME,Ever Bounce,True,0,0,0.0,0.0,0.0,,Ever Bounced,False,0.7,High
PR01668482,0.0,0,21763,909944,SBL,Ever Bounce,True,0,0,0.0,0.0,0.0,,Ever Bounced,False,0.7,High
PR01668675,0.0,0,10454,525133,SBL,Ever Bounce,True,0,0,0.0,0.0,0.0,,Ever Bounced,False,0.7,High
PR01668922,0.0,0,7563,305600,SBL,Ever Bounce,True,0,0,0.0,0.0,0.0,,Ever Bounced,False,0.7,High
PR01669044,0.0,0,18654,779953,SBL,Ever Bounce,True,0,0,0.0,0.0,0.0,,Ever Bounced,False,0.7,High
PR01669070,0.0,0,28626,1484137,SBL,Ever Bounce,True,0,0,0.0,0.0,0.0,,Ever Bounced,False,0.7,High
PR01670883,0.0,0,22884,1186432,SBL,Ever Bounce,True,0,0,0.0,0.0,0.0,,Ever Bounced,False,0.7,High
PR01671021,0.0,0,51270,3805608,Co-Lending,Ever Bounce,True,0,0,0.0,0.0,0.0,,Ever Bounced,False,0.7,High
PR01671242,0.0,0,14934,750195,SBL,Ever Bounce,True,0,0,0.0,0.0,0.0,,Ever Bounced,False,0.7,High
PR01672329,0.0,0,11369,521090,Micro Loan,Ever Bounce,True,0,0,0.0,0.0,0.0,,Ever Bounced,False,0.7,High
PR01672652,0.0,0,17380,930503,SBL,Ever Bounce,True,0,0,0.0,0.0,0.0,,Ever Bounced,False,0.7,High
PR01672811,0.0,0,13996,661044,SBL,Ever Bounce,True,0,0,0.0,0.0,0.0,,Ever Bounced,False,0.7,High
PR01673068,0.0,0,14558,865498,Co-Lending,Ever Bounce,True,0,0,0.0,0.0,0.0,,Ever Bounced,False,0.7,High
PR01673284,0.0,0,8860,313897,Micro Loan,Ever Bounce,True,0,0,0.0,0.0,0.0,,Ever Bounced,False,0.7,High
PR01674695,0.0,0,13996,968140,ME,Ever Bounce,True,0,0,0.0,0.0,0.0,,Ever Bounced,False,0.7,High
PR01674840,0.0,0,22394,1549016,ME,Ever Bounce,True,0,0,0.0,0.0,0.0,,Ever Bounced,False,0.7,High
PR01675021,0.0,0,30511,1813945,Co-Lending,Ever Bounce,True,0,0,0.0,0.0,0.0,,Ever Bounced,False,0.7,High
PR01675489,0.0,0,15126,611195,SBL,Ever Bounce,False,1,0,0.0,1.0,15126.0,2026-09-12 10:45:14,Ever Bounced,False,0.7,High
PR01675507,0.0,0,15126,611195,SBL,Ever Bounce,True,0,0,0.0,0.0,0.0,,Ever Bounced,False,0.7,High
PR01675585,0.0,0,15126,611195,SBL,Ever Bounce,True,0,0,0.0,0.0,0.0,,Ever Bounced,False,0.7,High
PR01675605,0.0,0,13528,658794,SBL,Ever Bounce,True,0,0,0.0,0.0,0.0,,Ever Bounced,False,0.7,High
PR01678615,0.0,0,36987,2006488,ME,Ever Bounce,True,0,0,0.0,0.0,0.0,,Ever Bounced,False,0.7,High
PR01686367,0.0,0,13480,913075,ME,Ever Bounce,True,0,0,0.0,0.0,0.0,,Ever Bounced,False,0.7,High
PR01688074,0.0,0,21623,1125766,SBL,Ever Bounce,True,0,0,0.0,0.0,0.0,,Ever Bounced,False,0.7,High
PR01690372,0.0,0,11427,425855,Micro Loan,Ever Bounce,True,0,0,0.0,0.0,0.0,,Ever Bounced,False,0.7,High
PR01690558,0.0,0,14934,753203,SBL,Ever Bounce,True,0,0,0.0,0.0,0.0,,Ever Bounced,False,0.7,High
PR01690897,0.0,0,25767,1341550,SBL,Ever Bounce,True,0,0,0.0,0.0,0.0,,Ever Bounced,False,0.7,High
PR01691016,0.0,0,13530,509805,ME,Ever Bounce,True,0,0,0.0,0.0,0.0,,Ever Bounced,False,0.7,High
PR01691452,0.0,0,21849,954970,ME,Ever Bounce,True,0,0,0.0,0.0,0.0,,Ever Bounced,False,0.7,High
PR01692783,0.0,0,27265,2027821,ME,Ever Bounce,True,0,0,0.0,0.0,0.0,,Ever Bounced,False,0.7,High
PR01692949,0.0,0,6883,347112,SBL,Ever Bounce,True,0,0,0.0,0.0,0.0,,Ever Bounced,False,0.7,High
PR01693122,0.0,0,31431,2081489,ME,Ever Bounce,False,1,0,0.0,1.0,31431.0,2026-09-09 16:02:50,Ever Bounced,False,0.7,High
PR01694771,0.0,0,15126,616559,SBL,Ever Bounce,True,0,0,0.0,0.0,0.0,,Ever Bounced,False,0.7,High
PR01694793,0.0,0,12024,448123,Micro Loan,Ever Bounce,False,1,0,0.0,1.0,12024.0,2026-09-15 15:22:25,Ever Bounced,False,0.7,High
PR01694873,0.0,0,10509,438347,SBL,Ever Bounce,True,0,0,0.0,0.0,0.0,,Ever Bounced,False,0.7,High
PR01695099,0.0,0,11596,566815,SBL,Ever Bounce,True,0,0,0.0,0.0,0.0,,Ever Bounced,False,0.7,High
PR01696528,0.0,0,14415,750518,SBL,Ever Bounce,True,0,0,0.0,0.0,0.0,,Ever Bounced,False,0.7,High
PR01696628,0.0,0,11948,602546,ME,Ever Bounce,True,0,0,0.0,0.0,0.0,,Ever Bounced,False,0.7,High
PR01696760,0.0,0,14713,613679,SBL,Ever Bounce,False,1,0,0.0,1.0,14713.0,2026-09-11 19:28:10,Ever Bounced,False,0.7,High
PR01696826,0.0,0,9727,531705,ME,Ever Bounce,True,0,0,0.0,0.0,0.0,,Ever Bounced,False,0.7,High
PR01697057,0.0,0,7050,466877,ME,Ever Bounce,True,0,0,0.0,0.0,0.0,,Ever Bounced,False,0.7,High
PR01697126,0.0,0,17776,550921,SBL,Ever Bounce,True,0,0,0.0,0.0,0.0,,Ever Bounced,False,0.7,High
PR01697132,0.0,0,10822,403304,Micro Loan,Ever Bounce,True,0,0,0.0,0.0,0.0,,Ever Bounced,False,0.7,High
PR01697223,0.0,0,5974,301273,SBL,Ever Bounce,True,0,0,0.0,0.0,0.0,,Ever Bounced,False,0.7,High
PR01698416,0.0,0,17435,649775,Micro Loan,Ever Bounce,True,0,0,0.0,0.0,0.0,,Ever Bounced,False,0.7,High
PR01698422,0.0,0,55581,3323521,Co-Lending,Ever Bounce,True,0,0,0.0,0.0,0.0,,Ever Bounced,False,0.7,High
PR01698476,0.0,0,18588,937470,SBL,Ever Bounce,True,0,0,0.0,0.0,0.0,,Ever Bounced,False,0.7,High
PR01698480,0.0,0,22191,1174135,SBL,Ever Bounce,True,0,0,0.0,0.0,0.0,,Ever Bounced,False,0.7,High
PR01698496,0.0,0,18019,938142,SBL,Ever Bounce,True,0,0,0.0,0.0,0.0,,Ever Bounced,False,0.7,High
PR01698524,0.0,0,10812,562875,SBL,Ever Bounce,True,0,0,0.0,0.0,0.0,,Ever Bounced,False,0.7,High
PR01698566,0.0,0,18249,981372,SBL,Ever Bounce,True,0,0,0.0,0.0,0.0,,Ever Bounced,False,0.7,High
PR01699137,0.0,0,41124,2723457,ME,Ever Bounce,True,0,0,0.0,0.0,0.0,,Ever Bounced,False,0.7,High
PR01699889,0.0,0,5755,237251,SBL,Ever Bounce,True,0,0,0.0,0.0,0.0,,Ever Bounced,False,0.7,High
PR01700467,0.0,0,18342,939843,SBL,Ever Bounce,True,0,0,0.0,0.0,0.0,,Ever Bounced,False,0.7,High
PR01701138,0.0,0,13668,610216,Micro Loan,Ever Bounce,True,0,0,0.0,0.0,0.0,,Ever Bounced,False,0.7,High
PR01701196,0.0,0,17503,713449,SBL,Ever Bounce,True,0,0,0.0,0.0,0.0,,Ever Bounced,False,0.7,High
PR01701357,0.0,0,29757,1937596,ME,Ever Bounce,True,0,0,0.0,0.0,0.0,,Ever Bounced,False,0.7,High
PR01701431,0.0,0,15126,616559,SBL,Ever Bounce,True,0,0,0.0,0.0,0.0,,Ever Bounced,False,0.7,High
PR01702335,0.0,0,12920,683573,SBL,Ever Bounce,True,0,0,0.0,0.0,0.0,,Ever Bounced,False,0.7,High
PR01702561,0.0,0,15969,622107,SBL,Ever Bounce,True,0,0,0.0,0.0,0.0,,Ever Bounced,False,0.7,High
PR01702869,0.0,0,14934,753203,SBL,Ever Bounce,True,0,0,0.0,0.0,0.0,,Ever Bounced,False,0.7,High
PR01702923,0.0,0,14934,753203,SBL,Ever Bounce,True,0,0,0.0,0.0,0.0,,Ever Bounced,False,0.7,High
PR01703192,0.0,0,16376,1134900,ME,Ever Bounce,True,0,0,0.0,0.0,0.0,,Ever Bounced,False,0.7,High
PR01703798,0.0,0,18668,941493,SBL,Ever Bounce,True,0,0,0.0,0.0,0.0,,Ever Bounced,False,0.7,High
PR01703953,0.0,0,13996,663430,SBL,Ever Bounce,True,0,0,0.0,0.0,0.0,,Ever Bounced,False,0.7,High
PR01711065,0.0,0,23037,1264962,ME,Ever Bounce,True,0,0,0.0,0.0,0.0,,Ever Bounced,False,0.7,High
PR01711167,0.0,0,16217,847830,SBL,Ever Bounce,True,0,0,0.0,0.0,0.0,,Ever Bounced,False,0.7,High
PR01712055,0.0,0,6667,348551,SBL,Ever Bounce,True,0,0,0.0,0.0,0.0,,Ever Bounced,False,0.7,High
PR01712763,0.0,0,5046,263753,SBL,Ever Bounce,True,0,0,0.0,0.0,0.0,,Ever Bounced,False,0.7,High
PR01712894,0.0,0,5238,314991,Co-Lending,Ever Bounce,True,0,0,0.0,0.0,0.0,,Ever Bounced,False,0.7,High
PR01716290,0.0,0,3734,189034,SBL,Ever Bounce,True,0,0,0.0,0.0,0.0,,Ever Bounced,False,0.7,High
PR01716881,0.0,0,6096,404345,ME,Ever Bounce,False,1,0,0.0,1.0,6096.0,2026-09-10 09:09:08,Ever Bounced,False,0.7,High
PR01716983,0.0,0,19821,1036232,SBL,Ever Bounce,True,0,0,0.0,0.0,0.0,,Ever Bounced,False,0.7,High
PR01717025,0.0,0,13572,498530,SBL,Ever Bounce,True,0,0,0.0,0.0,0.0,,Ever Bounced,False,0.7,High
PR01717263,0.0,0,14694,604070,SBL,Ever Bounce,True,0,0,0.0,0.0,0.0,,Ever Bounced,False,0.7,High
PR01717292,0.0,0,12552,656179,ME,Ever Bounce,True,0,0,0.0,0.0,0.0,,Ever Bounced,False,0.7,High
PR01719698,0.0,0,14159,752308,SBL,Ever Bounce,True,0,0,0.0,0.0,0.0,,Ever Bounced,False,0.7,High
PR01719835,0.0,0,17589,890599,SBL,Ever Bounce,True,0,0,0.0,0.0,0.0,,Ever Bounced,False,0.7,High
PR01719893,0.0,0,13068,661663,SBL,Ever Bounce,True,0,0,0.0,0.0,0.0,,Ever Bounced,False,0.7,High
PR01720970,0.0,0,23769,977186,SBL,Ever Bounce,True,0,0,0.0,0.0,0.0,,Ever Bounced,False,0.7,High
PR01722148,0.0,0,9495,360489,Micro Loan,Ever Bounce,True,0,0,0.0,0.0,0.0,,Ever Bounced,False,0.7,High
PR01723449,0.0,0,21777,1215837,ME,Ever Bounce,True,0,0,0.0,0.0,0.0,,Ever Bounced,False,0.7,High
PR01723795,0.0,0,26547,1410598,SBL,Ever Bounce,True,0,0,0.0,0.0,0.0,,Ever Bounced,False,0.7,High
PR01723869,0.0,0,11237,461926,SBL,Ever Bounce,True,0,0,0.0,0.0,0.0,,Ever Bounced,False,0.7,High
PR01724999,0.0,0,19863,876326,ME,Ever Bounce,True,0,0,0.0,0.0,0.0,,Ever Bounced,False,0.7,High
PR01725586,0.0,0,12024,451493,SBL,Ever Bounce,True,0,0,0.0,0.0,0.0,,Ever Bounced,False,0.7,High
PR01726424,0.0,0,15126,621839,SBL,Ever Bounce,True,0,0,0.0,0.0,0.0,,Ever Bounced,False,0.7,High
PR01726589,0.0,0,13572,498530,Micro Loan,Ever Bounce,True,0,0,0.0,0.0,0.0,,Ever Bounced,False,0.7,High
PR01726616,0.0,0,15545,624502,SBL,Ever Bounce,True,0,0,0.0,0.0,0.0,,Ever Bounced,False,0.7,High
PR01726831,0.0,0,14713,619105,SBL,Ever Bounce,True,0,0,0.0,0.0,0.0,,Ever Bounced,False,0.7,High
PR01726868,0.0,0,15969,627102,SBL,Ever Bounce,False,1,0,0.0,1.0,15969.0,2026-09-12 19:01:24,Ever Bounced,False,0.7,High
PR01726981,0.0,0,12024,451493,Micro Loan,Ever Bounce,True,0,0,0.0,0.0,0.0,,Ever Bounced,False,0.7,High
PR01727035,0.0,0,29495,1493420,SBL,Ever Bounce,True,0,0,0.0,0.0,0.0,,Ever Bounced,False,0.7,High
PR01727118,0.0,0,10581,397315,Micro Loan,Ever Bounce,True,0,0,0.0,0.0,0.0,,Ever Bounced,False,0.7,High
PR01727300,0.0,0,14688,974343,ME,Ever Bounce,True,0,0,0.0,0.0,0.0,,Ever Bounced,False,0.7,High
PR01727374,0.0,0,15868,803410,SBL,Ever Bounce,True,0,0,0.0,0.0,0.0,,Ever Bounced,False,0.7,High
PR01727433,0.0,0,8483,311569,Micro Loan,Ever Bounce,False,1,0,0.0,1.0,8483.0,2026-09-08 10:14:04,Ever Bounced,False,0.7,High
PR01728921,0.0,0,13009,565804,Micro Loan,Ever Bounce,True,0,0,0.0,0.0,0.0,,Ever Bounced,False,0.7,High
PR01729167,0.0,0,7167,393545,ME,Ever Bounce,False,1,0,0.0,1.0,7167.0,2026-09-11 17:36:17,Ever Bounced,False,0.7,High
PR01729193,0.0,0,21623,1130433,SBL,Ever Bounce,True,0,0,0.0,0.0,0.0,,Ever Bounced,False,0.7,High
PR01729328,0.0,0,13068,661631,SBL,Ever Bounce,True,0,0,0.0,0.0,0.0,,Ever Bounced,False,0.7,High
PR01730337,0.0,0,11596,568929,SBL,Ever Bounce,True,0,0,0.0,0.0,0.0,,Ever Bounced,False,0.7,High
PR01730405,0.0,0,14306,616293,SBL,Ever Bounce,True,0,0,0.0,0.0,0.0,,Ever Bounced,False,0.7,High
PR01730571,0.0,0,17091,1121197,ME,Ever Bounce,True,0,0,0.0,0.0,0.0,,Ever Bounced,False,0.7,High
PR01731069,0.0,0,34760,1877442,SBL,Ever Bounce,True,0,0,0.0,0.0,0.0,,Ever Bounced,False,0.7,High
PR01731146,0.0,0,9911,526622,SBL,Ever Bounce,True,0,0,0.0,0.0,0.0,,Ever Bounced,False,0.7,High
PR01731291,0.0,0,12613,659428,ME,Ever Bounce,True,0,0,0.0,0.0,0.0,,Ever Bounced,False,0.7,High
PR01735346,0.0,0,26016,1388160,SBL,Ever Bounce,True,0,0,0.0,0.0,0.0,,Ever Bounced,False,0.7,High
PR01735493,0.0,0,6734,254679,ME,Ever Bounce,True,0,0,0.0,0.0,0.0,,Ever Bounced,False,0.7,High
PR01736775,0.0,0,20578,1214609,ME,Ever Bounce,True,0,0,0.0,0.0,0.0,,Ever Bounced,False,0.7,High
PR01738552,0.0,0,7208,378338,SBL,Ever Bounce,True,0,0,0.0,0.0,0.0,,Ever Bounced,False,0.7,High
PR01740681,0.0,0,20774,1533485,Co-Lending,Ever Bounce,False,1,0,0.0,1.0,9000.0,2026-09-16 12:40:02,Ever Bounced,False,0.7,High
PR01741791,0.0,0,1059,77202,ME,Ever Bounce,True,0,0,0.0,0.0,0.0,,Ever Bounced,False,0.7,High
PR01743347,0.0,0,19799,1315676,ME,Ever Bounce,True,0,0,0.0,0.0,0.0,,Ever Bounced,False,0.7,High
PR01743387,0.0,0,2800,194724,ME,Ever Bounce,True,0,0,0.0,0.0,0.0,,Ever Bounced,False,0.7,High
PR01743740,0.0,0,13229,577091,SBL,Ever Bounce,True,0,0,0.0,0.0,0.0,,Ever Bounced,False,0.7,High
PR01744476,0.0,0,13953,927230,ME,Ever Bounce,True,0,0,0.0,0.0,0.0,,Ever Bounced,False,0.7,High
PR01747370,0.0,0,14056,650758,SBL,Ever Bounce,True,0,0,0.0,0.0,0.0,,Ever Bounced,False,0.7,High
PR01747805,0.0,0,21777,1221330,SBL,Ever Bounce,True,0,0,0.0,0.0,0.0,,Ever Bounced,False,0.7,High
PR01747816,0.0,0,14056,543771,SBL,Ever Bounce,True,0,0,0.0,0.0,0.0,,Ever Bounced,False,0.7,High
PR01747850,0.0,0,15438,582081,SBL,Ever Bounce,True,0,0,0.0,0.0,0.0,,Ever Bounced,False,0.7,High
PR01748255,0.0,0,16040,593336,SBL,Ever Bounce,True,0,0,0.0,0.0,0.0,,Ever Bounced,False,0.7,High
PR01748581,0.0,0,5136,269561,SBL,Ever Bounce,True,0,0,0.0,0.0,0.0,,Ever Bounced,False,0.7,High
PR01748732,0.0,0,16207,671815,SBL,Ever Bounce,True,0,0,0.0,0.0,0.0,,Ever Bounced,False,0.7,High
PR01748940,0.0,0,9786,368962,ME,Ever Bounce,True,0,0,0.0,0.0,0.0,,Ever Bounced,False,0.7,High
PR01749218,0.0,0,13068,664183,SBL,Ever Bounce,True,0,0,0.0,0.0,0.0,,Ever Bounced,False,0.7,High
PR01749556,0.0,0,33503,1878972,ME,Ever Bounce,True,0,0,0.0,0.0,0.0,,Ever Bounced,False,0.7,High
PR01750163,0.0,0,16536,765603,SBL,Ever Bounce,True,0,0,0.0,0.0,0.0,,Ever Bounced,False,0.7,High
PR01750350,0.0,0,9106,605140,ME,Ever Bounce,True,0,0,0.0,0.0,0.0,,Ever Bounced,False,0.7,High
PR01750971,0.0,0,17835,1171896,ME,Ever Bounce,True,0,0,0.0,0.0,0.0,,Ever Bounced,False,0.7,High
PR01751077,0.0,0,14429,545759,Micro Loan,Ever Bounce,True,0,0,0.0,0.0,0.0,,Ever Bounced,False,0.7,High
PR01751095,0.0,0,15816,857895,SBL,Ever Bounce,True,0,0,0.0,0.0,0.0,,Ever Bounced,False,0.7,High
PR01752488,0.0,0,15545,629554,SBL,Ever Bounce,True,0,0,0.0,0.0,0.0,,Ever Bounced,False,0.7,High
PR01753021,0.0,0,13688,541716,SBL,Ever Bounce,True,0,0,0.0,0.0,0.0,,Ever Bounced,False,0.7,High
PR01753731,0.0,0,20595,1081096,SBL,Ever Bounce,True,0,0,0.0,0.0,0.0,,Ever Bounced,False,0.7,High
PR01753903,0.0,0,8417,318355,Micro Loan,Ever Bounce,True,0,0,0.0,0.0,0.0,,Ever Bounced,False,0.7,High
PR01753925,0.0,0,16054,816012,SBL,Ever Bounce,True,0,0,0.0,0.0,0.0,,Ever Bounced,False,0.7,High
PR01753962,0.0,0,15969,632011,SBL,Ever Bounce,True,0,0,0.0,0.0,0.0,,Ever Bounced,False,0.7,High
PR01754133,0.0,0,20220,1173157,ME,Ever Bounce,True,0,0,0.0,0.0,0.0,,Ever Bounced,False,0.7,High
PR01755024,0.0,0,21623,1135031,SBL,Ever Bounce,True,0,0,0.0,0.0,0.0,,Ever Bounced,False,0.7,High
PR01755182,0.0,0,4204,178412,SBL,Ever Bounce,True,0,0,0.0,0.0,0.0,,Ever Bounced,False,0.7,High
PR01755288,0.0,0,22524,1182322,SBL,Ever Bounce,True,0,0,0.0,0.0,0.0,,Ever Bounced,False,0.7,High
PR01755432,0.0,0,15868,806508,SBL,Ever Bounce,True,0,0,0.0,0.0,0.0,,Ever Bounced,False,0.7,High
PR01755456,0.0,0,21579,1132718,SBL,Ever Bounce,True,0,0,0.0,0.0,0.0,,Ever Bounced,False,0.7,High
PR01755712,0.0,0,15631,591244,SBL,Ever Bounce,True,0,0,0.0,0.0,0.0,,Ever Bounced,False,0.7,High
PR01756794,0.0,0,15126,627037,SBL,Ever Bounce,False,1,0,0.0,1.0,15150.0,2026-09-15 12:16:54,Ever Bounced,False,0.7,High
PR01756829,0.0,0,17000,892343,SBL,Ever Bounce,True,0,0,0.0,0.0,0.0,,Ever Bounced,False,0.7,High
PR01757883,0.0,0,12613,662109,SBL,Ever Bounce,False,1,0,0.0,1.0,12613.0,2026-09-12 11:36:54,Ever Bounced,False,0.7,High
PR01758141,0.0,0,10078,701036,ME,Ever Bounce,True,0,0,0.0,0.0,0.0,,Ever Bounced,False,0.7,High
PR01758178,0.0,0,14752,980271,ME,Ever Bounce,True,0,0,0.0,0.0,0.0,,Ever Bounced,False,0.7,High
PR01758274,0.0,0,29375,1952053,ME,Ever Bounce,False,1,0,0.0,1.0,29375.0,2026-09-04 10:53:19,Ever Bounced,False,0.7,High
PR01758360,0.0,0,11201,569302,SBL,Ever Bounce,False,1,0,0.0,1.0,11201.0,2026-09-01 00:03:32,Ever Bounced,False,0.7,High
PR01758588,0.0,0,8191,451742,ME,Ever Bounce,True,0,0,0.0,0.0,0.0,,Ever Bounced,False,0.7,High
PR01758796,0.0,0,12613,662109,SBL,Ever Bounce,True,0,0,0.0,0.0,0.0,,Ever Bounced,False,0.7,High
PR01758876,0.0,0,13067,732783,SBL,Ever Bounce,True,0,0,0.0,0.0,0.0,,Ever Bounced,False,0.7,High
PR01758927,0.0,0,7936,300168,Micro Loan,Ever Bounce,True,0,0,0.0,0.0,0.0,,Ever Bounced,False,0.7,High
PR01761672,0.0,0,16450,1093148,ME,Ever Bounce,True,0,0,0.0,0.0,0.0,,Ever Bounced,False,0.7,High
PR01762406,0.0,0,8382,531493,ME,Ever Bounce,True,0,0,0.0,0.0,0.0,,Ever Bounced,False,0.7,High
PR01766399,0.0,0,11726,660556,ME,Ever Bounce,True,0,0,0.0,0.0,0.0,,Ever Bounced,False,0.7,High
PR01766475,0.0,0,5133,274966,SBL,Ever Bounce,True,0,0,0.0,0.0,0.0,,Ever Bounced,False,0.7,High
PR01767792,0.0,0,14934,761949,SBL,Ever Bounce,True,0,0,0.0,0.0,0.0,,Ever Bounced,False,0.7,High
PR01769665,0.0,0,22524,1187040,SBL,Ever Bounce,True,0,0,0.0,0.0,0.0,,Ever Bounced,False,0.7,High
PR01769684,0.0,0,47171,1643505,Co-Lending,Ever Bounce,True,0,0,0.0,0.0,0.0,,Ever Bounced,False,0.7,High
PR01769716,0.0,0,12788,559453,SBL,Ever Bounce,True,0,0,0.0,0.0,0.0,,Ever Bounced,False,0.7,High
PR01769722,0.0,0,4771,333650,Co-Lending,Ever Bounce,True,0,0,0.0,0.0,0.0,,Ever Bounced,False,0.7,High
PR01770869,0.0,0,11890,782555,ME,Ever Bounce,True,0,0,0.0,0.0,0.0,,Ever Bounced,False,0.7,High
PR01773072,0.0,0,21623,1139561,SBL,Ever Bounce,True,0,0,0.0,0.0,0.0,,Ever Bounced,False,0.7,High
PR01773092,0.0,0,13982,713374,SBL,Ever Bounce,True,0,0,0.0,0.0,0.0,,Ever Bounced,False,0.7,High
PR01773289,0.0,0,17394,859583,SBL,Ever Bounce,True,0,0,0.0,0.0,0.0,,Ever Bounced,False,0.7,High
PR01773901,0.0,0,5980,269458,ME,Ever Bounce,True,0,0,0.0,0.0,0.0,,Ever Bounced,False,0.7,High
PR01774184,0.0,0,19987,1088718,SBL,Ever Bounce,True,0,0,0.0,0.0,0.0,,Ever Bounced,False,0.7,High
PR01774229,0.0,0,16217,854675,SBL,Ever Bounce,True,0,0,0.0,0.0,0.0,,Ever Bounced,False,0.7,High
PR01775534,0.0,0,21623,1139561,SBL,Ever Bounce,True,0,0,0.0,0.0,0.0,,Ever Bounced,False,0.7,High
PR01775765,0.0,0,11596,573053,SBL,Ever Bounce,True,0,0,0.0,0.0,0.0,,Ever Bounced,False,0.7,High
PR01775840,0.0,0,19448,812767,SBL,Ever Bounce,True,0,0,0.0,0.0,0.0,,Ever Bounced,False,0.7,High
PR01776158,0.0,0,7213,392882,SBL,Ever Bounce,True,0,0,0.0,0.0,0.0,,Ever Bounced,False,0.7,High
PR01777352,0.0,0,25575,1081621,SBL,Ever Bounce,True,0,0,0.0,0.0,0.0,,Ever Bounced,False,0.7,High
PR01777896,0.0,0,15136,579952,ME,Ever Bounce,True,0,0,0.0,0.0,0.0,,Ever Bounced,False,0.7,High
PR01777980,0.0,0,13068,666695,SBL,Ever Bounce,True,0,0,0.0,0.0,0.0,,Ever Bounced,False,0.7,High
PR01777990,0.0,0,14923,638720,SBL,Ever Bounce,True,0,0,0.0,0.0,0.0,,Ever Bounced,False,0.7,High
PR01778013,0.0,0,15677,826177,SBL,Ever Bounce,True,0,0,0.0,0.0,0.0,,Ever Bounced,False,0.7,High
PR01778429,0.0,0,14429,549653,SBL,Ever Bounce,True,0,0,0.0,0.0,0.0,,Ever Bounced,False,0.7,High
PR01779223,0.0,0,10447,389086,Micro Loan,Ever Bounce,True,0,0,0.0,0.0,0.0,,Ever Bounced,False,0.7,High
PR01779602,0.0,0,9582,382091,ME,Ever Bounce,True,0,0,0.0,0.0,0.0,,Ever Bounced,False,0.7,High
PR01780654,0.0,0,21609,903072,SBL,Ever Bounce,True,0,0,0.0,0.0,0.0,,Ever Bounced,False,0.7,High
PR01780661,0.0,0,21623,1139561,SBL,Ever Bounce,True,0,0,0.0,0.0,0.0,,Ever Bounced,False,0.7,High
PR01780708,0.0,0,18920,997116,SBL,Ever Bounce,True,0,0,0.0,0.0,0.0,,Ever Bounced,False,0.7,High
PR01780788,0.0,0,33236,1937333,SBL,Ever Bounce,True,0,0,0.0,0.0,0.0,,Ever Bounced,False,0.7,High
PR01781153,0.0,0,8644,361222,SBL,Ever Bounce,True,0,0,0.0,0.0,0.0,,Ever Bounced,False,0.7,High
PR01781570,0.0,0,6172,347656,ME,Ever Bounce,True,0,0,0.0,0.0,0.0,,Ever Bounced,False,0.7,High
PR01782685,0.0,0,14001,714319,SBL,Ever Bounce,True,0,0,0.0,0.0,0.0,,Ever Bounced,False,0.7,High
PR01783080,0.0,0,23661,1799823,Co-Lending,Ever Bounce,False,1,0,0.0,1.0,23661.0,2026-09-11 18:27:47,Ever Bounced,False,0.7,High
PR01783157,0.0,0,11150,597358,ME,Ever Bounce,True,0,0,0.0,0.0,0.0,,Ever Bounced,False,0.7,High
PR01783624,0.0,0,3604,189925,SBL,Ever Bounce,True,0,0,0.0,0.0,0.0,,Ever Bounced,False,0.7,High
PR01784003,0.0,0,3351,188719,ME,Ever Bounce,True,0,0,0.0,0.0,0.0,,Ever Bounced,False,0.7,High
PR01784111,0.0,0,25127,1415486,SBL,Ever Bounce,True,0,0,0.0,0.0,0.0,,Ever Bounced,False,0.7,High
PR01784909,0.0,0,14688,977669,ME,Ever Bounce,True,0,0,0.0,0.0,0.0,,Ever Bounced,False,0.7,High
PR01784934,0.0,0,8684,297465,ME,Ever Bounce,True,0,0,0.0,0.0,0.0,,Ever Bounced,False,0.7,High
PR01789441,0.0,0,8888,620557,ME,Ever Bounce,False,1,0,0.0,1.0,8888.0,2026-09-15 19:40:09,Ever Bounced,False,0.7,High
PR01790066,0.0,0,22207,913445,Micro Loan,Ever Bounce,True,0,0,0.0,0.0,0.0,,Ever Bounced,False,0.7,High
PR01790935,0.0,0,16217,858022,SBL,Ever Bounce,True,0,0,0.0,0.0,0.0,,Ever Bounced,False,0.7,High
PR01790941,0.0,0,12063,526908,SBL,Ever Bounce,True,0,0,0.0,0.0,0.0,,Ever Bounced,False,0.7,High
PR01792808,0.0,0,3604,190669,SBL,Ever Bounce,True,0,0,0.0,0.0,0.0,,Ever Bounced,False,0.7,High
PR01792998,0.0,0,15731,662680,SBL,Ever Bounce,True,0,0,0.0,0.0,0.0,,Ever Bounced,False,0.7,High
PR01794195,0.0,0,14429,553474,SBL,Ever Bounce,True,0,0,0.0,0.0,0.0,,Ever Bounced,False,0.7,High
PR01794341,0.0,0,7065,471042,ME,Ever Bounce,True,0,0,0.0,0.0,0.0,,Ever Bounced,False,0.7,High
PR01795366,0.0,0,13996,672571,SBL,Ever Bounce,True,0,0,0.0,0.0,0.0,,Ever Bounced,False,0.7,High
PR01795889,0.0,0,10434,391223,Micro Loan,Ever Bounce,True,0,0,0.0,0.0,0.0,,Ever Bounced,False,0.7,High
PR01796065,0.0,0,7298,386105,SBL,Ever Bounce,True,0,0,0.0,0.0,0.0,,Ever Bounced,False,0.7,High
PR01797247,0.0,0,16217,858022,SBL,Ever Bounce,True,0,0,0.0,0.0,0.0,,Ever Bounced,False,0.7,High
PR01797389,0.0,0,18108,927283,SBL,Ever Bounce,True,0,0,0.0,0.0,0.0,,Ever Bounced,False,0.7,High
PR01798616,0.0,0,13240,598449,SBL,Ever Bounce,True,0,0,0.0,0.0,0.0,,Ever Bounced,False,0.7,High
PR01798644,0.0,0,6338,412631,ME,Ever Bounce,True,0,0,0.0,0.0,0.0,,Ever Bounced,False,0.7,High
PR01798660,0.0,0,13528,670921,SBL,Ever Bounce,True,0,0,0.0,0.0,0.0,,Ever Bounced,False,0.7,High
PR01798785,0.0,0,13572,508917,SBL,Ever Bounce,True,0,0,0.0,0.0,0.0,,Ever Bounced,False,0.7,High
PR01799918,0.0,0,16428,841242,SBL,Ever Bounce,True,0,0,0.0,0.0,0.0,,Ever Bounced,False,0.7,High
PR01801254,0.0,0,15301,660312,SBL,Ever Bounce,True,0,0,0.0,0.0,0.0,,Ever Bounced,False,0.7,High
PR01801278,0.0,0,13996,672571,SBL,Ever Bounce,True,0,0,0.0,0.0,0.0,,Ever Bounced,False,0.7,High
PR01802430,0.0,0,18019,953355,SBL,Ever Bounce,True,0,0,0.0,0.0,0.0,,Ever Bounced,False,0.7,High
PR01802613,0.0,0,14902,976030,ME,Ever Bounce,True,0,0,0.0,0.0,0.0,,Ever Bounced,False,0.7,High
PR01802898,0.0,0,19100,1010560,SBL,Ever Bounce,True,0,0,0.0,0.0,0.0,,Ever Bounced,False,0.7,High
PR01803744,0.0,0,12176,603816,SBL,Ever Bounce,True,0,0,0.0,0.0,0.0,,Ever Bounced,False,0.7,High
PR01803776,0.0,0,20103,1046323,SBL,Ever Bounce,True,0,0,0.0,0.0,0.0,,Ever Bounced,False,0.7,High
PR01803795,0.0,0,16325,849654,SBL,Ever Bounce,True,0,0,0.0,0.0,0.0,,Ever Bounced,False,0.7,High
PR01803798,0.0,0,12613,667354,SBL,Ever Bounce,True,0,0,0.0,0.0,0.0,,Ever Bounced,False,0.7,High
PR01804109,0.0,0,11407,458260,SBL,Ever Bounce,True,0,0,0.0,0.0,0.0,,Ever Bounced,False,0.7,High
PR01805091,0.0,0,9100,481436,ME,Ever Bounce,True,0,0,0.0,0.0,0.0,,Ever Bounced,False,0.7,High
PR01805263,0.0,0,16295,862113,SBL,Ever Bounce,True,0,0,0.0,0.0,0.0,,Ever Bounced,False,0.7,High
PR01805376,0.0,0,3401,146754,SBL,Ever Bounce,True,0,0,0.0,0.0,0.0,,Ever Bounced,False,0.7,High
PR01805459,0.0,0,50610,3861907,Co-Lending,Ever Bounce,True,0,0,0.0,0.0,0.0,,Ever Bounced,False,0.7,High
PR01806089,0.0,0,10653,563648,SBL,Ever Bounce,True,0,0,0.0,0.0,0.0,,Ever Bounced,False,0.7,High
PR01806106,0.0,0,6572,435609,ME,Ever Bounce,True,0,0,0.0,0.0,0.0,,Ever Bounced,False,0.7,High
PR01806211,0.0,0,26437,1762761,ME,Ever Bounce,True,0,0,0.0,0.0,0.0,,Ever Bounced,False,0.7,High
PR01806256,0.0,0,16217,858022,SBL,Ever Bounce,True,0,0,0.0,0.0,0.0,,Ever Bounced,False,0.7,High
PR01806715,0.0,0,22514,1191208,SBL,Ever Bounce,True,0,0,0.0,0.0,0.0,,Ever Bounced,False,0.7,High
PR01807187,0.0,0,9214,521262,ME,Ever Bounce,True,0,0,0.0,0.0,0.0,,Ever Bounced,False,0.7,High
PR01807253,0.0,0,20270,1146788,SBL,Ever Bounce,True,0,0,0.0,0.0,0.0,,Ever Bounced,False,0.7,High
PR01807263,0.0,0,22207,913445,SBL,Ever Bounce,True,0,0,0.0,0.0,0.0,,Ever Bounced,False,0.7,High
PR01807296,0.0,0,7257,390312,ME,Ever Bounce,True,0,0,0.0,0.0,0.0,,Ever Bounced,False,0.7,High
PR01807301,0.0,0,21609,910268,SBL,Ever Bounce,True,0,0,0.0,0.0,0.0,,Ever Bounced,False,0.7,High
PR01807675,0.0,0,33503,1895540,ME,Ever Bounce,True,0,0,0.0,0.0,0.0,,Ever Bounced,False,0.7,High
PR01807825,0.0,0,14713,634907,SBL,Ever Bounce,True,0,0,0.0,0.0,0.0,,Ever Bounced,False,0.7,High
PR01808401,0.0,0,14298,1090979,Co-Lending,Ever Bounce,True,0,0,0.0,0.0,0.0,,Ever Bounced,False,0.7,High
PR01808808,0.0,0,14955,804448,SBL,Ever Bounce,True,0,0,0.0,0.0,0.0,,Ever Bounced,False,0.7,High
PR01808926,0.0,0,28478,1611201,SBL,Ever Bounce,True,0,0,0.0,0.0,0.0,,Ever Bounced,False,0.7,High
PR01808947,0.0,0,14415,762688,SBL,Ever Bounce,True,0,0,0.0,0.0,0.0,,Ever Bounced,False,0.7,High
PR01809012,0.0,0,13528,670921,SBL,Ever Bounce,True,0,0,0.0,0.0,0.0,,Ever Bounced,False,0.7,High
PR01810272,0.0,0,19821,1048689,SBL,Ever Bounce,True,0,0,0.0,0.0,0.0,,Ever Bounced,False,0.7,High
PR01810352,0.0,0,21093,1097884,SBL,Ever Bounce,True,0,0,0.0,0.0,0.0,,Ever Bounced,False,0.7,High
PR01810453,0.0,0,11530,610047,SBL,Ever Bounce,True,0,0,0.0,0.0,0.0,,Ever Bounced,False,0.7,High
PR01810550,0.0,0,14806,555178,SBL,Ever Bounce,True,0,0,0.0,0.0,0.0,,Ever Bounced,False,0.7,High
PR01810568,0.0,0,16511,903094,SBL,Ever Bounce,True,0,0,0.0,0.0,0.0,,Ever Bounced,False,0.7,High
PR01810572,0.0,0,19626,1021504,SBL,Ever Bounce,True,0,0,0.0,0.0,0.0,,Ever Bounced,False,0.7,High
PR01810577,0.0,0,14629,661174,SBL,Ever Bounce,True,0,0,0.0,0.0,0.0,,Ever Bounced,False,0.7,High
PR01810581,0.0,0,23972,1755085,ME,Ever Bounce,True,0,0,0.0,0.0,0.0,,Ever Bounced,False,0.7,High
PR01810584,0.0,0,15136,800816,SBL,Ever Bounce,True,0,0,0.0,0.0,0.0,,Ever Bounced,False,0.7,High
PR01811412,0.0,0,19448,819244,SBL,Ever Bounce,True,0,0,0.0,0.0,0.0,,Ever Bounced,False,0.7,High
PR01811691,0.0,0,15398,828238,SBL,Ever Bounce,True,0,0,0.0,0.0,0.0,,Ever Bounced,False,0.7,High
PR01812057,0.0,0,9010,476669,SBL,Ever Bounce,True,0,0,0.0,0.0,0.0,,Ever Bounced,False,0.7,High
PR01812107,0.0,0,12613,667354,SBL,Ever Bounce,True,0,0,0.0,0.0,0.0,,Ever Bounced,False,0.7,High
PR01815458,0.0,0,24528,1635447,ME,Ever Bounce,True,0,0,0.0,0.0,0.0,,Ever Bounced,False,0.7,High
PR01815577,0.0,0,14934,764774,SBL,Ever Bounce,True,0,0,0.0,0.0,0.0,,Ever Bounced,False,0.7,High
PR01815605,0.0,0,17380,950628,SBL,Ever Bounce,True,0,0,0.0,0.0,0.0,,Ever Bounced,False,0.7,High
PR01815700,0.0,0,4089,207157,ME,Ever Bounce,True,0,0,0.0,0.0,0.0,,Ever Bounced,False,0.7,High
PR01815783,0.0,0,6483,273077,SBL,Ever Bounce,True,0,0,0.0,0.0,0.0,,Ever Bounced,False,0.7,High
PR01815839,0.0,0,9810,394104,Micro Loan,Ever Bounce,True,0,0,0.0,0.0,0.0,,Ever Bounced,False,0.7,High
PR01815916,0.0,0,14276,996811,ME,Ever Bounce,True,0,0,0.0,0.0,0.0,,Ever Bounced,False,0.7,High
PR01816189,0.0,0,35396,1904021,SBL,Ever Bounce,True,0,0,0.0,0.0,0.0,,Ever Bounced,False,0.7,High
PR01816400,0.0,0,14713,634907,SBL,Ever Bounce,True,0,0,0.0,0.0,0.0,,Ever Bounced,False,0.7,High
PR01817555,0.0,0,4553,304086,ME,Ever Bounce,True,0,0,0.0,0.0,0.0,,Ever Bounced,False,0.7,High
PR01818239,0.0,0,34290,1948400,SBL,Ever Bounce,True,0,0,0.0,0.0,0.0,,Ever Bounced,False,0.7,High
PR01819191,0.0,0,4478,87375,ME,Ever Bounce,True,0,0,0.0,0.0,0.0,,Ever Bounced,False,0.7,High
PR01822844,0.0,0,7496,398119,ME,Ever Bounce,True,0,0,0.0,0.0,0.0,,Ever Bounced,False,0.7,High
PR01823180,0.0,0,10486,395736,Micro Loan,Ever Bounce,True,0,0,0.0,0.0,0.0,,Ever Bounced,False,0.7,High
PR01823818,0.0,0,9725,516493,ME,Ever Bounce,True,0,0,0.0,0.0,0.0,,Ever Bounced,False,0.7,High
PR01826022,0.0,0,7882,342869,SBL,Ever Bounce,True,0,0,0.0,0.0,0.0,,Ever Bounced,False,0.7,High
PR01826027,0.0,0,25226,1339835,SBL,Ever Bounce,True,0,0,0.0,0.0,0.0,,Ever Bounced,False,0.7,High
PR01826851,0.0,0,7029,477533,Co-Lending,Ever Bounce,False,1,0,0.0,1.0,7029.0,2026-09-13 19:17:29,Ever Bounced,False,0.7,High
PR01828027,0.0,0,17448,991409,ME,Ever Bounce,True,0,0,0.0,0.0,0.0,,Ever Bounced,False,0.7,High
PR01829096,0.0,0,19265,1094593,ME,Ever Bounce,True,0,0,0.0,0.0,0.0,,Ever Bounced,False,0.7,High
PR01829675,0.0,0,10566,561179,SBL,Ever Bounce,True,0,0,0.0,0.0,0.0,,Ever Bounced,False,0.7,High
PR01829873,0.0,0,9379,473249,SBL,Ever Bounce,True,0,0,0.0,0.0,0.0,,Ever Bounced,False,0.7,High
PR01830036,0.0,0,14469,676233,SBL,Ever Bounce,True,0,0,0.0,0.0,0.0,,Ever Bounced,False,0.7,High
PR01830224,0.0,0,24268,1247274,SBL,Ever Bounce,True,0,0,0.0,0.0,0.0,,Ever Bounced,False,0.7,High
PR01830394,0.0,0,5875,392367,ME,Ever Bounce,True,0,0,0.0,0.0,0.0,,Ever Bounced,False,0.7,High
PR01830460,0.0,0,16417,932786,ME,Ever Bounce,True,0,0,0.0,0.0,0.0,,Ever Bounced,False,0.7,High
PR01830498,0.0,0,14056,555595,Micro Loan,Ever Bounce,True,0,0,0.0,0.0,0.0,,Ever Bounced,False,0.7,High
PR01830817,0.0,0,12508,642817,SBL,Ever Bounce,True,0,0,0.0,0.0,0.0,,Ever Bounced,False,0.7,High
PR01830822,0.0,0,2468,93129,Micro Loan,Ever Bounce,True,0,0,0.0,0.0,0.0,,Ever Bounced,False,0.7,High
PR01830935,0.0,0,15237,511204,SBL,Ever Bounce,True,0,0,0.0,0.0,0.0,,Ever Bounced,False,0.7,High
PR01831225,0.0,0,24064,1046829,SBL,Ever Bounce,True,0,0,0.0,0.0,0.0,,Ever Bounced,False,0.7,High
PR01831682,0.0,0,18019,957019,SBL,Ever Bounce,False,1,0,0.0,1.0,18019.0,2026-09-01 00:07:41,Ever Bounced,False,0.7,High
PR01831699,0.0,0,5582,372739,ME,Ever Bounce,True,0,0,0.0,0.0,0.0,,Ever Bounced,False,0.7,High
PR01831780,0.0,0,9438,391132,Micro Loan,Ever Bounce,True,0,0,0.0,0.0,0.0,,Ever Bounced,False,0.7,High
PR01831802,0.0,0,18668,959437,SBL,Ever Bounce,True,0,0,0.0,0.0,0.0,,Ever Bounced,False,0.7,High
PR01831813,0.0,0,8828,384010,SBL,Ever Bounce,True,0,0,0.0,0.0,0.0,,Ever Bounced,False,0.7,High
PR01831814,0.0,0,13514,717768,SBL,Ever Bounce,True,0,0,0.0,0.0,0.0,,Ever Bounced,False,0.7,High
PR01831876,0.0,0,14469,676233,SBL,Ever Bounce,True,0,0,0.0,0.0,0.0,,Ever Bounced,False,0.7,High
PR01833170,0.0,0,12878,683929,ME,Ever Bounce,True,0,0,0.0,0.0,0.0,,Ever Bounced,False,0.7,High
PR01833176,0.0,0,10812,574204,SBL,Ever Bounce,True,0,0,0.0,0.0,0.0,,Ever Bounced,False,0.7,High
PR01833247,0.0,0,5109,357340,ME,Ever Bounce,False,1,0,0.0,1.0,5109.0,2026-09-15 19:38:48,Ever Bounced,False,0.7,High
PR01833268,0.0,0,10051,571097,ME,Ever Bounce,True,0,0,0.0,0.0,0.0,,Ever Bounced,False,0.7,High
PR01833354,0.0,0,35396,1911540,SBL,Ever Bounce,True,0,0,0.0,0.0,0.0,,Ever Bounced,False,0.7,High
PR01833393,0.0,0,24641,1266467,SBL,Ever Bounce,True,0,0,0.0,0.0,0.0,,Ever Bounced,False,0.7,High
PR01833405,0.0,0,22010,1149902,SBL,Ever Bounce,True,0,0,0.0,0.0,0.0,,Ever Bounced,False,0.7,High
PR01833422,0.0,0,20353,1099132,SBL,Ever Bounce,True,0,0,0.0,0.0,0.0,,Ever Bounced,False,0.7,High
PR01833564,0.0,0,14469,676233,SBL,Ever Bounce,True,0,0,0.0,0.0,0.0,,Ever Bounced,False,0.7,High
PR01833776,0.0,0,2468,93129,Micro Loan,Ever Bounce,True,0,0,0.0,0.0,0.0,,Ever Bounced,False,0.7,High
PR01833796,0.0,0,16399,648190,SBL,Ever Bounce,True,0,0,0.0,0.0,0.0,,Ever Bounced,False,0.7,High
PR01834645,0.0,0,36390,2127653,ME,Ever Bounce,True,0,0,0.0,0.0,0.0,,Ever Bounced,False,0.7,High
PR01834738,0.0,0,8104,343997,SBL,Ever Bounce,True,0,0,0.0,0.0,0.0,,Ever Bounced,False,0.7,High
PR01834821,0.0,0,16207,688010,SBL,Ever Bounce,True,0,0,0.0,0.0,0.0,,Ever Bounced,False,0.7,High
PR01834879,0.0,0,19920,1131841,ME,Ever Bounce,True,0,0,0.0,0.0,0.0,,Ever Bounced,False,0.7,High
PR01834939,0.0,0,15969,646236,SBL,Ever Bounce,True,0,0,0.0,0.0,0.0,,Ever Bounced,False,0.7,High
PR01835025,0.0,0,14429,557223,SBL,Ever Bounce,True,0,0,0.0,0.0,0.0,,Ever Bounced,False,0.7,High
PR01835043,0.0,0,14919,641089,SBL,Ever Bounce,True,0,0,0.0,0.0,0.0,,Ever Bounced,False,0.7,High
PR01835046,0.0,0,15545,644220,SBL,Ever Bounce,True,0,0,0.0,0.0,0.0,,Ever Bounced,False,0.7,High
PR01835835,0.0,0,15823,479197,SBL,Ever Bounce,True,0,0,0.0,0.0,0.0,,Ever Bounced,False,0.7,High
PR01836561,0.0,0,11297,620414,ME,Ever Bounce,True,0,0,0.0,0.0,0.0,,Ever Bounced,False,0.7,High
PR01836706,0.0,0,28686,1629924,ME,Ever Bounce,True,0,0,0.0,0.0,0.0,,Ever Bounced,False,0.7,High
PR01836730,0.0,0,10989,624400,SBL,Ever Bounce,False,1,0,0.0,1.0,10989.0,2026-09-15 07:21:33,Ever Bounced,False,0.7,High
PR01836860,0.0,0,13853,595303,Micro Loan,Ever Bounce,True,0,0,0.0,0.0,0.0,,Ever Bounced,False,0.7,High
PR01836894,0.0,0,12214,506171,SBL,Ever Bounce,True,0,0,0.0,0.0,0.0,,Ever Bounced,False,0.7,High
PR01836899,0.0,0,18019,957019,SBL,Ever Bounce,True,0,0,0.0,0.0,0.0,,Ever Bounced,False,0.7,High
PR01836940,0.0,0,10509,457161,SBL,Ever Bounce,True,0,0,0.0,0.0,0.0,,Ever Bounced,False,0.7,High
PR01841157,0.0,0,6726,364590,ME,Ever Bounce,True,0,0,0.0,0.0,0.0,,Ever Bounced,False,0.7,High
PR01846104,0.0,0,6952,383316,SBL,Ever Bounce,True,0,0,0.0,0.0,0.0,,Ever Bounced,False,0.7,High
PR01846702,0.0,0,10734,572246,ME,Ever Bounce,True,0,0,0.0,0.0,0.0,,Ever Bounced,False,0.7,High
PR01848845,0.0,0,8225,550203,ME,Ever Bounce,True,0,0,0.0,0.0,0.0,,Ever Bounced,False,0.7,High
PR01850076,0.0,0,12613,672444,SBL,Ever Bounce,True,0,0,0.0,0.0,0.0,,Ever Bounced,False,0.7,High
PR01850651,0.0,0,18176,1037074,ME,Ever Bounce,True,0,0,0.0,0.0,0.0,,Ever Bounced,False,0.7,High
PR01850920,0.0,0,5630,423837,Home Loan,Ever Bounce,True,0,0,0.0,0.0,0.0,,Ever Bounced,False,0.7,High
PR01851496,0.0,0,16508,865581,SBL,Ever Bounce,True,0,0,0.0,0.0,0.0,,Ever Bounced,False,0.7,High
PR01851650,0.0,0,17625,1179004,ME,Ever Bounce,True,0,0,0.0,0.0,0.0,,Ever Bounced,False,0.7,High
PR01852715,0.0,0,1802,96062,ME,Ever Bounce,True,0,0,0.0,0.0,0.0,,Ever Bounced,False,0.7,High
PR01852926,0.0,0,1927,131895,ME,Ever Bounce,True,0,0,0.0,0.0,0.0,,Ever Bounced,False,0.7,High
PR01853091,0.0,0,9323,685198,ME,Ever Bounce,True,0,0,0.0,0.0,0.0,,Ever Bounced,False,0.7,High
PR01853859,0.0,0,36273,1896940,SBL,Ever Bounce,True,0,0,0.0,0.0,0.0,,Ever Bounced,False,0.7,High
PR01854176,0.0,0,8428,360480,SBL,Ever Bounce,True,0,0,0.0,0.0,0.0,,Ever Bounced,False,0.7,High
PR01854709,0.0,0,21018,921519,SBL,Ever Bounce,False,1,0,0.0,1.0,21018.0,2026-09-09 10:08:39,Ever Bounced,False,0.7,High
PR01855215,0.0,0,22031,1473758,ME,Ever Bounce,True,0,0,0.0,0.0,0.0,,Ever Bounced,False,0.7,High
PR01855262,0.0,0,14046,600812,SBL,Ever Bounce,True,0,0,0.0,0.0,0.0,,Ever Bounced,False,0.7,High
PR01855959,0.0,0,10639,557816,ME,Ever Bounce,True,0,0,0.0,0.0,0.0,,Ever Bounced,False,0.7,High
PR01856736,0.0,0,13422,715514,SBL,Ever Bounce,True,0,0,0.0,0.0,0.0,,Ever Bounced,False,0.7,High
PR01857163,0.0,0,23845,1250284,SBL,Ever Bounce,True,0,0,0.0,0.0,0.0,,Ever Bounced,False,0.7,High
PR01857646,0.0,0,12191,815472,ME,Ever Bounce,True,0,0,0.0,0.0,0.0,,Ever Bounced,False,0.7,High
PR01858563,0.0,0,8297,322513,Micro Loan,Ever Bounce,True,0,0,0.0,0.0,0.0,,Ever Bounced,False,0.7,High
PR01858618,0.0,0,19821,1056690,SBL,Ever Bounce,True,0,0,0.0,0.0,0.0,,Ever Bounced,False,0.7,High
PR01858628,0.0,0,16655,695307,SBL,Ever Bounce,False,1,0,0.0,1.0,16655.0,2026-09-15 17:56:32,Ever Bounced,False,0.7,High
PR01859794,0.0,0,22401,1155439,SBL,Ever Bounce,True,0,0,0.0,0.0,0.0,,Ever Bounced,False,0.7,High
PR01859881,0.0,0,20161,1039893,SBL,Ever Bounce,False,1,0,0.0,1.0,20161.0,2026-09-16 21:12:54,Ever Bounced,False,0.7,High
PR01859888,0.0,0,21238,1151365,SBL,Ever Bounce,True,0,0,0.0,0.0,0.0,,Ever Bounced,False,0.7,High
PR01860054,0.0,0,14919,646048,SBL,Ever Bounce,True,0,0,0.0,0.0,0.0,,Ever Bounced,False,0.7,High
PR01860984,0.0,0,13996,676909,SBL,Ever Bounce,True,0,0,0.0,0.0,0.0,,Ever Bounced,False,0.7,High
PR01860990,0.0,0,12214,509887,SBL,Ever Bounce,True,0,0,0.0,0.0,0.0,,Ever Bounced,False,0.7,High
PR01861017,0.0,0,13102,546973,SBL,Ever Bounce,True,0,0,0.0,0.0,0.0,,Ever Bounced,False,0.7,High
PR01861083,0.0,0,15969,650816,SBL,Ever Bounce,False,1,0,0.0,1.0,15969.0,2026-09-16 21:51:44,Ever Bounced,False,0.7,High
PR01861102,0.0,0,18367,785685,SBL,Ever Bounce,True,0,0,0.0,0.0,0.0,,Ever Bounced,False,0.7,High
PR01861181,0.0,0,9514,507160,SBL,Ever Bounce,True,0,0,0.0,0.0,0.0,,Ever Bounced,False,0.7,High
PR01861223,0.0,0,14631,780023,SBL,Ever Bounce,True,0,0,0.0,0.0,0.0,,Ever Bounced,False,0.7,High
PR01862074,0.0,0,33015,1731179,SBL,Ever Bounce,True,0,0,0.0,0.0,0.0,,Ever Bounced,False,0.7,High
PR01862320,0.0,0,15461,771993,SBL,Ever Bounce,True,0,0,0.0,0.0,0.0,,Ever Bounced,False,0.7,High
PR01862381,0.0,0,13324,556245,SBL,Ever Bounce,True,0,0,0.0,0.0,0.0,,Ever Bounced,False,0.7,High
PR01862436,0.0,0,23425,1248814,SBL,Ever Bounce,True,0,0,0.0,0.0,0.0,,Ever Bounced,False,0.7,High
PR01862799,0.0,0,21623,1152753,ME,Ever Bounce,True,0,0,0.0,0.0,0.0,,Ever Bounced,False,0.7,High
PR01863599,0.0,0,21623,1152753,SBL,Ever Bounce,True,0,0,0.0,0.0,0.0,,Ever Bounced,False,0.7,High
PR01863704,0.0,0,22594,1245776,SBL,Ever Bounce,True,0,0,0.0,0.0,0.0,,Ever Bounced,False,0.7,High
PR01863715,0.0,0,27513,1442642,ME,Ever Bounce,True,0,0,0.0,0.0,0.0,,Ever Bounced,False,0.7,High
PR01863826,0.0,0,18668,962860,SBL,Ever Bounce,True,0,0,0.0,0.0,0.0,,Ever Bounced,False,0.7,High
PR01863876,0.0,0,12613,672444,SBL,Ever Bounce,True,0,0,0.0,0.0,0.0,,Ever Bounced,False,0.7,High
PR01864109,0.0,0,23845,1250284,SBL,Ever Bounce,True,0,0,0.0,0.0,0.0,,Ever Bounced,False,0.7,High
PR01864986,0.0,0,30972,1679076,ME,Ever Bounce,True,0,0,0.0,0.0,0.0,,Ever Bounced,False,0.7,High
PR01865165,0.0,0,12788,553753,SBL,Ever Bounce,True,0,0,0.0,0.0,0.0,,Ever Bounced,False,0.7,High
PR01865210,0.0,0,3837,166118,SBL,Ever Bounce,True,0,0,0.0,0.0,0.0,,Ever Bounced,False,0.7,High
PR01865219,0.0,0,22031,1473758,ME,Ever Bounce,True,0,0,0.0,0.0,0.0,,Ever Bounced,False,0.7,High
PR01865222,0.0,0,15969,650816,SBL,Ever Bounce,True,0,0,0.0,0.0,0.0,,Ever Bounced,False,0.7,High
PR01865826,0.0,0,9038,396250,SBL,Ever Bounce,True,0,0,0.0,0.0,0.0,,Ever Bounced,False,0.7,High
PR01865986,0.0,0,16247,1006379,ME,Ever Bounce,True,0,0,0.0,0.0,0.0,,Ever Bounced,False,0.7,High
PR01866143,0.0,0,7568,403464,SBL,Ever Bounce,True,0,0,0.0,0.0,0.0,,Ever Bounced,False,0.7,High
PR01866177,0.0,0,47870,3586039,Co-Lending,Ever Bounce,False,1,0,0.0,1.0,47870.0,2026-09-15 16:56:40,Ever Bounced,False,0.7,High
PR01866209,0.0,0,18019,960629,SBL,Ever Bounce,True,0,0,0.0,0.0,0.0,,Ever Bounced,False,0.7,High
PR01866288,0.0,0,10451,557166,Micro Loan,Ever Bounce,True,0,0,0.0,0.0,0.0,,Ever Bounced,False,0.7,High
PR01866305,0.0,0,11695,782287,ME,Ever Bounce,True,0,0,0.0,0.0,0.0,,Ever Bounced,False,0.7,High
PR01866309,0.0,0,15126,647031,SBL,Ever Bounce,True,0,0,0.0,0.0,0.0,,Ever Bounced,False,0.7,High
PR01866343,0.0,0,33591,2353819,ME,Ever Bounce,True,0,0,0.0,0.0,0.0,,Ever Bounced,False,0.7,High
PR01866458,0.0,0,11201,577714,SBL,Ever Bounce,True,0,0,0.0,0.0,0.0,,Ever Bounced,False,0.7,High
PR01866610,0.0,0,9619,373936,Micro Loan,Ever Bounce,True,0,0,0.0,0.0,0.0,,Ever Bounced,False,0.7,High
PR01868408,0.0,0,19821,1056690,SBL,Ever Bounce,True,0,0,0.0,0.0,0.0,,Ever Bounced,False,0.7,High
PR01871380,0.0,0,10428,577224,SBL,Ever Bounce,False,1,0,0.0,1.0,10428.0,2026-09-15 18:24:50,Ever Bounced,False,0.7,High
PR01871389,0.0,0,8254,434350,SBL,Ever Bounce,True,0,0,0.0,0.0,0.0,,Ever Bounced,False,0.7,High
PR01877243,0.0,0,16321,880662,SBL,Ever Bounce,True,0,0,0.0,0.0,0.0,,Ever Bounced,False,0.7,High
PR01878194,0.0,0,21092,1208463,ME,Ever Bounce,True,0,0,0.0,0.0,0.0,,Ever Bounced,False,0.7,High
PR01878254,0.0,0,27513,1447834,SBL,Ever Bounce,True,0,0,0.0,0.0,0.0,,Ever Bounced,False,0.7,High
PR01879565,0.0,0,20195,1353100,ME,Ever Bounce,True,0,0,0.0,0.0,0.0,,Ever Bounced,False,0.7,High
PR01880956,0.0,0,19455,696618,ME,Ever Bounce,True,0,0,0.0,0.0,0.0,,Ever Bounced,False,0.7,High
PR01881129,0.0,0,13996,679022,SBL,Ever Bounce,True,0,0,0.0,0.0,0.0,,Ever Bounced,False,0.7,High
PR01882255,0.0,0,8879,508682,ME,Ever Bounce,True,0,0,0.0,0.0,0.0,,Ever Bounced,False,0.7,High
PR01883550,0.0,0,16360,659715,SBL,Ever Bounce,True,0,0,0.0,0.0,0.0,,Ever Bounced,False,0.7,High
PR01884076,0.0,0,7094,367165,SBL,Ever Bounce,True,0,0,0.0,0.0,0.0,,Ever Bounced,False,0.7,High
PR01884094,0.0,0,10812,578504,SBL,Ever Bounce,True,0,0,0.0,0.0,0.0,,Ever Bounced,False,0.7,High
PR01884938,0.0,0,9370,501375,SBL,Ever Bounce,True,0,0,0.0,0.0,0.0,,Ever Bounced,False,0.7,High
PR01885742,0.0,0,17545,756070,ME,Ever Bounce,True,0,0,0.0,0.0,0.0,,Ever Bounced,False,0.7,High
PR01886264,0.0,0,16834,658590,SBL,Ever Bounce,True,0,0,0.0,0.0,0.0,,Ever Bounced,False,0.7,High
PR01886344,0.0,0,25222,1114324,SBL,Ever Bounce,True,0,0,0.0,0.0,0.0,,Ever Bounced,False,0.7,High
PR01886993,0.0,0,9911,530296,SBL,Ever Bounce,True,0,0,0.0,0.0,0.0,,Ever Bounced,False,0.7,High
PR01887023,0.0,0,15545,653601,SBL,Ever Bounce,True,0,0,0.0,0.0,0.0,,Ever Bounced,False,0.7,High
PR01887025,0.0,0,9716,556677,ME,Ever Bounce,True,0,0,0.0,0.0,0.0,,Ever Bounced,False,0.7,High
PR01887037,0.0,0,15461,774545,SBL,Ever Bounce,True,0,0,0.0,0.0,0.0,,Ever Bounced,False,0.7,High
PR01887049,0.0,0,15126,651836,SBL,Ever Bounce,True,0,0,0.0,0.0,0.0,,Ever Bounced,False,0.7,High
PR01890951,0.0,0,15969,655317,SBL,Ever Bounce,True,0,0,0.0,0.0,0.0,,Ever Bounced,False,0.7,High
PR01890957,0.0,0,5780,255365,SBL,Ever Bounce,True,0,0,0.0,0.0,0.0,,Ever Bounced,False,0.7,High
PR01890994,0.0,0,18668,966229,SBL,Ever Bounce,True,0,0,0.0,0.0,0.0,,Ever Bounced,False,0.7,High
PR01891060,0.0,0,18019,964185,SBL,Ever Bounce,True,0,0,0.0,0.0,0.0,,Ever Bounced,False,0.7,High
PR01892306,0.0,0,14919,650932,SBL,Ever Bounce,True,0,0,0.0,0.0,0.0,,Ever Bounced,False,0.7,High
PR01892498,0.0,0,14713,650020,SBL,Ever Bounce,True,0,0,0.0,0.0,0.0,,Ever Bounced,False,0.7,High
PR01892511,0.0,0,17734,917927,SBL,Ever Bounce,True,0,0,0.0,0.0,0.0,,Ever Bounced,False,0.7,High
PR01892550,0.0,0,21018,928608,SBL,Ever Bounce,True,0,0,0.0,0.0,0.0,,Ever Bounced,False,0.7,High
PR01893870,0.0,0,13996,679022,SBL,Ever Bounce,True,0,0,0.0,0.0,0.0,,Ever Bounced,False,0.7,High
PR01894021,0.0,0,10805,465589,SBL,Ever Bounce,True,0,0,0.0,0.0,0.0,,Ever Bounced,False,0.7,High
PR01894834,0.0,0,20102,1151746,ME,Ever Bounce,True,0,0,0.0,0.0,0.0,,Ever Bounced,False,0.7,High
PR01894931,0.0,0,22010,1158272,SBL,Ever Bounce,True,0,0,0.0,0.0,0.0,,Ever Bounced,False,0.7,High
PR01895002,0.0,0,14773,817735,ME,Ever Bounce,True,0,0,0.0,0.0,0.0,,Ever Bounced,False,0.7,High
PR01895112,0.0,0,13454,613292,SBL,Ever Bounce,True,0,0,0.0,0.0,0.0,,Ever Bounced,False,0.7,High
PR01895129,0.0,0,27513,1447834,SBL,Ever Bounce,True,0,0,0.0,0.0,0.0,,Ever Bounced,False,0.7,High
PR01895146,0.0,0,12613,674933,SBL,Ever Bounce,True,0,0,0.0,0.0,0.0,,Ever Bounced,False,0.7,High
PR01895158,0.0,0,10656,464957,SBL,Ever Bounce,True,0,0,0.0,0.0,0.0,,Ever Bounced,False,0.7,High
PR01895167,0.0,0,17101,685143,SBL,Ever Bounce,True,0,0,0.0,0.0,0.0,,Ever Bounced,False,0.7,High
PR01895182,0.0,0,14159,770495,SBL,Ever Bounce,True,0,0,0.0,0.0,0.0,,Ever Bounced,False,0.7,High
PR01895295,0.0,0,2451,106939,SBL,Ever Bounce,True,0,0,0.0,0.0,0.0,,Ever Bounced,False,0.7,High
PR01895365,0.0,0,18342,965223,SBL,Ever Bounce,True,0,0,0.0,0.0,0.0,,Ever Bounced,False,0.7,High
PR01895410,0.0,0,24234,1623719,ME,Ever Bounce,True,0,0,0.0,0.0,0.0,,Ever Bounced,False,0.7,High
PR01895411,0.0,0,17394,871358,SBL,Ever Bounce,True,0,0,0.0,0.0,0.0,,Ever Bounced,False,0.7,High
PR01895413,0.0,0,15969,655317,SBL,Ever Bounce,False,1,0,0.0,1.0,15969.0,2026-09-15 21:12:03,Ever Bounced,False,0.7,High
PR01896644,0.0,0,14949,681432,SBL,Ever Bounce,True,0,0,0.0,0.0,0.0,,Ever Bounced,False,0.7,High
PR01896734,0.0,0,16399,656978,SBL,Ever Bounce,True,0,0,0.0,0.0,0.0,,Ever Bounced,False,0.7,High
PR01896807,0.0,0,8952,390554,SBL,Ever Bounce,True,0,0,0.0,0.0,0.0,,Ever Bounced,False,0.7,High
PR01896948,0.0,0,28903,1987521,Co-Lending,Ever Bounce,True,0,0,0.0,0.0,0.0,,Ever Bounced,False,0.7,High
PR01897001,0.0,0,12338,471550,Micro Loan,Ever Bounce,True,0,0,0.0,0.0,0.0,,Ever Bounced,False,0.7,High
PR01897014,0.0,0,37306,2973100,Home Loan,Ever Bounce,True,0,0,0.0,0.0,0.0,,Ever Bounced,False,0.7,High
PR01897133,0.0,0,17425,916960,SBL,Ever Bounce,True,0,0,0.0,0.0,0.0,,Ever Bounced,False,0.7,High
PR01897207,0.0,0,14713,650020,SBL,Ever Bounce,True,0,0,0.0,0.0,0.0,,Ever Bounced,False,0.7,High
PR01897273,0.0,0,11726,671851,ME,Ever Bounce,True,0,0,0.0,0.0,0.0,,Ever Bounced,False,0.7,High
PR01903383,0.0,0,24332,1352034,SBL,Ever Bounce,True,0,0,0.0,0.0,0.0,,Ever Bounced,False,0.7,High
PR01906544,0.0,0,22615,1300980,ME,Ever Bounce,True,0,0,0.0,0.0,0.0,,Ever Bounced,False,0.7,High
PR01907056,0.0,0,9734,531699,ME,Ever Bounce,True,0,0,0.0,0.0,0.0,,Ever Bounced,False,0.7,High
PR01908311,0.0,0,19821,1064456,SBL,Ever Bounce,True,0,0,0.0,0.0,0.0,,Ever Bounced,False,0.7,High
PR01909904,0.0,0,15238,818306,SBL,Ever Bounce,True,0,0,0.0,0.0,0.0,,Ever Bounced,False,0.7,High
PR01910873,0.0,0,20102,1156429,ME,Ever Bounce,True,0,0,0.0,0.0,0.0,,Ever Bounced,False,0.7,High
PR01910992,0.0,0,16399,661254,SBL,Ever Bounce,True,0,0,0.0,0.0,0.0,,Ever Bounced,False,0.7,High
PR01914814,0.0,0,3351,192731,ME,Ever Bounce,True,0,0,0.0,0.0,0.0,,Ever Bounced,False,0.7,High
PR01914996,0.0,0,14949,683285,SBL,Ever Bounce,True,0,0,0.0,0.0,0.0,,Ever Bounced,False,0.7,High
PR01914999,0.0,0,28001,1454330,SBL,Ever Bounce,False,1,0,0.0,1.0,28001.0,2026-09-14 19:56:14,Ever Bounced,False,0.7,High
PR01915717,0.0,0,7550,490619,ME,Ever Bounce,True,0,0,0.0,0.0,0.0,,Ever Bounced,False,0.7,High
PR01917089,0.0,0,16399,661254,SBL,Ever Bounce,True,0,0,0.0,0.0,0.0,,Ever Bounced,False,0.7,High
PR01917155,0.0,0,20295,1427037,ME,Ever Bounce,True,0,0,0.0,0.0,0.0,,Ever Bounced,False,0.7,High
PR01917462,0.0,0,9258,699221,Co-Lending,Ever Bounce,False,1,0,0.0,1.0,9258.0,2026-09-15 18:00:07,Ever Bounced,False,0.7,High
PR01917531,0.0,0,7748,416109,SBL,Ever Bounce,True,0,0,0.0,0.0,0.0,,Ever Bounced,False,0.7,High
PR01917701,0.0,0,15126,656566,SBL,Ever Bounce,True,0,0,0.0,0.0,0.0,,Ever Bounced,False,0.7,High
PR01920784,0.0,0,5857,393043,ME,Ever Bounce,True,0,0,0.0,0.0,0.0,,Ever Bounced,False,0.7,High
PR01920787,0.0,0,5676,304824,SBL,Ever Bounce,True,0,0,0.0,0.0,0.0,,Ever Bounced,False,0.7,High
PR01920982,0.0,0,9591,421548,SBL,Ever Bounce,True,0,0,0.0,0.0,0.0,,Ever Bounced,False,0.7,High
PR01921727,0.0,0,12613,677385,SBL,Ever Bounce,True,0,0,0.0,0.0,0.0,,Ever Bounced,False,0.7,High
PR01921787,0.0,0,21899,1469554,ME,Ever Bounce,True,0,0,0.0,0.0,0.0,,Ever Bounced,False,0.7,High
PR01921847,0.0,0,14919,655742,SBL,Ever Bounce,True,0,0,0.0,0.0,0.0,,Ever Bounced,False,0.7,High
PR01922997,0.0,0,6918,384356,ME,Ever Bounce,True,0,0,0.0,0.0,0.0,,Ever Bounced,False,0.7,High
PR01923006,0.0,0,23845,1259216,SBL,Ever Bounce,True,0,0,0.0,0.0,0.0,,Ever Bounced,False,0.7,High
PR01923064,0.0,0,4189,226859,SBL,Ever Bounce,True,0,0,0.0,0.0,0.0,,Ever Bounced,False,0.7,High
PR01923221,0.0,0,16834,662722,SBL,Ever Bounce,True,0,0,0.0,0.0,0.0,,Ever Bounced,False,0.7,High
PR01924142,0.0,0,14415,774154,SBL,Ever Bounce,True,0,0,0.0,0.0,0.0,,Ever Bounced,False,0.7,High
PR01924168,0.0,0,14949,683285,SBL,Ever Bounce,True,0,0,0.0,0.0,0.0,,Ever Bounced,False,0.7,High
PR01925624,0.0,0,18019,967689,SBL,Ever Bounce,False,1,0,0.0,1.0,18019.0,2026-09-08 14:53:53,Ever Bounced,False,0.7,High
PR01925754,0.0,0,16234,815908,SBL,Ever Bounce,True,0,0,0.0,0.0,0.0,,Ever Bounced,False,0.7,High
PR01925788,0.0,0,17921,930769,SBL,Ever Bounce,True,0,0,0.0,0.0,0.0,,Ever Bounced,False,0.7,High
PR01925865,0.0,0,16834,662722,SBL,Ever Bounce,True,0,0,0.0,0.0,0.0,,Ever Bounced,False,0.7,High
PR01925979,0.0,0,7759,341042,SBL,Ever Bounce,True,0,0,0.0,0.0,0.0,,Ever Bounced,False,0.7,High
PR01927303,0.0,0,21623,1161226,SBL,Ever Bounce,True,0,0,0.0,0.0,0.0,,Ever Bounced,False,0.7,High
PR01927472,0.0,0,16752,963688,ME,Ever Bounce,True,0,0,0.0,0.0,0.0,,Ever Bounced,False,0.7,High
PR01927547,0.0,0,16834,662722,SBL,Ever Bounce,True,0,0,0.0,0.0,0.0,,Ever Bounced,False,0.7,High
PR01927580,0.0,0,16834,662722,SBL,Ever Bounce,False,1,0,0.0,1.0,16834.0,2026-09-15 10:15:57,Ever Bounced,False,0.7,High
PR01927593,0.0,0,18917,842024,SBL,Ever Bounce,True,0,0,0.0,0.0,0.0,,Ever Bounced,False,0.7,High
PR01927727,0.0,0,18668,969546,SBL,Ever Bounce,True,0,0,0.0,0.0,0.0,,Ever Bounced,False,0.7,High
PR01927777,0.0,0,11722,515226,SBL,Ever Bounce,True,0,0,0.0,0.0,0.0,,Ever Bounced,False,0.7,High
PR01927874,0.0,0,7403,284636,Micro Loan,Ever Bounce,True,0,0,0.0,0.0,0.0,,Ever Bounced,False,0.7,High
PR01930051,0.0,0,27875,1603580,SBL,Ever Bounce,True,0,0,0.0,0.0,0.0,,Ever Bounced,False,0.7,High
PR01940864,0.0,0,6534,340483,SBL,Ever Bounce,True,0,0,0.0,0.0,0.0,,Ever Bounced,False,0.7,High
PR01941272,0.0,0,12613,679801,SBL,Ever Bounce,True,0,0,0.0,0.0,0.0,,Ever Bounced,False,0.7,High
PR01944242,0.0,0,24778,1358380,SBL,Ever Bounce,True,0,0,0.0,0.0,0.0,,Ever Bounced,False,0.7,High
PR01944294,0.0,0,6998,492922,ME,Ever Bounce,True,0,0,0.0,0.0,0.0,,Ever Bounced,False,0.7,High
PR01945246,0.0,0,32267,1929516,Co-Lending,Ever Bounce,True,0,0,0.0,0.0,0.0,,Ever Bounced,False,0.7,High
PR01945265,0.0,0,17565,1014522,SBL,Ever Bounce,True,0,0,0.0,0.0,0.0,,Ever Bounced,False,0.7,High
PR01946127,0.0,0,19601,1021455,SBL,Ever Bounce,True,0,0,0.0,0.0,0.0,,Ever Bounced,False,0.7,High
PR01947146,0.0,0,12338,477194,Micro Loan,Ever Bounce,True,0,0,0.0,0.0,0.0,,Ever Bounced,False,0.7,High
PR01947384,0.0,0,18075,1008163,SBL,Ever Bounce,True,0,0,0.0,0.0,0.0,,Ever Bounced,False,0.7,High
PR01948499,0.0,0,15126,661223,SBL,Ever Bounce,True,0,0,0.0,0.0,0.0,,Ever Bounced,False,0.7,High
PR01948506,0.0,0,16257,1008878,ME,Ever Bounce,True,0,0,0.0,0.0,0.0,,Ever Bounced,False,0.7,High
PR01949065,0.0,0,1802,97113,SBL,Ever Bounce,True,0,0,0.0,0.0,0.0,,Ever Bounced,False,0.7,High
PR01949158,0.0,0,27028,1456715,SBL,Ever Bounce,True,0,0,0.0,0.0,0.0,,Ever Bounced,False,0.7,High
PR01950240,0.0,0,28478,1644820,ME,Ever Bounce,True,0,0,0.0,0.0,0.0,,Ever Bounced,False,0.7,High
PR01950273,0.0,0,14949,685103,SBL,Ever Bounce,True,0,0,0.0,0.0,0.0,,Ever Bounced,False,0.7,High
PR01950368,0.0,0,22681,1636336,Home Loan,Ever Bounce,True,0,0,0.0,0.0,0.0,,Ever Bounced,False,0.7,High
PR01950379,0.0,0,31317,1955845,ME,Ever Bounce,True,0,0,0.0,0.0,0.0,,Ever Bounced,False,0.7,High
PR01950780,0.0,0,24509,1085080,SBL,Ever Bounce,True,0,0,0.0,0.0,0.0,,Ever Bounced,False,0.7,High
PR01951280,0.0,0,18668,972811,SBL,Ever Bounce,True,0,0,0.0,0.0,0.0,,Ever Bounced,False,0.7,High
PR01951557,0.0,0,31419,1783118,ME,Ever Bounce,True,0,0,0.0,0.0,0.0,,Ever Bounced,False,0.7,High
PR01951622,0.0,0,6966,402302,Home Loan,Ever Bounce,True,0,0,0.0,0.0,0.0,,Ever Bounced,False,0.7,High
PR01951752,0.0,0,18019,971141,SBL,Ever Bounce,True,0,0,0.0,0.0,0.0,,Ever Bounced,False,0.7,High
PR01951775,0.0,0,28478,1644820,SBL,Ever Bounce,True,0,0,0.0,0.0,0.0,,Ever Bounced,False,0.7,High
PR01951792,0.0,0,23425,1262480,SBL,Ever Bounce,True,0,0,0.0,0.0,0.0,,Ever Bounced,False,0.7,High
PR01952016,0.0,0,12613,679801,SBL,Ever Bounce,True,0,0,0.0,0.0,0.0,,Ever Bounced,False,0.7,High
PR01952985,0.0,0,22010,1166390,SBL,Ever Bounce,True,0,0,0.0,0.0,0.0,,Ever Bounced,False,0.7,High
PR01952999,0.0,0,13670,736728,SBL,Ever Bounce,True,0,0,0.0,0.0,0.0,,Ever Bounced,False,0.7,High
PR01953087,0.0,0,19118,1066324,SBL,Ever Bounce,True,0,0,0.0,0.0,0.0,,Ever Bounced,False,0.7,High
PR01953101,0.0,0,26547,1455414,SBL,Ever Bounce,True,0,0,0.0,0.0,0.0,,Ever Bounced,False,0.7,High
PR01953189,0.0,0,11524,581040,SBL,Ever Bounce,True,0,0,0.0,0.0,0.0,,Ever Bounced,False,0.7,High
PR01953346,0.0,0,17734,924178,SBL,Ever Bounce,True,0,0,0.0,0.0,0.0,,Ever Bounced,False,0.7,High
PR01953425,0.0,0,2520,177445,ME,Ever Bounce,True,0,0,0.0,0.0,0.0,,Ever Bounced,False,0.7,High
PR01953462,0.0,0,7160,316975,SBL,Ever Bounce,True,0,0,0.0,0.0,0.0,,Ever Bounced,False,0.7,High
PR01953729,0.0,0,7696,304808,Micro Loan,Ever Bounce,True,0,0,0.0,0.0,0.0,,Ever Bounced,False,0.7,High
PR01953792,0.0,0,5328,235886,SBL,Ever Bounce,True,0,0,0.0,0.0,0.0,,Ever Bounced,False,0.7,High
PR01953796,0.0,0,22401,1167379,SBL,Ever Bounce,True,0,0,0.0,0.0,0.0,,Ever Bounced,False,0.7,High
PR01953821,0.0,0,18668,972811,SBL,Ever Bounce,True,0,0,0.0,0.0,0.0,,Ever Bounced,False,0.7,High
PR01953920,0.0,0,16879,1278777,Home Loan,Ever Bounce,True,0,0,0.0,0.0,0.0,,Ever Bounced,False,0.7,High
PR01958479,0.0,0,8605,578359,ME,Ever Bounce,True,0,0,0.0,0.0,0.0,,Ever Bounced,False,0.7,High
PR01967956,0.0,0,8047,450490,ME,Ever Bounce,True,0,0,0.0,0.0,0.0,,Ever Bounced,False,0.7,High
PR01972062,0.0,0,18432,790992,SBL,Ever Bounce,True,0,0,0.0,0.0,0.0,,Ever Bounced,False,0.7,High
PR01972390,0.0,0,3604,194907,ME,Ever Bounce,False,1,0,0.0,1.0,3604.0,2026-09-17 11:21:37,Ever Bounced,False,0.7,High
PR01974254,0.0,0,23498,1315470,SBL,Ever Bounce,True,0,0,0.0,0.0,0.0,,Ever Bounced,False,0.7,High
PR01976055,0.0,0,15966,653907,SBL,Ever Bounce,True,0,0,0.0,0.0,0.0,,Ever Bounced,False,0.7,High
PR01976104,0.0,0,15696,1291087,Home Loan,Ever Bounce,True,0,0,0.0,0.0,0.0,,Ever Bounced,False,0.7,High
PR01976109,0.0,0,19601,1024830,SBL,Ever Bounce,True,0,0,0.0,0.0,0.0,,Ever Bounced,False,0.7,High
PR01979759,0.0,0,5925,264158,SBL,Ever Bounce,True,0,0,0.0,0.0,0.0,,Ever Bounced,False,0.7,High
PR01980864,0.0,0,15545,667103,SBL,Ever Bounce,True,0,0,0.0,0.0,0.0,,Ever Bounced,False,0.7,High
PR01981208,0.0,0,20534,1073634,SBL,Ever Bounce,False,1,0,0.0,1.0,20534.0,2026-09-12 19:09:50,Ever Bounced,False,0.7,High
PR01981460,0.0,0,8416,455146,SBL,Ever Bounce,True,0,0,0.0,0.0,0.0,,Ever Bounced,False,0.7,High
PR01981972,0.0,0,22401,1171235,SBL,Ever Bounce,True,0,0,0.0,0.0,0.0,,Ever Bounced,False,0.7,High
PR01982425,0.0,0,32773,2368507,ME,Ever Bounce,True,0,0,0.0,0.0,0.0,,Ever Bounced,False,0.7,High
PR01982695,0.0,0,14919,665144,SBL,Ever Bounce,True,0,0,0.0,0.0,0.0,,Ever Bounced,False,0.7,High
PR01982698,0.0,0,15074,762407,SBL,Ever Bounce,True,0,0,0.0,0.0,0.0,,Ever Bounced,False,0.7,High
PR01982948,0.0,0,15126,665807,SBL,Ever Bounce,False,1,0,0.0,1.0,15126.0,2026-09-11 07:21:03,Ever Bounced,False,0.7,High
PR01983832,0.0,0,27028,1461816,ME,Ever Bounce,True,0,0,0.0,0.0,0.0,,Ever Bounced,False,0.7,High
PR01983930,0.0,0,47943,3550470,ME,Ever Bounce,True,0,0,0.0,0.0,0.0,,Ever Bounced,False,0.7,High
PR01983968,0.0,0,18668,976025,SBL,Ever Bounce,True,0,0,0.0,0.0,0.0,,Ever Bounced,False,0.7,High
PR01984092,0.0,0,13374,723295,SBL,Ever Bounce,True,0,0,0.0,0.0,0.0,,Ever Bounced,False,0.7,High
PR01984371,0.0,0,12668,685098,SBL,Ever Bounce,True,0,0,0.0,0.0,0.0,,Ever Bounced,False,0.7,High
PR01985931,0.0,0,13996,685146,SBL,Ever Bounce,True,0,0,0.0,0.0,0.0,,Ever Bounced,False,0.7,High
PR01986050,0.0,0,21055,1265359,SBL,Ever Bounce,True,0,0,0.0,0.0,0.0,,Ever Bounced,False,0.7,High
PR01986086,0.0,0,13226,527028,Micro Loan,Ever Bounce,True,0,0,0.0,0.0,0.0,,Ever Bounced,False,0.7,High
PR01987070,0.0,0,43369,3290022,Co-Lending,Ever Bounce,True,0,0,0.0,0.0,0.0,,Ever Bounced,False,0.7,High
PR01987517,0.0,0,20994,1481243,ME,Ever Bounce,True,0,0,0.0,0.0,0.0,,Ever Bounced,False,0.7,High
PR01987601,0.0,0,12613,682181,SBL,Ever Bounce,True,0,0,0.0,0.0,0.0,,Ever Bounced,False,0.7,High
PR01987603,0.0,0,12840,682701,SBL,Ever Bounce,True,0,0,0.0,0.0,0.0,,Ever Bounced,False,0.7,High
PR01987634,0.0,0,13402,777068,ME,Ever Bounce,True,0,0,0.0,0.0,0.0,,Ever Bounced,False,0.7,High
PR01987833,0.0,0,18342,1465551,Home Loan,Ever Bounce,True,0,0,0.0,0.0,0.0,,Ever Bounced,False,0.7,High
PR01987865,0.0,0,14919,665144,SBL,Ever Bounce,True,0,0,0.0,0.0,0.0,,Ever Bounced,False,0.7,High
PR01987971,0.0,0,18583,1022462,SBL,Ever Bounce,True,0,0,0.0,0.0,0.0,,Ever Bounced,False,0.7,High
PR01987999,0.0,0,16834,670754,SBL,Ever Bounce,True,0,0,0.0,0.0,0.0,,Ever Bounced,False,0.7,High
PR01994313,0.0,0,15569,1049539,ME,Ever Bounce,True,0,0,0.0,0.0,0.0,,Ever Bounced,False,0.7,High
PR01998321,0.0,0,20534,1077114,SBL,Ever Bounce,True,0,0,0.0,0.0,0.0,,Ever Bounced,False,0.7,High
PR01998400,0.0,0,27028,1466841,SBL,Ever Bounce,True,0,0,0.0,0.0,0.0,,Ever Bounced,False,0.7,High
PR01999632,0.0,0,8769,444815,SBL,Ever Bounce,True,0,0,0.0,0.0,0.0,,Ever Bounced,False,0.7,High
PR02006946,0.0,0,22401,1175031,SBL,Ever Bounce,True,0,0,0.0,0.0,0.0,,Ever Bounced,False,0.7,High
PR02008299,0.0,0,13996,686719,SBL,Ever Bounce,True,0,0,0.0,0.0,0.0,,Ever Bounced,False,0.7,High
PR02009249,0.0,0,12613,684526,SBL,Ever Bounce,True,0,0,0.0,0.0,0.0,,Ever Bounced,False,0.7,High
PR02013729,0.0,0,16508,880694,SBL,Ever Bounce,True,0,0,0.0,0.0,0.0,,Ever Bounced,False,0.7,High
PR02015671,0.0,0,14919,669738,SBL,Ever Bounce,True,0,0,0.0,0.0,0.0,,Ever Bounced,False,0.7,High
PR02015721,0.0,0,6889,464369,ME,Ever Bounce,True,0,0,0.0,0.0,0.0,,Ever Bounced,False,0.7,High
PR02015753,0.0,0,9676,525131,SBL,Ever Bounce,True,0,0,0.0,0.0,0.0,,Ever Bounced,False,0.7,High
PR02019481,0.0,0,22401,1175031,SBL,Ever Bounce,True,0,0,0.0,0.0,0.0,,Ever Bounced,False,0.7,High
PR02019502,0.0,0,20102,1170112,SBL,Ever Bounce,True,0,0,0.0,0.0,0.0,,Ever Bounced,False,0.7,High
PR02021444,0.0,0,16399,673625,Micro Loan,Ever Bounce,True,0,0,0.0,0.0,0.0,,Ever Bounced,False,0.7,High
PR02021500,0.0,0,17509,983729,SBL,Ever Bounce,True,0,0,0.0,0.0,0.0,,Ever Bounced,False,0.7,High
PR02021555,0.0,0,16399,673625,SBL,Ever Bounce,True,0,0,0.0,0.0,0.0,,Ever Bounced,False,0.7,High
PR02021580,0.0,0,19448,861839,SBL,Ever Bounce,True,0,0,0.0,0.0,0.0,,Ever Bounced,False,0.7,High
PR02022503,0.0,0,13514,733421,SBL,Ever Bounce,True,0,0,0.0,0.0,0.0,,Ever Bounced,False,0.7,High
PR02022980,0.0,0,13068,685430,SBL,Ever Bounce,True,0,0,0.0,0.0,0.0,,Ever Bounced,False,0.7,High
PR02023079,0.0,0,10239,585489,ME,Ever Bounce,True,0,0,0.0,0.0,0.0,,Ever Bounced,False,0.7,High
PR02023112,0.0,0,19466,1093709,SBL,Ever Bounce,True,0,0,0.0,0.0,0.0,,Ever Bounced,False,0.7,High
PR02023438,0.0,0,15126,670320,SBL,Ever Bounce,True,0,0,0.0,0.0,0.0,,Ever Bounced,False,0.7,High
PR02023584,0.0,0,35396,1954440,SBL,Ever Bounce,True,0,0,0.0,0.0,0.0,,Ever Bounced,False,0.7,High
PR02037327,0.0,0,29731,1618969,SBL,Ever Bounce,False,1,0,0.0,1.0,29731.0,2026-09-09 16:37:25,Ever Bounced,False,0.7,High
PR02048710,0.0,0,25967,1976863,Co-Lending,Ever Bounce,True,0,0,0.0,0.0,0.0,,Ever Bounced,False,0.7,High
PR02049072,0.0,0,18423,1038823,SBL,Ever Bounce,True,0,0,0.0,0.0,0.0,,Ever Bounced,False,0.7,High
PR02049692,0.0,0,14159,784490,SBL,Ever Bounce,True,0,0,0.0,0.0,0.0,,Ever Bounced,False,0.7,High
PR02054601,0.0,0,30042,1456864,SBL,Ever Bounce,True,0,0,0.0,0.0,0.0,,Ever Bounced,False,0.7,High
PR02056602,0.0,0,6998,495370,ME,Ever Bounce,True,0,0,0.0,0.0,0.0,,Ever Bounced,False,0.7,High
PR02058218,0.0,0,21777,1272433,SBL,Ever Bounce,True,0,0,0.0,0.0,0.0,,Ever Bounced,False,0.7,High
PR02058655,0.0,0,34754,2453731,Co-Lending,Ever Bounce,True,0,0,0.0,0.0,0.0,,Ever Bounced,False,0.7,High
PR02059897,0.0,0,9594,531534,SBL,Ever Bounce,True,0,0,0.0,0.0,0.0,,Ever Bounced,False,0.7,High
PR02059919,0.0,0,15764,721880,SBL,Ever Bounce,True,0,0,0.0,0.0,0.0,,Ever Bounced,False,0.7,High
PR02060177,0.0,0,6979,393477,SBL,Ever Bounce,True,0,0,0.0,0.0,0.0,,Ever Bounced,False,0.7,High
PR02060256,0.0,0,16141,863947,SBL,Ever Bounce,True,0,0,0.0,0.0,0.0,,Ever Bounced,False,0.7,High
PR02065482,0.0,0,14804,1156875,Home Loan,Ever Bounce,False,1,0,0.0,1.0,14804.0,2026-09-14 08:17:24,Ever Bounced,False,0.7,High
PR02071496,0.0,0,17475,988830,SBL,Ever Bounce,True,0,0,0.0,0.0,0.0,,Ever Bounced,False,0.7,High
PR02079723,0.0,0,33503,1964896,ME,Ever Bounce,False,1,0,0.0,1.0,33503.0,2026-09-10 14:25:48,Ever Bounced,False,0.7,High
PR02079795,0.0,0,5302,2143,SBL,Ever Bounce,True,0,0,0.0,0.0,0.0,,Ever Bounced,False,0.7,High
PR02089327,0.0,0,33849,1985204,ME,Ever Bounce,True,0,0,0.0,0.0,0.0,,Ever Bounced,False,0.7,High
PR02095088,0.0,0,16349,893229,SBL,Ever Bounce,True,0,0,0.0,0.0,0.0,,Ever Bounced,False,0.7,High
PR02095120,0.0,0,7208,393776,SBL,Ever Bounce,True,0,0,0.0,0.0,0.0,,Ever Bounced,False,0.7,High
PR02095361,0.0,0,28478,1670158,ME,Ever Bounce,True,0,0,0.0,0.0,0.0,,Ever Bounced,False,0.7,High
PR02200898,0.0,0,7253,396470,SBL,Ever Bounce,True,0,0,0.0,0.0,0.0,,Ever Bounced,False,0.7,High
PR02215363,0.0,0,19440,1111259,SBL,Ever Bounce,True,0,0,0.0,0.0,0.0,,Ever Bounced,False,0.7,High
PR01125846,0.0,0,9993,303322,Micro Loan,Ever Bounce,True,0,0,0.0,0.0,0.0,,Ever Bounced,False,0.7,High
PR01144925,0.0,0,5549,252643,Micro Loan,Ever Bounce,True,0,0,0.0,0.0,0.0,,Ever Bounced,False,0.7,High
PR01157254,0.0,0,13904,682993,SBL,Ever Bounce,True,0,0,0.0,0.0,0.0,,Ever Bounced,False,0.7,High
PR01190675,0.0,0,12166,590422,SBL,Ever Bounce,True,0,0,0.0,0.0,0.0,,Ever Bounced,False,0.7,High
PR01208174,0.0,0,10886,331227,Micro Loan,Ever Bounce,True,0,0,0.0,0.0,0.0,,Ever Bounced,False,0.7,High
PR01298511,0.0,0,18019,862357,SBL,Ever Bounce,True,0,0,0.0,0.0,0.0,,Ever Bounced,False,0.7,High
PR01316994,0.0,0,14494,659772,SBL,Ever Bounce,True,0,0,0.0,0.0,0.0,,Ever Bounced,False,0.7,High
PR01319174,0.0,0,6844,226794,Micro Loan,Ever Bounce,True,0,0,0.0,0.0,0.0,,Ever Bounced,False,0.7,High
PR01336547,0.0,0,12742,625838,SBL,Ever Bounce,True,0,0,0.0,0.0,0.0,,Ever Bounced,False,0.7,High
PR01337671,0.0,0,12166,606200,SBL,Ever Bounce,True,0,0,0.0,0.0,0.0,,Ever Bounced,False,0.7,High
